{
  "type": "FeatureCollection",
  "name": "Cebu City 80 Barangays",
  "crs": {
    "type": "name",
    "properties": {
      "name": "urn:ogc:def:crs:OGC:1.3:CRS84"
    }
  },
  "features": [
    {
      "type": "Feature",
      "properties": {
        "adm4_name": "Adlaon",
        "adm4_name1": null,
        "adm4_name2": null,
        "adm4_name3": null,
        "adm4_pcode": "PH0702217001",
        "adm3_name": "Cebu City (Capital)",
        "adm3_name1": null,
        "adm3_name2": null,
        "adm3_name3": null,
        "adm3_pcode": "PH0702217",
        "adm2_name": "Cebu",
        "adm2_name1": null,
        "adm2_name2": null,
        "adm2_name3": null,
        "adm2_pcode": "PH07022",
        "adm1_name": "Region VII (Central Visayas)",
        "adm1_name1": null,
        "adm1_name2": null,
        "adm1_name3": null,
        "adm1_pcode": "PH07",
        "adm0_name": "Philippines",
        "adm0_name1": null,
        "adm0_name2": null,
        "adm0_name3": null,
        "adm0_pcode": "PH",
        "valid_on": "2025-02-13",
        "valid_to": null,
        "area_sqkm": 10.56828943,
        "version": "v03",
        "lang": "en",
        "lang1": null,
        "lang2": null,
        "lang3": null,
        "adm4_ref_name": "Adlaon",
        "center_lat": 10.44737003,
        "center_lon": 123.87253904
      },
      "geometry": {
        "type": "Polygon",
        "coordinates": [
          [
            [
              123.87480827300033,
              10.463768440000024
            ],
            [
              123.87330319600005,
              10.464770179000027
            ],
            [
              123.87127133100012,
              10.462995692
            ],
            [
              123.8589484480002,
              10.452087373000097
            ],
            [
              123.85753511700023,
              10.450837604000185
            ],
            [
              123.85418307200007,
              10.438926000000151
            ],
            [
              123.85532150000029,
              10.432903926000108
            ],
            [
              123.86123207300022,
              10.4311100110001
            ],
            [
              123.86383171400007,
              10.430173525999976
            ],
            [
              123.86870211200005,
              10.428668567999978
            ],
            [
              123.8708725900002,
              10.428014426000061
            ],
            [
              123.87993107000011,
              10.433937239999977
            ],
            [
              123.879999601,
              10.434031595000079
            ],
            [
              123.88310790800006,
              10.439080898000157
            ],
            [
              123.88627803700001,
              10.443902458000139
            ],
            [
              123.89513866300013,
              10.457614356000079
            ],
            [
              123.88661768100008,
              10.4579647380001
            ],
            [
              123.88639613000032,
              10.457951858000115
            ],
            [
              123.88612006600022,
              10.457943522000164
            ],
            [
              123.88585607300013,
              10.458095555
            ],
            [
              123.88573902100006,
              10.458573001000104
            ],
            [
              123.88559485900021,
              10.45865879900009
            ],
            [
              123.88517467600002,
              10.458741004000046
            ],
            [
              123.8847547900001,
              10.458877408000149
            ],
            [
              123.88447758000007,
              10.45873068100019
            ],
            [
              123.88417603900007,
              10.458690583000077
            ],
            [
              123.88385894100008,
              10.458815145000074
            ],
            [
              123.88359968000009,
              10.458791697000095
            ],
            [
              123.88294081900017,
              10.458832649000101
            ],
            [
              123.88276937800026,
              10.458967201
            ],
            [
              123.88268936000009,
              10.459096725999984
            ],
            [
              123.88257155600024,
              10.459181197000134
            ],
            [
              123.88235968600009,
              10.459178269000063
            ],
            [
              123.88221737500021,
              10.459386509000069
            ],
            [
              123.8819280920003,
              10.459568387000047
            ],
            [
              123.88161255300008,
              10.459540641000046
            ],
            [
              123.88131108000005,
              10.459665668000184
            ],
            [
              123.88128531500013,
              10.459840232000033
            ],
            [
              123.87972671200009,
              10.460767808000071
            ],
            [
              123.87616103200025,
              10.462892488000023
            ],
            [
              123.87480827300033,
              10.463768440000024
            ]
          ]
        ]
      }
    },
    {
      "type": "Feature",
      "properties": {
        "adm4_name": "Agsungot",
        "adm4_name1": null,
        "adm4_name2": null,
        "adm4_name3": null,
        "adm4_pcode": "PH0702217002",
        "adm3_name": "Cebu City (Capital)",
        "adm3_name1": null,
        "adm3_name2": null,
        "adm3_name3": null,
        "adm3_pcode": "PH0702217",
        "adm2_name": "Cebu",
        "adm2_name1": null,
        "adm2_name2": null,
        "adm2_name3": null,
        "adm2_pcode": "PH07022",
        "adm1_name": "Region VII (Central Visayas)",
        "adm1_name1": null,
        "adm1_name2": null,
        "adm1_name3": null,
        "adm1_pcode": "PH07",
        "adm0_name": "Philippines",
        "adm0_name1": null,
        "adm0_name2": null,
        "adm0_name3": null,
        "adm0_pcode": "PH",
        "valid_on": "2025-02-13",
        "valid_to": null,
        "area_sqkm": 3.14114593,
        "version": "v03",
        "lang": "en",
        "lang1": null,
        "lang2": null,
        "lang3": null,
        "adm4_ref_name": "Agsungot",
        "center_lat": 10.43945529,
        "center_lon": 123.90514608
      },
      "geometry": {
        "type": "Polygon",
        "coordinates": [
          [
            [
              123.90470632700021,
              10.44886458200017
            ],
            [
              123.9023175210001,
              10.449723774
            ],
            [
              123.89833972100007,
              10.446220335000135
            ],
            [
              123.89786454900002,
              10.445803979000175
            ],
            [
              123.89772034400005,
              10.445676755000136
            ],
            [
              123.8966270110003,
              10.444713858000114
            ],
            [
              123.89641606300006,
              10.443488203000015
            ],
            [
              123.89673475100017,
              10.442508702999987
            ],
            [
              123.89739010900007,
              10.44023383700005
            ],
            [
              123.89752808000003,
              10.439711522000096
            ],
            [
              123.89765948000002,
              10.439199061000068
            ],
            [
              123.89774899600002,
              10.438914087000114
            ],
            [
              123.8977964290001,
              10.438777925000068
            ],
            [
              123.89792310100006,
              10.438368776
            ],
            [
              123.89794281100012,
              10.438283366000064
            ],
            [
              123.89800194100008,
              10.438069841000072
            ],
            [
              123.89889376800022,
              10.435198907000029
            ],
            [
              123.90455661300007,
              10.429177023000022
            ],
            [
              123.90461609200008,
              10.429224557000055
            ],
            [
              123.90478054700009,
              10.42918864
            ],
            [
              123.9117675350002,
              10.428967840000041
            ],
            [
              123.91222860100015,
              10.429251094000051
            ],
            [
              123.91439826600015,
              10.430569575000163
            ],
            [
              123.91377802700003,
              10.435547944000064
            ],
            [
              123.91323639500001,
              10.437504582000088
            ],
            [
              123.91091758500022,
              10.445912076000127
            ],
            [
              123.90470632700021,
              10.44886458200017
            ]
          ]
        ]
      }
    },
    {
      "type": "Feature",
      "properties": {
        "adm4_name": "Apas",
        "adm4_name1": null,
        "adm4_name2": null,
        "adm4_name3": null,
        "adm4_pcode": "PH0702217003",
        "adm3_name": "Cebu City (Capital)",
        "adm3_name1": null,
        "adm3_name2": null,
        "adm3_name3": null,
        "adm3_pcode": "PH0702217",
        "adm2_name": "Cebu",
        "adm2_name1": null,
        "adm2_name2": null,
        "adm2_name3": null,
        "adm2_pcode": "PH07022",
        "adm1_name": "Region VII (Central Visayas)",
        "adm1_name1": null,
        "adm1_name2": null,
        "adm1_name3": null,
        "adm1_pcode": "PH07",
        "adm0_name": "Philippines",
        "adm0_name1": null,
        "adm0_name2": null,
        "adm0_name3": null,
        "adm0_pcode": "PH",
        "valid_on": "2025-02-13",
        "valid_to": null,
        "area_sqkm": 1.92462302,
        "version": "v03",
        "lang": "en",
        "lang1": null,
        "lang2": null,
        "lang3": null,
        "adm4_ref_name": "Apas",
        "center_lat": 10.33834578,
        "center_lon": 123.90495885
      },
      "geometry": {
        "type": "Polygon",
        "coordinates": [
          [
            [
              123.90387771200005,
              10.347049655999967
            ],
            [
              123.90359992400022,
              10.34714528700016
            ],
            [
              123.90343842900006,
              10.347118506000186
            ],
            [
              123.90232944400009,
              10.346933196000123
            ],
            [
              123.90178667800012,
              10.346928729000183
            ],
            [
              123.90084603000003,
              10.34692098700009
            ],
            [
              123.89952137900002,
              10.346807025999965
            ],
            [
              123.8990083000001,
              10.345872911000072
            ],
            [
              123.89886704200012,
              10.345606090000103
            ],
            [
              123.89867869800003,
              10.345331422000129
            ],
            [
              123.89877287000013,
              10.34506460100016
            ],
            [
              123.89863946000014,
              10.344891952000182
            ],
            [
              123.89852174400016,
              10.34478993300013
            ],
            [
              123.89853486200002,
              10.344661086000087
            ],
            [
              123.89839859900019,
              10.344500777
            ],
            [
              123.89787861000002,
              10.343552597000098
            ],
            [
              123.89758621600004,
              10.343693921000067
            ],
            [
              123.8967279310001,
              10.343986572
            ],
            [
              123.8960020930001,
              10.344507911000107
            ],
            [
              123.89575924800022,
              10.344850830000155
            ],
            [
              123.89506841900015,
              10.344524369000055
            ],
            [
              123.89533397100013,
              10.344235487000105
            ],
            [
              123.89690591600004,
              10.34233129200004
            ],
            [
              123.8977329510002,
              10.34144071600008
            ],
            [
              123.89841888500007,
              10.338717906
            ],
            [
              123.89899728700016,
              10.335937475000094
            ],
            [
              123.89924818100008,
              10.335750678000181
            ],
            [
              123.89943871100024,
              10.335610654000163
            ],
            [
              123.90013349200012,
              10.335096994000082
            ],
            [
              123.90039808800009,
              10.33477014100015
            ],
            [
              123.90159496200022,
              10.333948837000037
            ],
            [
              123.9024525960001,
              10.333353775000035
            ],
            [
              123.90317634300004,
              10.33286349500014
            ],
            [
              123.90444212900002,
              10.33196360400018
            ],
            [
              123.90485509200016,
              10.33294247100008
            ],
            [
              123.90537222500006,
              10.332724941000038
            ],
            [
              123.9066755030002,
              10.332128260000104
            ],
            [
              123.90697907700007,
              10.331845622
            ],
            [
              123.9084494870001,
              10.330960025000024
            ],
            [
              123.90878337900017,
              10.330688504000022
            ],
            [
              123.90960174900022,
              10.330043009000178
            ],
            [
              123.91009504500016,
              10.331375957000148
            ],
            [
              123.91032356300025,
              10.332146149000096
            ],
            [
              123.91037842700018,
              10.332331062000037
            ],
            [
              123.91047288800007,
              10.332950305
            ],
            [
              123.91054522100012,
              10.33332478300008
            ],
            [
              123.91059182700008,
              10.333566026000085
            ],
            [
              123.91059883600019,
              10.333601036000118
            ],
            [
              123.91070379300027,
              10.334272758000111
            ],
            [
              123.91091370600031,
              10.335395793000032
            ],
            [
              123.91103965400009,
              10.336088506000067
            ],
            [
              123.91114461000006,
              10.336728741
            ],
            [
              123.91122857500034,
              10.337190550000116
            ],
            [
              123.91125898000007,
              10.337409464000132
            ],
            [
              123.91128105400003,
              10.33756839400013
            ],
            [
              123.91128789000004,
              10.33760593400001
            ],
            [
              123.91135441100027,
              10.337973650000094
            ],
            [
              123.91170088000013,
              10.339898429000073
            ],
            [
              123.91172187100017,
              10.340045368000062
            ],
            [
              123.91173236700013,
              10.340192307000052
            ],
            [
              123.91160301900004,
              10.340261579000128
            ],
            [
              123.91153038900006,
              10.340398769000103
            ],
            [
              123.91136092000022,
              10.34048753900015
            ],
            [
              123.91116724000017,
              10.340535957999975
            ],
            [
              123.91102198000021,
              10.340624728000023
            ],
            [
              123.9109654900002,
              10.340673148000121
            ],
            [
              123.91090093000014,
              10.340745778000098
            ],
            [
              123.91075567100029,
              10.340810338000153
            ],
            [
              123.9105781310002,
              10.34089910800003
            ],
            [
              123.91049743100007,
              10.341100857000072
            ],
            [
              123.91030375200012,
              10.341221906999976
            ],
            [
              123.91021498200007,
              10.341318747000173
            ],
            [
              123.90997288200015,
              10.3414317270001
            ],
            [
              123.90987604200006,
              10.34157698600012
            ],
            [
              123.90965815300012,
              10.341464007000127
            ],
            [
              123.90939991300002,
              10.341601196
            ],
            [
              123.90927886300017,
              10.341770666000173
            ],
            [
              123.90925465400005,
              10.341996626000025
            ],
            [
              123.90935149300014,
              10.342238725000072
            ],
            [
              123.90918202400007,
              10.342577665000078
            ],
            [
              123.9088753640001,
              10.342795554000077
            ],
            [
              123.90873817500017,
              10.34299730400005
            ],
            [
              123.90841537500012,
              10.343086074000155
            ],
            [
              123.90814906600019,
              10.34313449300015
            ],
            [
              123.90768100700006,
              10.343231333000176
            ],
            [
              123.90749539700005,
              10.343529923000176
            ],
            [
              123.90730171700011,
              10.343763952000074
            ],
            [
              123.90704722400017,
              10.34372531200006
            ],
            [
              123.90702445400007,
              10.343843713000012
            ],
            [
              123.90706088500008,
              10.343934791000095
            ],
            [
              123.90700623900022,
              10.344066854000118
            ],
            [
              123.90688328300018,
              10.344176146999985
            ],
            [
              123.90694703800023,
              10.344312764
            ],
            [
              123.90676488200006,
              10.344444827000189
            ],
            [
              123.90663737300008,
              10.344590552000113
            ],
            [
              123.90655995700024,
              10.344763600000022
            ],
            [
              123.90635958500002,
              10.344872893000115
            ],
            [
              123.90609090500016,
              10.344991295000113
            ],
            [
              123.90580401000011,
              10.345123358000137
            ],
            [
              123.90568105500017,
              10.345223543000145
            ],
            [
              123.90541692900001,
              10.345428469000069
            ],
            [
              123.90502984800003,
              10.345565086000079
            ],
            [
              123.90472473700027,
              10.345637948000046
            ],
            [
              123.90455624300023,
              10.345879304000164
            ],
            [
              123.90449248800019,
              10.346179861000053
            ],
            [
              123.90440596400015,
              10.346448541000086
            ],
            [
              123.90417371500018,
              10.346648913000138
            ],
            [
              123.90403254400007,
              10.346726329000148
            ],
            [
              123.90401432900012,
              10.346935808000183
            ],
            [
              123.90387771200005,
              10.347049655999967
            ]
          ]
        ]
      }
    },
    {
      "type": "Feature",
      "properties": {
        "adm4_name": "Babag",
        "adm4_name1": null,
        "adm4_name2": null,
        "adm4_name3": null,
        "adm4_pcode": "PH0702217004",
        "adm3_name": "Cebu City (Capital)",
        "adm3_name1": null,
        "adm3_name2": null,
        "adm3_name3": null,
        "adm3_pcode": "PH0702217",
        "adm2_name": "Cebu",
        "adm2_name1": null,
        "adm2_name2": null,
        "adm2_name3": null,
        "adm2_pcode": "PH07022",
        "adm1_name": "Region VII (Central Visayas)",
        "adm1_name1": null,
        "adm1_name2": null,
        "adm1_name3": null,
        "adm1_pcode": "PH07",
        "adm0_name": "Philippines",
        "adm0_name1": null,
        "adm0_name2": null,
        "adm0_name3": null,
        "adm0_pcode": "PH",
        "valid_on": "2025-02-13",
        "valid_to": null,
        "area_sqkm": 9.12730223,
        "version": "v03",
        "lang": "en",
        "lang1": null,
        "lang2": null,
        "lang3": null,
        "adm4_ref_name": "Babag",
        "center_lat": 10.3716887,
        "center_lon": 123.85286477
      },
      "geometry": {
        "type": "Polygon",
        "coordinates": [
          [
            [
              123.8578026020001,
              10.389195464000181
            ],
            [
              123.85791023500019,
              10.389968585000076
            ],
            [
              123.85682409900005,
              10.389723291000053
            ],
            [
              123.85645240600024,
              10.389639606000117
            ],
            [
              123.8556563520001,
              10.389452301000176
            ],
            [
              123.845056182,
              10.387044666000179
            ],
            [
              123.84502208900017,
              10.38703687300017
            ],
            [
              123.84338483100021,
              10.386209169999972
            ],
            [
              123.8432128720001,
              10.386111889
            ],
            [
              123.84094062200006,
              10.385004154000114
            ],
            [
              123.83948303500017,
              10.384269684000117
            ],
            [
              123.83448916000009,
              10.381775030000085
            ],
            [
              123.83409930000016,
              10.381577982000124
            ],
            [
              123.8338726830001,
              10.38146406900006
            ],
            [
              123.83596431400008,
              10.378775460000043
            ],
            [
              123.83960138600025,
              10.37409829000012
            ],
            [
              123.84059611100008,
              10.37281858700004
            ],
            [
              123.84102249600005,
              10.37226838099997
            ],
            [
              123.84184829900005,
              10.37110901699998
            ],
            [
              123.84047077800005,
              10.366180751000059
            ],
            [
              123.84342489100015,
              10.361596255
            ],
            [
              123.84823010200012,
              10.354139035000117
            ],
            [
              123.85448961700013,
              10.355525625999974
            ],
            [
              123.86078951700006,
              10.356824575000076
            ],
            [
              123.86374754700012,
              10.357448534000127
            ],
            [
              123.86910278800019,
              10.358578155000032
            ],
            [
              123.87653608700009,
              10.360152342000163
            ],
            [
              123.86778510700015,
              10.362345755000035
            ],
            [
              123.86732446300005,
              10.365008253000042
            ],
            [
              123.86385314600011,
              10.372660908000057
            ],
            [
              123.86110232600004,
              10.378728551
            ],
            [
              123.85898389800013,
              10.38340129
            ],
            [
              123.85766613800013,
              10.385447648000024
            ],
            [
              123.85727937800016,
              10.386121790000061
            ],
            [
              123.8571442360003,
              10.386444778000111
            ],
            [
              123.85724819300015,
              10.38692926900012
            ],
            [
              123.85712665100004,
              10.387027443000079
            ],
            [
              123.85694520900006,
              10.386939204000157
            ],
            [
              123.85677564600019,
              10.386849199000096
            ],
            [
              123.85658586500006,
              10.386865039000156
            ],
            [
              123.85701558900007,
              10.387558302000059
            ],
            [
              123.85783654500028,
              10.388217248000046
            ],
            [
              123.85792786400009,
              10.388746371000025
            ],
            [
              123.8578026020001,
              10.389195464000181
            ]
          ]
        ]
      }
    },
    {
      "type": "Feature",
      "properties": {
        "adm4_name": "Basak Pardo",
        "adm4_name1": null,
        "adm4_name2": null,
        "adm4_name3": null,
        "adm4_pcode": "PH0702217005",
        "adm3_name": "Cebu City (Capital)",
        "adm3_name1": null,
        "adm3_name2": null,
        "adm3_name3": null,
        "adm3_pcode": "PH0702217",
        "adm2_name": "Cebu",
        "adm2_name1": null,
        "adm2_name2": null,
        "adm2_name3": null,
        "adm2_pcode": "PH07022",
        "adm1_name": "Region VII (Central Visayas)",
        "adm1_name1": null,
        "adm1_name2": null,
        "adm1_name3": null,
        "adm1_pcode": "PH07",
        "adm0_name": "Philippines",
        "adm0_name1": null,
        "adm0_name2": null,
        "adm0_name3": null,
        "adm0_pcode": "PH",
        "valid_on": "2025-02-13",
        "valid_to": null,
        "area_sqkm": 2.28002648,
        "version": "v03",
        "lang": "en",
        "lang1": null,
        "lang2": null,
        "lang3": null,
        "adm4_ref_name": "Basak Pardo",
        "center_lat": 10.28089064,
        "center_lon": 123.87771071
      },
      "geometry": {
        "type": "Polygon",
        "coordinates": [
          [
            [
              123.86243805900017,
              10.292904975999988
            ],
            [
              123.86183246000007,
              10.293053894000082
            ],
            [
              123.86169826500009,
              10.293046537000066
            ],
            [
              123.86157465400004,
              10.293039469
            ],
            [
              123.86130628400008,
              10.29297447100015
            ],
            [
              123.86125629000003,
              10.29296294
            ],
            [
              123.86090917000001,
              10.292875192000054
            ],
            [
              123.86100171300018,
              10.292549528000109
            ],
            [
              123.86105158500004,
              10.292452653000169
            ],
            [
              123.86108498000021,
              10.292345612000076
            ],
            [
              123.86130499700005,
              10.291445890000091
            ],
            [
              123.8612007380002,
              10.291275743000142
            ],
            [
              123.86104997900009,
              10.29076314200006
            ],
            [
              123.86103186000025,
              10.290701977000083
            ],
            [
              123.86054019200026,
              10.290475160000028
            ],
            [
              123.86048890100005,
              10.290447634999964
            ],
            [
              123.86078311300002,
              10.289605863000133
            ],
            [
              123.86113453200005,
              10.28972027900005
            ],
            [
              123.86150921600017,
              10.288866389000077
            ],
            [
              123.86140255600003,
              10.288686709000103
            ],
            [
              123.86078067500034,
              10.287640120000106
            ],
            [
              123.86075104600013,
              10.28758905799998
            ],
            [
              123.86089474500022,
              10.287198470000021
            ],
            [
              123.86097480600017,
              10.287228276000178
            ],
            [
              123.86128655400023,
              10.287362469000186
            ],
            [
              123.86139441000023,
              10.287110215999974
            ],
            [
              123.8612318170002,
              10.287033848000078
            ],
            [
              123.86120179400007,
              10.287019577000024
            ],
            [
              123.86107816700007,
              10.286542548000114
            ],
            [
              123.86019300900023,
              10.285564342000157
            ],
            [
              123.85978832900014,
              10.285111347000054
            ],
            [
              123.86003837700002,
              10.284920380000187
            ],
            [
              123.85993114700022,
              10.28479330700003
            ],
            [
              123.85989833300005,
              10.28475308500009
            ],
            [
              123.85985097800005,
              10.284696656000108
            ],
            [
              123.86004037700002,
              10.28465914800006
            ],
            [
              123.86059865200014,
              10.284554646000117
            ],
            [
              123.86062445500022,
              10.284386926000082
            ],
            [
              123.86068466200015,
              10.284275113000149
            ],
            [
              123.86073467500012,
              10.284203671000114
            ],
            [
              123.86077381200005,
              10.284152958999982
            ],
            [
              123.86085359300034,
              10.28408841900017
            ],
            [
              123.86092573400003,
              10.284049030000176
            ],
            [
              123.8609824790002,
              10.284021987000187
            ],
            [
              123.86105020600019,
              10.283974077000096
            ],
            [
              123.86118782300014,
              10.283991279000134
            ],
            [
              123.86138564700013,
              10.284077289000152
            ],
            [
              123.86151837800003,
              10.284161080000047
            ],
            [
              123.86169617100006,
              10.283928082000102
            ],
            [
              123.86186807200022,
              10.283769526000128
            ],
            [
              123.86302118000003,
              10.282769679000126
            ],
            [
              123.86302535000004,
              10.282673076000037
            ],
            [
              123.86302846000012,
              10.28243193700007
            ],
            [
              123.86303944300005,
              10.28224522700009
            ],
            [
              123.86308703600014,
              10.282153702000016
            ],
            [
              123.86311266300004,
              10.282029228000056
            ],
            [
              123.86315293400025,
              10.28182421300005
            ],
            [
              123.86321102500017,
              10.281607977000078
            ],
            [
              123.86321678500008,
              10.281589893000046
            ],
            [
              123.86329322000017,
              10.28132400100003
            ],
            [
              123.8633553300001,
              10.281109572000162
            ],
            [
              123.86343921600019,
              10.280827226000042
            ],
            [
              123.86357031400019,
              10.280385144000093
            ],
            [
              123.86366379700019,
              10.280026058000033
            ],
            [
              123.86371787500002,
              10.279821651000077
            ],
            [
              123.8637027650002,
              10.279728222000074
            ],
            [
              123.86370625900008,
              10.27964471600012
            ],
            [
              123.86378565600023,
              10.27955470000012
            ],
            [
              123.86381023700005,
              10.279526274999967
            ],
            [
              123.8638889550001,
              10.279451218000077
            ],
            [
              123.8639657550001,
              10.279420093000056
            ],
            [
              123.86414013100011,
              10.279382642000087
            ],
            [
              123.86419631600006,
              10.279400637000094
            ],
            [
              123.86426236300008,
              10.27941036500016
            ],
            [
              123.86447886800022,
              10.279348400000117
            ],
            [
              123.86461657400002,
              10.27930660200019
            ],
            [
              123.86474104700017,
              10.279268311000124
            ],
            [
              123.86488151600008,
              10.279206915000032
            ],
            [
              123.86492302900012,
              10.279193705000182
            ],
            [
              123.86494315800007,
              10.27915168900006
            ],
            [
              123.86491753100017,
              10.279023555000151
            ],
            [
              123.86491753100017,
              10.27893935200018
            ],
            [
              123.86493949700002,
              10.278869793000013
            ],
            [
              123.86501271700001,
              10.278884437000158
            ],
            [
              123.86507129300026,
              10.278847827000163
            ],
            [
              123.86506397100004,
              10.278778268000167
            ],
            [
              123.86501637800006,
              10.278697726000075
            ],
            [
              123.86502003900011,
              10.278606202000162
            ],
            [
              123.86497244600002,
              10.27852566000007
            ],
            [
              123.86492119200022,
              10.27849271100007
            ],
            [
              123.86491020900007,
              10.278397525
            ],
            [
              123.86499075100016,
              10.278331627000057
            ],
            [
              123.86508227600007,
              10.278236441000047
            ],
            [
              123.86504200500019,
              10.278181527000072
            ],
            [
              123.86497244600002,
              10.278148578000128
            ],
            [
              123.86483699000019,
              10.277595768000026
            ],
            [
              123.86482966800008,
              10.277518887000156
            ],
            [
              123.86497610700007,
              10.277416379000044
            ],
            [
              123.86514085200008,
              10.27731387200015
            ],
            [
              123.86532024000019,
              10.277141805000042
            ],
            [
              123.86536417200011,
              10.277068585000052
            ],
            [
              123.86543373100005,
              10.27701000900015
            ],
            [
              123.86564240800021,
              10.277031975
            ],
            [
              123.86595359200021,
              10.276911163000136
            ],
            [
              123.86600850700017,
              10.27684160399997
            ],
            [
              123.8663965720001,
              10.276680520000184
            ],
            [
              123.86725820400011,
              10.276376056
            ],
            [
              123.86669545000007,
              10.27595774200006
            ],
            [
              123.8665187390003,
              10.275541750000059
            ],
            [
              123.87971966900011,
              10.269617817000096
            ],
            [
              123.88109505500006,
              10.268757957000048
            ],
            [
              123.8815095550002,
              10.269233901000177
            ],
            [
              123.88152563200003,
              10.26924774300005
            ],
            [
              123.88155175600002,
              10.269285311000147
            ],
            [
              123.8816321380001,
              10.26937626900002
            ],
            [
              123.8816622810001,
              10.26942372700006
            ],
            [
              123.88167032000013,
              10.269453386000123
            ],
            [
              123.88167634900003,
              10.269518638000022
            ],
            [
              123.88167634900003,
              10.269536435000134
            ],
            [
              123.88167233000013,
              10.269568072000027
            ],
            [
              123.88166027300008,
              10.269607619000169
            ],
            [
              123.88163616000008,
              10.26972626000014
            ],
            [
              123.88162209200004,
              10.26975915800017
            ],
            [
              123.88144123500024,
              10.270285133000073
            ],
            [
              123.88142515900017,
              10.27028118000004
            ],
            [
              123.88141535400018,
              10.270304249000048
            ],
            [
              123.88141736400019,
              10.270308204000116
            ],
            [
              123.88142741200011,
              10.27031809100015
            ],
            [
              123.88143545000003,
              10.270333910000147
            ],
            [
              123.88143746100013,
              10.270357637000075
            ],
            [
              123.88142942200011,
              10.270381365000048
            ],
            [
              123.88142942200011,
              10.270413002999987
            ],
            [
              123.88155992800023,
              10.27054992900014
            ],
            [
              123.88159007100012,
              10.270547950000093
            ],
            [
              123.88162021500011,
              10.270551905000161
            ],
            [
              123.8816362900003,
              10.270563769000034
            ],
            [
              123.88165638600003,
              10.270589475000065
            ],
            [
              123.88166643400018,
              10.270607270000028
            ],
            [
              123.8816704530002,
              10.270629021000104
            ],
            [
              123.8816704530002,
              10.27064879500017
            ],
            [
              123.88166844300008,
              10.270654727000135
            ],
            [
              123.8816704530002,
              10.270678455000109
            ],
            [
              123.88181916100007,
              10.270830711000087
            ],
            [
              123.88183322800012,
              10.270836643000052
            ],
            [
              123.88184729500006,
              10.270836643000052
            ],
            [
              123.88186940000003,
              10.270840597000017
            ],
            [
              123.88189351400013,
              10.270842574000142
            ],
            [
              123.8819156200002,
              10.270848505000174
            ],
            [
              123.88193370700014,
              10.270856415000083
            ],
            [
              123.88195782000014,
              10.270872232999977
            ],
            [
              123.88199801300016,
              10.270907825999984
            ],
            [
              123.8820132400001,
              10.27092676500007
            ],
            [
              123.88202730800015,
              10.270954448000111
            ],
            [
              123.88203333600029,
              10.270978176000142
            ],
            [
              123.8820433840001,
              10.27099399500014
            ],
            [
              123.88204941300012,
              10.271001905000048
            ],
            [
              123.88207754700011,
              10.271025631999976
            ],
            [
              123.88208759500026,
              10.271037496000076
            ],
            [
              123.88212175800015,
              10.271071111000083
            ],
            [
              123.8821378340001,
              10.271096816000181
            ],
            [
              123.8821418550001,
              10.271106704000147
            ],
            [
              123.88215793000018,
              10.271128455000053
            ],
            [
              123.8821699880001,
              10.271138341000153
            ],
            [
              123.88217601600002,
              10.271146250000186
            ],
            [
              123.882200968,
              10.271165840000037
            ],
            [
              123.88224116000026,
              10.271181659000035
            ],
            [
              123.88230345600005,
              10.271211320000077
            ],
            [
              123.8823135050003,
              10.271219228
            ],
            [
              123.88232355100024,
              10.271233069000175
            ],
            [
              123.88233359900005,
              10.271264707000114
            ],
            [
              123.88234163800007,
              10.27128250300018
            ],
            [
              123.88234163800007,
              10.271286458000077
            ],
            [
              123.88235168600022,
              10.271308208999983
            ],
            [
              123.88236776200006,
              10.271331938000117
            ],
            [
              123.88238383900011,
              10.27136159700018
            ],
            [
              123.88239589600028,
              10.271395212000186
            ],
            [
              123.8824119730001,
              10.27143278200009
            ],
            [
              123.88242403100003,
              10.27147628400013
            ],
            [
              123.88243006000005,
              10.27152176200019
            ],
            [
              123.88243809800008,
              10.271551423000062
            ],
            [
              123.8824441280002,
              10.271569219000128
            ],
            [
              123.88245015700011,
              10.271579106000104
            ],
            [
              123.88246824200007,
              10.271628540000108
            ],
            [
              123.88247427100009,
              10.271650291000071
            ],
            [
              123.8824762810001,
              10.271666109000137
            ],
            [
              123.88247427100009,
              10.2716858820001
            ],
            [
              123.88246623300017,
              10.271725429000071
            ],
            [
              123.88245015700011,
              10.271764977000146
            ],
            [
              123.88243006200025,
              10.271796615000085
            ],
            [
              123.88237982300006,
              10.271853957000019
            ],
            [
              123.88236776600013,
              10.271871753000084
            ],
            [
              123.88235169000018,
              10.271897459000115
            ],
            [
              123.88234365100016,
              10.271919210000021
            ],
            [
              123.88233265500014,
              10.271939014000054
            ],
            [
              123.8823226080001,
              10.271962742000085
            ],
            [
              123.88230452200003,
              10.272016131000157
            ],
            [
              123.8822924650002,
              10.27206161099997
            ],
            [
              123.88227839800015,
              10.272105113000066
            ],
            [
              123.8822683510001,
              10.272144660000038
            ],
            [
              123.88226232200009,
              10.272182230000112
            ],
            [
              123.88226232200009,
              10.272194094000042
            ],
            [
              123.88226031300019,
              10.27220595700004
            ],
            [
              123.88226031300019,
              10.272243528000047
            ],
            [
              123.88225830300019,
              10.272265278000077
            ],
            [
              123.88226634200021,
              10.272269233000145
            ],
            [
              123.88230854300002,
              10.272265278000077
            ],
            [
              123.88233667700013,
              10.27224945900008
            ],
            [
              123.88236937400006,
              10.272247399000094
            ],
            [
              123.88239556300016,
              10.272255120000125
            ],
            [
              123.88239557300017,
              10.27228088400011
            ],
            [
              123.88239295600022,
              10.272286038000175
            ],
            [
              123.88238248300001,
              10.27228604200019
            ],
            [
              123.88237200700019,
              10.272283470000161
            ],
            [
              123.88236153100002,
              10.272278321000158
            ],
            [
              123.88234843800012,
              10.272278327000151
            ],
            [
              123.88229346100002,
              10.272304112000086
            ],
            [
              123.88228560700009,
              10.272311845000104
            ],
            [
              123.8822751350001,
              10.27231700200008
            ],
            [
              123.88226466200013,
              10.272319583000012
            ],
            [
              123.88225157200009,
              10.272327317000133
            ],
            [
              123.88224371800015,
              10.272329898000066
            ],
            [
              123.88223848500013,
              10.272340206000024
            ],
            [
              123.88223063200007,
              10.272347939000042
            ],
            [
              123.88223063700002,
              10.272360821000063
            ],
            [
              123.88223326000013,
              10.27237112600011
            ],
            [
              123.88224373800017,
              10.272381429000177
            ],
            [
              123.88225159400008,
              10.272381425000162
            ],
            [
              123.88225227600014,
              10.27239776
            ],
            [
              123.88224415700006,
              10.272409681
            ],
            [
              123.88224616700006,
              10.272417590000032
            ],
            [
              123.88224013800004,
              10.27242945300003
            ],
            [
              123.8822260720001,
              10.272447249000095
            ],
            [
              123.8821939180001,
              10.272472955000126
            ],
            [
              123.88217583200003,
              10.272490752000067
            ],
            [
              123.88215975600008,
              10.272498662000032
            ],
            [
              123.88213162200009,
              10.272516457000165
            ],
            [
              123.88209545000007,
              10.272552051000048
            ],
            [
              123.8820713350002,
              10.272587642000076
            ],
            [
              123.88205324900025,
              10.272609393000039
            ],
            [
              123.8820452110001,
              10.27262521199998
            ],
            [
              123.88203717400006,
              10.27266871400002
            ],
            [
              123.88203114500004,
              10.272678602000155
            ],
            [
              123.88202109700012,
              10.27268255600012
            ],
            [
              123.88198090500009,
              10.27268057800012
            ],
            [
              123.8819567910001,
              10.272686510000085
            ],
            [
              123.88192463800021,
              10.27270628400015
            ],
            [
              123.88191258100017,
              10.272710240000094
            ],
            [
              123.88190454200014,
              10.27271617200006
            ],
            [
              123.88188444700017,
              10.272724081000092
            ],
            [
              123.88186837,
              10.272722104000025
            ],
            [
              123.88185631400006,
              10.272718149000127
            ],
            [
              123.88183621700011,
              10.272718149000127
            ],
            [
              123.88180406400033,
              10.272730013000057
            ],
            [
              123.88179200800005,
              10.272735945000022
            ],
            [
              123.88174980600013,
              10.27273990000009
            ],
            [
              123.88171966200014,
              10.27273990000009
            ],
            [
              123.88169956700017,
              10.272743855000158
            ],
            [
              123.88168750900002,
              10.272743855000158
            ],
            [
              123.88165133700022,
              10.272735947
            ],
            [
              123.88160913600007,
              10.272731992000104
            ],
            [
              123.88157899300006,
              10.272724082000025
            ],
            [
              123.881536793,
              10.272716173000163
            ],
            [
              123.88152272500008,
              10.272710241000027
            ],
            [
              123.88150263000011,
              10.27269442200003
            ],
            [
              123.88145385700022,
              10.272694669000145
            ],
            [
              123.88142572400011,
              10.272706534000179
            ],
            [
              123.88138151300006,
              10.272744104000083
            ],
            [
              123.88136543700023,
              10.272755968000183
            ],
            [
              123.88133931200025,
              10.272779695000054
            ],
            [
              123.88127701500002,
              10.272850880000021
            ],
            [
              123.88123481500008,
              10.272902293000072
            ],
            [
              123.88117653800009,
              10.272961613
            ],
            [
              123.881120269,
              10.273022911000112
            ],
            [
              123.8810780680003,
              10.27306245800014
            ],
            [
              123.88106400100014,
              10.273078275999978
            ],
            [
              123.88103385800002,
              10.273103983000112
            ],
            [
              123.88099165700021,
              10.273143529000151
            ],
            [
              123.88097759000016,
              10.273159349000025
            ],
            [
              123.88097156200001,
              10.273175168000023
            ],
            [
              123.88097156200001,
              10.273183076000123
            ],
            [
              123.88096754300011,
              10.273196918000053
            ],
            [
              123.88096151400009,
              10.273206805000086
            ],
            [
              123.88095347600017,
              10.273214714000119
            ],
            [
              123.88094342800002,
              10.273216691000187
            ],
            [
              123.88092132300005,
              10.27323053300006
            ],
            [
              123.88090524600022,
              10.27323053300006
            ],
            [
              123.880877112,
              10.273220646000084
            ],
            [
              123.88086304500018,
              10.273212738000097
            ],
            [
              123.88082486400015,
              10.273169236000058
            ],
            [
              123.88080476800008,
              10.27316132600015
            ],
            [
              123.88076055700003,
              10.273147485000152
            ],
            [
              123.88070027100002,
              10.273151439000117
            ],
            [
              123.88067012800013,
              10.273151439000117
            ],
            [
              123.88065204100019,
              10.273149462000049
            ],
            [
              123.88057567800013,
              10.273151439000117
            ],
            [
              123.8805636200002,
              10.273153417000117
            ],
            [
              123.88055357200005,
              10.273157372000128
            ],
            [
              123.88052945800007,
              10.27316132600015
            ],
            [
              123.88051740000014,
              10.273167258000058
            ],
            [
              123.88050333300009,
              10.273169237000161
            ],
            [
              123.8804772090001,
              10.27317714500009
            ],
            [
              123.88046515200006,
              10.27317912300009
            ],
            [
              123.88043500800006,
              10.27318900900002
            ],
            [
              123.88039481700002,
              10.273204828000189
            ],
            [
              123.88037673100007,
              10.27320878300003
            ],
            [
              123.88036266400013,
              10.27320878300003
            ],
            [
              123.88029026700008,
              10.273153103000084
            ],
            [
              123.87972711600025,
              10.273789826000097
            ],
            [
              123.87996657100007,
              10.27442650900008
            ],
            [
              123.88020180600006,
              10.275105579000126
            ],
            [
              123.88032615100019,
              10.27543011299997
            ],
            [
              123.88082485500001,
              10.276836292000098
            ],
            [
              123.88107588900004,
              10.27753420900018
            ],
            [
              123.88132626200002,
              10.278198933000112
            ],
            [
              123.88151782500006,
              10.278689090000057
            ],
            [
              123.88168956600009,
              10.279110921999973
            ],
            [
              123.88192698900014,
              10.279573870000092
            ],
            [
              123.88207226100008,
              10.279810813999973
            ],
            [
              123.88226186200006,
              10.280114716000071
            ],
            [
              123.8823301020002,
              10.280209060000061
            ],
            [
              123.88217057600014,
              10.280340532000139
            ],
            [
              123.8798552070001,
              10.282831487000067
            ],
            [
              123.87922245300001,
              10.283545030000028
            ],
            [
              123.87780863200032,
              10.285038156000155
            ],
            [
              123.87715005200005,
              10.284161644000108
            ],
            [
              123.87524039200014,
              10.282349353000143
            ],
            [
              123.87482492000004,
              10.281934043000092
            ],
            [
              123.87428523300002,
              10.28141011300005
            ],
            [
              123.87005307900017,
              10.27720690800004
            ],
            [
              123.86957081000014,
              10.277622981000093
            ],
            [
              123.86745180800017,
              10.279258969000068
            ],
            [
              123.867371821,
              10.279425095000136
            ],
            [
              123.8673564400001,
              10.279486623000082
            ],
            [
              123.86737489800021,
              10.27955122700007
            ],
            [
              123.86733798100022,
              10.2795912200001
            ],
            [
              123.86727030000009,
              10.279594296000027
            ],
            [
              123.86722107800006,
              10.27964044200013
            ],
            [
              123.86716262700008,
              10.279677359000061
            ],
            [
              123.8671780090001,
              10.279729658
            ],
            [
              123.8671780090001,
              10.27985579000017
            ],
            [
              123.8671612280001,
              10.279872043000182
            ],
            [
              123.86701188300003,
              10.280015762000062
            ],
            [
              123.86699557500015,
              10.280036594000023
            ],
            [
              123.86689938500001,
              10.280163458000061
            ],
            [
              123.86684575800007,
              10.28023418600003
            ],
            [
              123.86678115400025,
              10.280357242000093
            ],
            [
              123.86677807700005,
              10.280483374000028
            ],
            [
              123.86679038300008,
              10.280606430000091
            ],
            [
              123.86687652200033,
              10.280707951000068
            ],
            [
              123.8667350080002,
              10.280954062999967
            ],
            [
              123.8669472790001,
              10.28113249300003
            ],
            [
              123.86709494600007,
              10.281215556000063
            ],
            [
              123.86712263400011,
              10.281255549000093
            ],
            [
              123.86724568900001,
              10.281363223000085
            ],
            [
              123.86725491900006,
              10.281495508000091
            ],
            [
              123.86721527200007,
              10.281656344000112
            ],
            [
              123.86687496900015,
              10.28239520000011
            ],
            [
              123.86676153500014,
              10.28254849000001
            ],
            [
              123.86672474500028,
              10.282628201000136
            ],
            [
              123.86674314000015,
              10.28273550300014
            ],
            [
              123.86664503400004,
              10.28288266100003
            ],
            [
              123.86653773200021,
              10.28299609600009
            ],
            [
              123.86643656100011,
              10.283075806000113
            ],
            [
              123.86637217900011,
              10.283137122000028
            ],
            [
              123.86628020500007,
              10.283146320000128
            ],
            [
              123.86617290200002,
              10.283238293000181
            ],
            [
              123.86610847500015,
              10.283381874000042
            ],
            [
              123.86601240000005,
              10.28390566400003
            ],
            [
              123.86595942200029,
              10.284118939
            ],
            [
              123.86590987300019,
              10.284344034000071
            ],
            [
              123.86588344100016,
              10.284522204000098
            ],
            [
              123.8658867920002,
              10.284690659999967
            ],
            [
              123.86588091500028,
              10.284721343000115
            ],
            [
              123.86586553400002,
              10.284739336000086
            ],
            [
              123.86584638500005,
              10.28475322600002
            ],
            [
              123.86582281100027,
              10.284759903000122
            ],
            [
              123.865772934,
              10.284756514000094
            ],
            [
              123.86575662200005,
              10.284765759000095
            ],
            [
              123.86575095100022,
              10.284785290000173
            ],
            [
              123.86572128500006,
              10.284947562000127
            ],
            [
              123.86568848500019,
              10.285106437000024
            ],
            [
              123.86565637700005,
              10.285317841000108
            ],
            [
              123.86567526300018,
              10.285357532000091
            ],
            [
              123.8656928270002,
              10.28539411200012
            ],
            [
              123.86569916400003,
              10.285467641000082
            ],
            [
              123.86572300900002,
              10.28552819800018
            ],
            [
              123.86573920700027,
              10.285602875000052
            ],
            [
              123.86574972500011,
              10.28564482700017
            ],
            [
              123.86574041800009,
              10.285674264000022
            ],
            [
              123.86572109000008,
              10.285704341000098
            ],
            [
              123.86568726100006,
              10.285735161000161
            ],
            [
              123.86566884900014,
              10.285751222000158
            ],
            [
              123.86564745700002,
              10.285764708000045
            ],
            [
              123.8656417520001,
              10.285776514000133
            ],
            [
              123.86564133200011,
              10.28578200800007
            ],
            [
              123.8656404510001,
              10.285789212000111
            ],
            [
              123.86564377300022,
              10.285803144
            ],
            [
              123.86567732600008,
              10.285847321
            ],
            [
              123.86568391200024,
              10.285854899000128
            ],
            [
              123.86573953800007,
              10.28591817400013
            ],
            [
              123.86582621100001,
              10.286007282000014
            ],
            [
              123.86590082300017,
              10.286051970000187
            ],
            [
              123.86591927500012,
              10.286093243000153
            ],
            [
              123.86590813300006,
              10.286157211000102
            ],
            [
              123.86590574900004,
              10.286257390000117
            ],
            [
              123.86583782000002,
              10.28645011000009
            ],
            [
              123.86583580600006,
              10.286600781
            ],
            [
              123.86584057200002,
              10.286838414000044
            ],
            [
              123.86583054800008,
              10.28693457300011
            ],
            [
              123.86581824200016,
              10.287140691000104
            ],
            [
              123.86580593700012,
              10.28734065700013
            ],
            [
              123.86583195500032,
              10.287419546000024
            ],
            [
              123.86586131200022,
              10.287508015000128
            ],
            [
              123.86582179200013,
              10.287714039000093
            ],
            [
              123.86578407200022,
              10.287839509000037
            ],
            [
              123.86569478300021,
              10.287982033000105
            ],
            [
              123.8656083960002,
              10.288046947000112
            ],
            [
              123.86556922500006,
              10.288081198000043
            ],
            [
              123.86551343600001,
              10.288174486000116
            ],
            [
              123.86544231900007,
              10.288236121000125
            ],
            [
              123.86542022000026,
              10.28827385600016
            ],
            [
              123.8654148490001,
              10.288320002000091
            ],
            [
              123.86535886000001,
              10.288402927999982
            ],
            [
              123.86536365900008,
              10.288472205000119
            ],
            [
              123.8652899010001,
              10.28858672400014
            ],
            [
              123.86524719900012,
              10.28873618100016
            ],
            [
              123.8652937830002,
              10.288806057000045
            ],
            [
              123.86540442000023,
              10.288860405000094
            ],
            [
              123.86538889200017,
              10.28893998600006
            ],
            [
              123.86534813100025,
              10.289021508000019
            ],
            [
              123.8652899010001,
              10.289137968999967
            ],
            [
              123.86524331700014,
              10.289250547000051
            ],
            [
              123.86521420200006,
              10.289359242999979
            ],
            [
              123.86514626700011,
              10.28949899500003
            ],
            [
              123.86506280400022,
              10.289580517
            ],
            [
              123.86501392600007,
              10.289602336000144
            ],
            [
              123.86495410800012,
              10.289629042
            ],
            [
              123.86489005500005,
              10.289665921000164
            ],
            [
              123.86489781900013,
              10.28980761400004
            ],
            [
              123.86507677200007,
              10.290317406000156
            ],
            [
              123.86494957600007,
              10.29068203200012
            ],
            [
              123.86479672500013,
              10.291226563000123
            ],
            [
              123.86449713500019,
              10.291695516000118
            ],
            [
              123.86448758100028,
              10.291710618000138
            ],
            [
              123.86398470500023,
              10.292630880000047
            ],
            [
              123.86360954500014,
              10.29256742900003
            ],
            [
              123.8633784230002,
              10.29258754600005
            ],
            [
              123.86335261500017,
              10.292590025000152
            ],
            [
              123.863262071,
              10.292597213000022
            ],
            [
              123.86290466800017,
              10.292726275000064
            ],
            [
              123.86243805900017,
              10.292904975999988
            ]
          ]
        ]
      }
    },
    {
      "type": "Feature",
      "properties": {
        "adm4_name": "Bacayan",
        "adm4_name1": null,
        "adm4_name2": null,
        "adm4_name3": null,
        "adm4_pcode": "PH0702217006",
        "adm3_name": "Cebu City (Capital)",
        "adm3_name1": null,
        "adm3_name2": null,
        "adm3_name3": null,
        "adm3_pcode": "PH0702217",
        "adm2_name": "Cebu",
        "adm2_name1": null,
        "adm2_name2": null,
        "adm2_name3": null,
        "adm2_pcode": "PH07022",
        "adm1_name": "Region VII (Central Visayas)",
        "adm1_name1": null,
        "adm1_name2": null,
        "adm1_name3": null,
        "adm1_pcode": "PH07",
        "adm0_name": "Philippines",
        "adm0_name1": null,
        "adm0_name2": null,
        "adm0_name3": null,
        "adm0_pcode": "PH",
        "valid_on": "2025-02-13",
        "valid_to": null,
        "area_sqkm": 1.24746663,
        "version": "v03",
        "lang": "en",
        "lang1": null,
        "lang2": null,
        "lang3": null,
        "adm4_ref_name": "Bacayan",
        "center_lat": 10.3811773,
        "center_lon": 123.92038961
      },
      "geometry": {
        "type": "Polygon",
        "coordinates": [
          [
            [
              123.92092606700021,
              10.390214107000133
            ],
            [
              123.92026722200012,
              10.390321325000116
            ],
            [
              123.92012403600017,
              10.389836083000148
            ],
            [
              123.92002857900002,
              10.389494027000069
            ],
            [
              123.91976607100014,
              10.389382660000024
            ],
            [
              123.91950356300003,
              10.389350841000123
            ],
            [
              123.91916946200001,
              10.389358796000181
            ],
            [
              123.91897059200028,
              10.38937470600007
            ],
            [
              123.91886718000012,
              10.389462208
            ],
            [
              123.91876376800008,
              10.389454253000167
            ],
            [
              123.91866035500027,
              10.389350841000123
            ],
            [
              123.91846148600007,
              10.389223565000066
            ],
            [
              123.91822284200009,
              10.389151972000093
            ],
            [
              123.91796033400021,
              10.389191745000119
            ],
            [
              123.91776941900014,
              10.389350841000123
            ],
            [
              123.91761032400018,
              10.389295158000039
            ],
            [
              123.91733190600007,
              10.389104243000133
            ],
            [
              123.9170614430002,
              10.388913328000058
            ],
            [
              123.91673529700017,
              10.388658775000067
            ],
            [
              123.9165762020001,
              10.388451950000103
            ],
            [
              123.91634551300024,
              10.3881814880001
            ],
            [
              123.91614664300016,
              10.387974663000136
            ],
            [
              123.91590004500017,
              10.387736020000034
            ],
            [
              123.91555798900026,
              10.387417827999968
            ],
            [
              123.91535116500006,
              10.387147365999965
            ],
            [
              123.91534492400001,
              10.387035035
            ],
            [
              123.91533525500017,
              10.386860993000028
            ],
            [
              123.91528752600004,
              10.386479164000093
            ],
            [
              123.9151045660002,
              10.386184836000098
            ],
            [
              123.91504888300005,
              10.385938238000108
            ],
            [
              123.91504092800005,
              10.38567573000006
            ],
            [
              123.91507274700007,
              10.385421177000069
            ],
            [
              123.9151602500001,
              10.385142759000132
            ],
            [
              123.9151522950001,
              10.384697291
            ],
            [
              123.91520797800001,
              10.384347281000032
            ],
            [
              123.91525570700014,
              10.383901813000136
            ],
            [
              123.91531139100016,
              10.383575667000116
            ],
            [
              123.91533525500017,
              10.383169973000122
            ],
            [
              123.9154625320001,
              10.3828279170001
            ],
            [
              123.91558185300016,
              10.382525635000093
            ],
            [
              123.91577276800001,
              10.38223130800003
            ],
            [
              123.91591595400018,
              10.382000619
            ],
            [
              123.91610686900003,
              10.381873343000166
            ],
            [
              123.9162659650001,
              10.381690382000045
            ],
            [
              123.9162739200001,
              10.381475603000126
            ],
            [
              123.9162500550002,
              10.381268779000038
            ],
            [
              123.916337558,
              10.381085819000191
            ],
            [
              123.91646483500017,
              10.380966497000088
            ],
            [
              123.91659211100023,
              10.380783537000013
            ],
            [
              123.91665574900014,
              10.380528984000023
            ],
            [
              123.91684666400022,
              10.380147154000042
            ],
            [
              123.91716485600011,
              10.380003968000096
            ],
            [
              123.91762623300019,
              10.379900556000052
            ],
            [
              123.9179762440001,
              10.379884646
            ],
            [
              123.91812738500005,
              10.380019877000109
            ],
            [
              123.91831830000012,
              10.380123290000029
            ],
            [
              123.91867626500004,
              10.380147154000042
            ],
            [
              123.91894672800004,
              10.380171018000055
            ],
            [
              123.9193683310001,
              10.380123290000029
            ],
            [
              123.91956720100018,
              10.380139199000041
            ],
            [
              123.91992516600021,
              10.380139199000041
            ],
            [
              123.92014790000019,
              10.380051697000056
            ],
            [
              123.92040245400005,
              10.379996013000095
            ],
            [
              123.92055359400001,
              10.379972149000025
            ],
            [
              123.92066496100006,
              10.37990851
            ],
            [
              123.92069678100006,
              10.379789189000178
            ],
            [
              123.92072064500007,
              10.379582364000044
            ],
            [
              123.9207763280001,
              10.379359630000067
            ],
            [
              123.920847922,
              10.379057348000117
            ],
            [
              123.92099906200008,
              10.3788823430001
            ],
            [
              123.92107861000011,
              10.378723247000096
            ],
            [
              123.92117406800003,
              10.378365282000061
            ],
            [
              123.92118997700015,
              10.37807891000017
            ],
            [
              123.92120588700004,
              10.377840266000135
            ],
            [
              123.92119793200004,
              10.377577758000086
            ],
            [
              123.92118997700015,
              10.377394798000068
            ],
            [
              123.92115020300002,
              10.377116381
            ],
            [
              123.92181585700007,
              10.375767091000114
            ],
            [
              123.92227107000019,
              10.375389551000126
            ],
            [
              123.9224813720001,
              10.375281557999983
            ],
            [
              123.9228280850001,
              10.375173565000011
            ],
            [
              123.9232430850002,
              10.374639146000106
            ],
            [
              123.92369771000006,
              10.37384923500008
            ],
            [
              123.92356698200012,
              10.373587779000104
            ],
            [
              123.92371476100016,
              10.373292220000053
            ],
            [
              123.92366929100012,
              10.37304781600011
            ],
            [
              123.92378388200007,
              10.37284945800019
            ],
            [
              123.92420357000003,
              10.372121352000022
            ],
            [
              123.92486289400006,
              10.37256469099998
            ],
            [
              123.9251925560003,
              10.372894352000174
            ],
            [
              123.9253801220002,
              10.373059183000066
            ],
            [
              123.92568136400007,
              10.37322401400013
            ],
            [
              123.92616448900003,
              10.373411579999981
            ],
            [
              123.92663476600012,
              10.373754179000173
            ],
            [
              123.92652364600008,
              10.374018911000064
            ],
            [
              123.92637309200006,
              10.374229747000072
            ],
            [
              123.92625543800011,
              10.374552715000164
            ],
            [
              123.92620530500017,
              10.374616184
            ],
            [
              123.92613305900022,
              10.374639987000137
            ],
            [
              123.92606307000005,
              10.374637515000074
            ],
            [
              123.92554316400003,
              10.37524315100012
            ],
            [
              123.92538604700007,
              10.377359618000185
            ],
            [
              123.92504810900016,
              10.377461999
            ],
            [
              123.92475339400005,
              10.377610659000084
            ],
            [
              123.92438468700016,
              10.377892615000121
            ],
            [
              123.92420527800016,
              10.378068634000044
            ],
            [
              123.924175106,
              10.379677665000031
            ],
            [
              123.92462193100005,
              10.380851431000167
            ],
            [
              123.92441481600008,
              10.381345835000047
            ],
            [
              123.92425446900006,
              10.381760065000037
            ],
            [
              123.92416093300017,
              10.382047353000132
            ],
            [
              123.9240339920002,
              10.382274512000038
            ],
            [
              123.92396049900003,
              10.382481627
            ],
            [
              123.92393663300004,
              10.382549186
            ],
            [
              123.9239208030001,
              10.382661403000156
            ],
            [
              123.92391141300004,
              10.383018805000063
            ],
            [
              123.92390269600003,
              10.383052741000029
            ],
            [
              123.92388485700019,
              10.38308453899998
            ],
            [
              123.92383513800007,
              10.38312124700019
            ],
            [
              123.9237816870002,
              10.38314437200006
            ],
            [
              123.92361080800003,
              10.383214268000188
            ],
            [
              123.92346105100012,
              10.383278947000122
            ],
            [
              123.92318373500007,
              10.383342048000088
            ],
            [
              123.92341180100016,
              10.38403265200003
            ],
            [
              123.92350048700018,
              10.384148904000028
            ],
            [
              123.92356976000019,
              10.384502753000106
            ],
            [
              123.92358577100015,
              10.384576387000152
            ],
            [
              123.92384635500002,
              10.385552743000119
            ],
            [
              123.92413104600007,
              10.38664739100011
            ],
            [
              123.92414590700014,
              10.389812731000177
            ],
            [
              123.92177539800002,
              10.390090369000063
            ],
            [
              123.92092606700021,
              10.390214107000133
            ]
          ]
        ]
      }
    },
    {
      "type": "Feature",
      "properties": {
        "adm4_name": "Banilad",
        "adm4_name1": null,
        "adm4_name2": null,
        "adm4_name3": null,
        "adm4_pcode": "PH0702217007",
        "adm3_name": "Cebu City (Capital)",
        "adm3_name1": null,
        "adm3_name2": null,
        "adm3_name3": null,
        "adm3_pcode": "PH0702217",
        "adm2_name": "Cebu",
        "adm2_name1": null,
        "adm2_name2": null,
        "adm2_name3": null,
        "adm2_pcode": "PH07022",
        "adm1_name": "Region VII (Central Visayas)",
        "adm1_name1": null,
        "adm1_name2": null,
        "adm1_name3": null,
        "adm1_pcode": "PH07",
        "adm0_name": "Philippines",
        "adm0_name1": null,
        "adm0_name2": null,
        "adm0_name3": null,
        "adm0_pcode": "PH",
        "valid_on": "2025-02-13",
        "valid_to": null,
        "area_sqkm": 2.36193193,
        "version": "v03",
        "lang": "en",
        "lang1": null,
        "lang2": null,
        "lang3": null,
        "adm4_ref_name": "Banilad",
        "center_lat": 10.35258162,
        "center_lon": 123.90429114
      },
      "geometry": {
        "type": "Polygon",
        "coordinates": [
          [
            [
              123.90061358000003,
              10.361546450000048
            ],
            [
              123.89787654300017,
              10.366182376000097
            ],
            [
              123.8941731030003,
              10.365813667000054
            ],
            [
              123.88984630200002,
              10.365305228000011
            ],
            [
              123.89137516000017,
              10.361102605000042
            ],
            [
              123.89164656200012,
              10.361075465000056
            ],
            [
              123.8919111780001,
              10.360837988000071
            ],
            [
              123.89220293500023,
              10.360695503000102
            ],
            [
              123.89239970100016,
              10.360614081999984
            ],
            [
              123.89256254200018,
              10.360654793000094
            ],
            [
              123.89272538200021,
              10.36074978300013
            ],
            [
              123.89296964400012,
              10.360810848000142
            ],
            [
              123.89322069000013,
              10.36077692300006
            ],
            [
              123.89347173600027,
              10.36064122200014
            ],
            [
              123.89367528700018,
              10.360519092000118
            ],
            [
              123.89387883900008,
              10.360471597000014
            ],
            [
              123.89418416500018,
              10.360539447000122
            ],
            [
              123.89458448200014,
              10.360376606000102
            ],
            [
              123.89493730400022,
              10.360179840000114
            ],
            [
              123.89517478000016,
              10.360037354000099
            ],
            [
              123.89545296700032,
              10.359901654000055
            ],
            [
              123.89563616300006,
              10.35971167300005
            ],
            [
              123.89590077900004,
              10.359413131000053
            ],
            [
              123.89618575100008,
              10.359202795000044
            ],
            [
              123.89642322700001,
              10.358951749000028
            ],
            [
              123.89653178800017,
              10.358782123000026
            ],
            [
              123.89663356300014,
              10.35848358100003
            ],
            [
              123.89683032900007,
              10.35827324500002
            ],
            [
              123.89704066500008,
              10.358069694000164
            ],
            [
              123.89722386100016,
              10.35786614300008
            ],
            [
              123.89752918800025,
              10.357465826000123
            ],
            [
              123.89788879500009,
              10.357079079000187
            ],
            [
              123.89825518700002,
              10.356699117000176
            ],
            [
              123.89851301800013,
              10.356427715000109
            ],
            [
              123.89886584000021,
              10.356224164000025
            ],
            [
              123.89913045600008,
              10.356088463000106
            ],
            [
              123.89944256800015,
              10.355878127000096
            ],
            [
              123.89963886400005,
              10.355555322000157
            ],
            [
              123.90010144000007,
              10.354916527000114
            ],
            [
              123.90011245400012,
              10.354553073999966
            ],
            [
              123.8999692760002,
              10.354156581000154
            ],
            [
              123.89992522100022,
              10.35398036100014
            ],
            [
              123.90004637200002,
              10.353694005000023
            ],
            [
              123.90064111200002,
              10.352956086000177
            ],
            [
              123.9010926740001,
              10.352207154000041
            ],
            [
              123.90120281100019,
              10.351777619000131
            ],
            [
              123.90169842800003,
              10.35148024900019
            ],
            [
              123.90189667500022,
              10.351215920000072
            ],
            [
              123.90185262000023,
              10.350841454000033
            ],
            [
              123.90169842800003,
              10.350566111000035
            ],
            [
              123.90172045600013,
              10.350246713000104
            ],
            [
              123.9019627570002,
              10.349949343
            ],
            [
              123.90240330600011,
              10.349751096000034
            ],
            [
              123.90287689500019,
              10.349519808000082
            ],
            [
              123.90300906000016,
              10.349354603
            ],
            [
              123.90329541600022,
              10.348704794000128
            ],
            [
              123.9033174440001,
              10.34822019100011
            ],
            [
              123.90321832000006,
              10.34769153200017
            ],
            [
              123.90351569100005,
              10.347526327000082
            ],
            [
              123.90360903200008,
              10.347368428000095
            ],
            [
              123.9035407240001,
              10.347263689000044
            ],
            [
              123.90359992400022,
              10.34714528700016
            ],
            [
              123.90387771200005,
              10.347049655999967
            ],
            [
              123.90401432900012,
              10.346935808000183
            ],
            [
              123.90403254400007,
              10.346726329000148
            ],
            [
              123.90417371500018,
              10.346648913000138
            ],
            [
              123.90440596400015,
              10.346448541000086
            ],
            [
              123.90449248800019,
              10.346179861000053
            ],
            [
              123.90455624300023,
              10.345879304000164
            ],
            [
              123.90472473700027,
              10.345637948000046
            ],
            [
              123.90502984800003,
              10.345565086000079
            ],
            [
              123.90541692900001,
              10.345428469000069
            ],
            [
              123.90568105500017,
              10.345223543000145
            ],
            [
              123.90580401000011,
              10.345123358000137
            ],
            [
              123.90609090500016,
              10.344991295000113
            ],
            [
              123.90635958500002,
              10.344872893000115
            ],
            [
              123.90655995700024,
              10.344763600000022
            ],
            [
              123.90663737300008,
              10.344590552000113
            ],
            [
              123.90676488200006,
              10.344444827000189
            ],
            [
              123.90694703800023,
              10.344312764
            ],
            [
              123.90688328300018,
              10.344176146999985
            ],
            [
              123.90700623900022,
              10.344066854000118
            ],
            [
              123.90706088500008,
              10.343934791000095
            ],
            [
              123.90702445400007,
              10.343843713000012
            ],
            [
              123.90704722400017,
              10.34372531200006
            ],
            [
              123.90730171700011,
              10.343763952000074
            ],
            [
              123.90749539700005,
              10.343529923000176
            ],
            [
              123.90768100700006,
              10.343231333000176
            ],
            [
              123.90814906600019,
              10.34313449300015
            ],
            [
              123.90841537500012,
              10.343086074000155
            ],
            [
              123.90873817500017,
              10.34299730400005
            ],
            [
              123.9088753640001,
              10.342795554000077
            ],
            [
              123.90918202400007,
              10.342577665000078
            ],
            [
              123.90935149300014,
              10.342238725000072
            ],
            [
              123.90925465400005,
              10.341996626000025
            ],
            [
              123.90927886300017,
              10.341770666000173
            ],
            [
              123.90939991300002,
              10.341601196
            ],
            [
              123.90965815300012,
              10.341464007000127
            ],
            [
              123.90987604200006,
              10.34157698600012
            ],
            [
              123.90997288200015,
              10.3414317270001
            ],
            [
              123.91021498200007,
              10.341318747000173
            ],
            [
              123.91030375200012,
              10.341221906999976
            ],
            [
              123.91049743100007,
              10.341100857000072
            ],
            [
              123.9105781310002,
              10.34089910800003
            ],
            [
              123.91075567100029,
              10.340810338000153
            ],
            [
              123.91090093000014,
              10.340745778000098
            ],
            [
              123.9109654900002,
              10.340673148000121
            ],
            [
              123.91102198000021,
              10.340624728000023
            ],
            [
              123.91116724000017,
              10.340535957999975
            ],
            [
              123.91136092000022,
              10.34048753900015
            ],
            [
              123.91153038900006,
              10.340398769000103
            ],
            [
              123.91160301900004,
              10.340261579000128
            ],
            [
              123.91173236700013,
              10.340192307000052
            ],
            [
              123.91183704900004,
              10.34018894900015
            ],
            [
              123.91203879800014,
              10.340148598999974
            ],
            [
              123.9124422970001,
              10.339971060000153
            ],
            [
              123.9128538670002,
              10.339753170000051
            ],
            [
              123.9129345670001,
              10.339720890000024
            ],
            [
              123.91306640400012,
              10.340141699000128
            ],
            [
              123.91327825300016,
              10.341046425000059
            ],
            [
              123.91335892400014,
              10.341398271
            ],
            [
              123.9134591090002,
              10.341721597000117
            ],
            [
              123.91370046600014,
              10.342336373000023
            ],
            [
              123.91383603100007,
              10.343432831000143
            ],
            [
              123.91403242800004,
              10.344236356000067
            ],
            [
              123.91419055100027,
              10.34469957400006
            ],
            [
              123.91435121400002,
              10.345244430000037
            ],
            [
              123.91442131500003,
              10.345702457000186
            ],
            [
              123.91462395800022,
              10.346194590000096
            ],
            [
              123.914765224,
              10.34632270800006
            ],
            [
              123.91503801500005,
              10.347200753000152
            ],
            [
              123.91530452400002,
              10.348167595
            ],
            [
              123.91536119600005,
              10.348712866000085
            ],
            [
              123.91538903600008,
              10.349082971000087
            ],
            [
              123.91543119900007,
              10.349613574000045
            ],
            [
              123.91545572600012,
              10.349775454999985
            ],
            [
              123.91549497000017,
              10.350055068000131
            ],
            [
              123.91547534800009,
              10.350275815000032
            ],
            [
              123.91435689800028,
              10.350476940000078
            ],
            [
              123.913579303,
              10.350556182000048
            ],
            [
              123.91313052600003,
              10.350633915000174
            ],
            [
              123.91277242600006,
              10.350712403000102
            ],
            [
              123.91233093200003,
              10.350810513000056
            ],
            [
              123.91189925000015,
              10.350928244000102
            ],
            [
              123.91038836000018,
              10.351305966999973
            ],
            [
              123.90887256500014,
              10.351673878000156
            ],
            [
              123.90709909600002,
              10.353065070000127
            ],
            [
              123.90554648000011,
              10.354190274000189
            ],
            [
              123.90389659700031,
              10.355751454000028
            ],
            [
              123.90301098400016,
              10.357083997000075
            ],
            [
              123.90229607000015,
              10.358406555000045
            ],
            [
              123.90158293600007,
              10.359814995000079
            ],
            [
              123.90061358000003,
              10.361546450000048
            ]
          ]
        ]
      }
    },
    {
      "type": "Feature",
      "properties": {
        "adm4_name": "Basak San Nicolas",
        "adm4_name1": null,
        "adm4_name2": null,
        "adm4_name3": null,
        "adm4_pcode": "PH0702217008",
        "adm3_name": "Cebu City (Capital)",
        "adm3_name1": null,
        "adm3_name2": null,
        "adm3_name3": null,
        "adm3_pcode": "PH0702217",
        "adm2_name": "Cebu",
        "adm2_name1": null,
        "adm2_name2": null,
        "adm2_name3": null,
        "adm2_pcode": "PH07022",
        "adm1_name": "Region VII (Central Visayas)",
        "adm1_name1": null,
        "adm1_name2": null,
        "adm1_name3": null,
        "adm1_pcode": "PH07",
        "adm0_name": "Philippines",
        "adm0_name1": null,
        "adm0_name2": null,
        "adm0_name3": null,
        "adm0_pcode": "PH",
        "valid_on": "2025-02-13",
        "valid_to": null,
        "area_sqkm": 1.48244319,
        "version": "v03",
        "lang": "en",
        "lang1": null,
        "lang2": null,
        "lang3": null,
        "adm4_ref_name": "Basak San Nicolas",
        "center_lat": 10.285027,
        "center_lon": 123.87103786
      },
      "geometry": {
        "type": "Polygon",
        "coordinates": [
          [
            [
              123.86665481800014,
              10.29254012500013
            ],
            [
              123.8664876370002,
              10.292898369000056
            ],
            [
              123.86611506300017,
              10.292817167000123
            ],
            [
              123.86568039400015,
              10.292769401000044
            ],
            [
              123.86544846600009,
              10.292733379000083
            ],
            [
              123.86509765000005,
              10.292716859000166
            ],
            [
              123.86398470500023,
              10.292630880000047
            ],
            [
              123.86448758100028,
              10.291710618000138
            ],
            [
              123.86449713500019,
              10.291695516000118
            ],
            [
              123.86479672500013,
              10.291226563000123
            ],
            [
              123.86494957600007,
              10.29068203200012
            ],
            [
              123.86507677200007,
              10.290317406000156
            ],
            [
              123.86489781900013,
              10.28980761400004
            ],
            [
              123.86489005500005,
              10.289665921000164
            ],
            [
              123.86495410800012,
              10.289629042
            ],
            [
              123.86501392600007,
              10.289602336000144
            ],
            [
              123.86506280400022,
              10.289580517
            ],
            [
              123.86514626700011,
              10.28949899500003
            ],
            [
              123.86521420200006,
              10.289359242999979
            ],
            [
              123.86524331700014,
              10.289250547000051
            ],
            [
              123.8652899010001,
              10.289137968999967
            ],
            [
              123.86534813100025,
              10.289021508000019
            ],
            [
              123.86538889200017,
              10.28893998600006
            ],
            [
              123.86540442000023,
              10.288860405000094
            ],
            [
              123.8652937830002,
              10.288806057000045
            ],
            [
              123.86524719900012,
              10.28873618100016
            ],
            [
              123.8652899010001,
              10.28858672400014
            ],
            [
              123.86536365900008,
              10.288472205000119
            ],
            [
              123.86535886000001,
              10.288402927999982
            ],
            [
              123.8654148490001,
              10.288320002000091
            ],
            [
              123.86542022000026,
              10.28827385600016
            ],
            [
              123.86544231900007,
              10.288236121000125
            ],
            [
              123.86551343600001,
              10.288174486000116
            ],
            [
              123.86556922500006,
              10.288081198000043
            ],
            [
              123.8656083960002,
              10.288046947000112
            ],
            [
              123.86569478300021,
              10.287982033000105
            ],
            [
              123.86578407200022,
              10.287839509000037
            ],
            [
              123.86582179200013,
              10.287714039000093
            ],
            [
              123.86586131200022,
              10.287508015000128
            ],
            [
              123.86583195500032,
              10.287419546000024
            ],
            [
              123.86580593700012,
              10.28734065700013
            ],
            [
              123.86581824200016,
              10.287140691000104
            ],
            [
              123.86583054800008,
              10.28693457300011
            ],
            [
              123.86584057200002,
              10.286838414000044
            ],
            [
              123.86583580600006,
              10.286600781
            ],
            [
              123.86583782000002,
              10.28645011000009
            ],
            [
              123.86590574900004,
              10.286257390000117
            ],
            [
              123.86590813300006,
              10.286157211000102
            ],
            [
              123.86591927500012,
              10.286093243000153
            ],
            [
              123.86590082300017,
              10.286051970000187
            ],
            [
              123.86582621100001,
              10.286007282000014
            ],
            [
              123.86573953800007,
              10.28591817400013
            ],
            [
              123.86568391200024,
              10.285854899000128
            ],
            [
              123.86567732600008,
              10.285847321
            ],
            [
              123.86564377300022,
              10.285803144
            ],
            [
              123.8656404510001,
              10.285789212000111
            ],
            [
              123.86564133200011,
              10.28578200800007
            ],
            [
              123.8656417520001,
              10.285776514000133
            ],
            [
              123.86564745700002,
              10.285764708000045
            ],
            [
              123.86566884900014,
              10.285751222000158
            ],
            [
              123.86568726100006,
              10.285735161000161
            ],
            [
              123.86572109000008,
              10.285704341000098
            ],
            [
              123.86574041800009,
              10.285674264000022
            ],
            [
              123.86574972500011,
              10.28564482700017
            ],
            [
              123.86573920700027,
              10.285602875000052
            ],
            [
              123.86572300900002,
              10.28552819800018
            ],
            [
              123.86569916400003,
              10.285467641000082
            ],
            [
              123.8656928270002,
              10.28539411200012
            ],
            [
              123.86567526300018,
              10.285357532000091
            ],
            [
              123.86565637700005,
              10.285317841000108
            ],
            [
              123.86568848500019,
              10.285106437000024
            ],
            [
              123.86572128500006,
              10.284947562000127
            ],
            [
              123.86575095100022,
              10.284785290000173
            ],
            [
              123.86575662200005,
              10.284765759000095
            ],
            [
              123.865772934,
              10.284756514000094
            ],
            [
              123.86582281100027,
              10.284759903000122
            ],
            [
              123.86584638500005,
              10.28475322600002
            ],
            [
              123.86586553400002,
              10.284739336000086
            ],
            [
              123.86588091500028,
              10.284721343000115
            ],
            [
              123.8658867920002,
              10.284690659999967
            ],
            [
              123.86588344100016,
              10.284522204000098
            ],
            [
              123.86590987300019,
              10.284344034000071
            ],
            [
              123.86595942200029,
              10.284118939
            ],
            [
              123.86601240000005,
              10.28390566400003
            ],
            [
              123.86610847500015,
              10.283381874000042
            ],
            [
              123.86617290200002,
              10.283238293000181
            ],
            [
              123.86628020500007,
              10.283146320000128
            ],
            [
              123.86637217900011,
              10.283137122000028
            ],
            [
              123.86643656100011,
              10.283075806000113
            ],
            [
              123.86653773200021,
              10.28299609600009
            ],
            [
              123.86664503400004,
              10.28288266100003
            ],
            [
              123.86674314000015,
              10.28273550300014
            ],
            [
              123.86672474500028,
              10.282628201000136
            ],
            [
              123.86676153500014,
              10.28254849000001
            ],
            [
              123.86687496900015,
              10.28239520000011
            ],
            [
              123.86721527200007,
              10.281656344000112
            ],
            [
              123.86725491900006,
              10.281495508000091
            ],
            [
              123.86724568900001,
              10.281363223000085
            ],
            [
              123.86712263400011,
              10.281255549000093
            ],
            [
              123.86709494600007,
              10.281215556000063
            ],
            [
              123.8669472790001,
              10.28113249300003
            ],
            [
              123.8667350080002,
              10.280954062999967
            ],
            [
              123.86687652200033,
              10.280707951000068
            ],
            [
              123.86679038300008,
              10.280606430000091
            ],
            [
              123.86677807700005,
              10.280483374000028
            ],
            [
              123.86678115400025,
              10.280357242000093
            ],
            [
              123.86684575800007,
              10.28023418600003
            ],
            [
              123.86689938500001,
              10.280163458000061
            ],
            [
              123.86699557500015,
              10.280036594000023
            ],
            [
              123.86701188300003,
              10.280015762000062
            ],
            [
              123.8671612280001,
              10.279872043000182
            ],
            [
              123.8671780090001,
              10.27985579000017
            ],
            [
              123.8671780090001,
              10.279729658
            ],
            [
              123.86716262700008,
              10.279677359000061
            ],
            [
              123.86722107800006,
              10.27964044200013
            ],
            [
              123.86727030000009,
              10.279594296000027
            ],
            [
              123.86733798100022,
              10.2795912200001
            ],
            [
              123.86737489800021,
              10.27955122700007
            ],
            [
              123.8673564400001,
              10.279486623000082
            ],
            [
              123.867371821,
              10.279425095000136
            ],
            [
              123.86745180800017,
              10.279258969000068
            ],
            [
              123.86957081000014,
              10.277622981000093
            ],
            [
              123.87005307900017,
              10.27720690800004
            ],
            [
              123.87428523300002,
              10.28141011300005
            ],
            [
              123.87482492000004,
              10.281934043000092
            ],
            [
              123.87524039200014,
              10.282349353000143
            ],
            [
              123.87715005200005,
              10.284161644000108
            ],
            [
              123.87616382500005,
              10.285256881
            ],
            [
              123.87563291700019,
              10.285852147000071
            ],
            [
              123.87531709300015,
              10.286100084000054
            ],
            [
              123.87521585800005,
              10.286243533000118
            ],
            [
              123.87511838000012,
              10.28641485999998
            ],
            [
              123.87497298400001,
              10.28669994600017
            ],
            [
              123.87491546500019,
              10.286812558000065
            ],
            [
              123.87484705600025,
              10.286943474000054
            ],
            [
              123.87480808700013,
              10.287019929000053
            ],
            [
              123.87474083500013,
              10.28715198500015
            ],
            [
              123.87472542800015,
              10.287182052000048
            ],
            [
              123.87464122500023,
              10.287392562000093
            ],
            [
              123.87464507100015,
              10.28741828200009
            ],
            [
              123.87466461500003,
              10.287579682000114
            ],
            [
              123.87470671600022,
              10.287771479000071
            ],
            [
              123.87470671600022,
              10.287865039000167
            ],
            [
              123.87467397000012,
              10.287939887000164
            ],
            [
              123.87449152900001,
              10.288543349000179
            ],
            [
              123.87441493500012,
              10.288810787000102
            ],
            [
              123.8744030810002,
              10.288856589000147
            ],
            [
              123.87434899300001,
              10.289041208000071
            ],
            [
              123.87420149300021,
              10.289549117999968
            ],
            [
              123.87419724800009,
              10.289638911000054
            ],
            [
              123.87417598900004,
              10.290085661000035
            ],
            [
              123.87428780700009,
              10.290108841
            ],
            [
              123.87427726700014,
              10.290358839000078
            ],
            [
              123.87426616400012,
              10.290626506000137
            ],
            [
              123.8742591470002,
              10.29079667000019
            ],
            [
              123.8742621990001,
              10.29091654400014
            ],
            [
              123.87426870100012,
              10.29121223300018
            ],
            [
              123.87426969600006,
              10.29123096900014
            ],
            [
              123.87429258400005,
              10.291603913000074
            ],
            [
              123.87430365600005,
              10.291648390000148
            ],
            [
              123.87435995900023,
              10.291875471000026
            ],
            [
              123.87440180700014,
              10.291931268999974
            ],
            [
              123.87440125800015,
              10.292175930999974
            ],
            [
              123.87439970900027,
              10.292483483000012
            ],
            [
              123.87439831900019,
              10.29279613100016
            ],
            [
              123.87398234100021,
              10.292707626000038
            ],
            [
              123.87396271800026,
              10.292703352000046
            ],
            [
              123.87369194400003,
              10.29264337
            ],
            [
              123.87345668100022,
              10.292592667000179
            ],
            [
              123.87337693800009,
              10.292579408000051
            ],
            [
              123.87240105400019,
              10.292415937000158
            ],
            [
              123.87224820400002,
              10.29237772099998
            ],
            [
              123.87201782800014,
              10.292341654000097
            ],
            [
              123.87166546000026,
              10.292291742000089
            ],
            [
              123.87122601300007,
              10.292205764000073
            ],
            [
              123.87047131200006,
              10.292148445
            ],
            [
              123.8704808660001,
              10.29202902999998
            ],
            [
              123.87005135100003,
              10.291984537000133
            ],
            [
              123.86972138800002,
              10.291947828000048
            ],
            [
              123.86924965300011,
              10.291994343000056
            ],
            [
              123.86857602700002,
              10.292207413000085
            ],
            [
              123.8676236120001,
              10.292515143000173
            ],
            [
              123.86706082800015,
              10.292683423000085
            ],
            [
              123.86665481800014,
              10.29254012500013
            ]
          ]
        ]
      }
    },
    {
      "type": "Feature",
      "properties": {
        "adm4_name": "Binaliw",
        "adm4_name1": null,
        "adm4_name2": null,
        "adm4_name3": null,
        "adm4_pcode": "PH0702217010",
        "adm3_name": "Cebu City (Capital)",
        "adm3_name1": null,
        "adm3_name2": null,
        "adm3_name3": null,
        "adm3_pcode": "PH0702217",
        "adm2_name": "Cebu",
        "adm2_name1": null,
        "adm2_name2": null,
        "adm2_name3": null,
        "adm2_pcode": "PH07022",
        "adm1_name": "Region VII (Central Visayas)",
        "adm1_name1": null,
        "adm1_name2": null,
        "adm1_name3": null,
        "adm1_pcode": "PH07",
        "adm0_name": "Philippines",
        "adm0_name1": null,
        "adm0_name2": null,
        "adm0_name3": null,
        "adm0_pcode": "PH",
        "valid_on": "2025-02-13",
        "valid_to": null,
        "area_sqkm": 5.16048111,
        "version": "v03",
        "lang": "en",
        "lang1": null,
        "lang2": null,
        "lang3": null,
        "adm4_ref_name": "Binaliw",
        "center_lat": 10.42192609,
        "center_lon": 123.91498376
      },
      "geometry": {
        "type": "Polygon",
        "coordinates": [
          [
            [
              123.92306088900023,
              10.43500013
            ],
            [
              123.92330781400017,
              10.437007509000125
            ],
            [
              123.91919609400009,
              10.436694092000039
            ],
            [
              123.91818431300032,
              10.436457571000062
            ],
            [
              123.91377802700003,
              10.435547944000064
            ],
            [
              123.91439826600015,
              10.430569575000163
            ],
            [
              123.91222860100015,
              10.429251094000051
            ],
            [
              123.9117675350002,
              10.428967840000041
            ],
            [
              123.90478054700009,
              10.42918864
            ],
            [
              123.90461609200008,
              10.429224557000055
            ],
            [
              123.90455661300007,
              10.429177023000022
            ],
            [
              123.9046097270002,
              10.429070380000041
            ],
            [
              123.90573279100022,
              10.424688662000051
            ],
            [
              123.90585510800008,
              10.424315276000016
            ],
            [
              123.90586154500022,
              10.424199397000109
            ],
            [
              123.90617055500002,
              10.415933385000073
            ],
            [
              123.90611261600009,
              10.415566436
            ],
            [
              123.90600961200005,
              10.415283177000106
            ],
            [
              123.90590660900023,
              10.41506429500015
            ],
            [
              123.90587442100002,
              10.41453640300017
            ],
            [
              123.90592592200005,
              10.413873319000174
            ],
            [
              123.9055139090002,
              10.413223111000036
            ],
            [
              123.90510833400015,
              10.412682344000132
            ],
            [
              123.90500698000005,
              10.412549093000052
            ],
            [
              123.91396203200009,
              10.408148454000184
            ],
            [
              123.9140083450003,
              10.408184841999969
            ],
            [
              123.9140811210001,
              10.408196420000024
            ],
            [
              123.91414066600032,
              10.408184841999969
            ],
            [
              123.91445492900016,
              10.408054175000075
            ],
            [
              123.91453266700034,
              10.408032673000093
            ],
            [
              123.9146236380002,
              10.408034327000053
            ],
            [
              123.91477398500024,
              10.408135402000141
            ],
            [
              123.91483334400004,
              10.408288037999966
            ],
            [
              123.91486726300013,
              10.408474594000154
            ],
            [
              123.91490542200006,
              10.408622991000072
            ],
            [
              123.91500718000009,
              10.408720508000044
            ],
            [
              123.91512589700005,
              10.408754427000133
            ],
            [
              123.91531245300007,
              10.408695069000032
            ],
            [
              123.91534637200004,
              10.40853819299997
            ],
            [
              123.91530397300005,
              10.40835587700019
            ],
            [
              123.91529125300008,
              10.408215960000064
            ],
            [
              123.91528701300001,
              10.408046364000086
            ],
            [
              123.91535737700019,
              10.407920810000178
            ],
            [
              123.91538683500016,
              10.40775744900003
            ],
            [
              123.91542831800007,
              10.4076378150001
            ],
            [
              123.91551623300006,
              10.407437731000073
            ],
            [
              123.91563294900004,
              10.407248258000095
            ],
            [
              123.91594368500023,
              10.40684960599998
            ],
            [
              123.9160513060001,
              10.406796554000039
            ],
            [
              123.91609526400009,
              10.406808680000154
            ],
            [
              123.91614073800008,
              10.406857184999978
            ],
            [
              123.9161862110002,
              10.406901143000084
            ],
            [
              123.916181649,
              10.407131064
            ],
            [
              123.9161530590003,
              10.407260685000153
            ],
            [
              123.91621413600012,
              10.407471839000038
            ],
            [
              123.91649584200002,
              10.407905076000077
            ],
            [
              123.91703977800023,
              10.408627218000163
            ],
            [
              123.91736493600013,
              10.408676122000145
            ],
            [
              123.9176760910002,
              10.408602545000178
            ],
            [
              123.9180184180002,
              10.408499597000173
            ],
            [
              123.91826840700003,
              10.408577337000054
            ],
            [
              123.91843155800007,
              10.408778024000014
            ],
            [
              123.91857164400017,
              10.408700731000124
            ],
            [
              123.92009736400007,
              10.409387325000068
            ],
            [
              123.92070321500023,
              10.409677222000028
            ],
            [
              123.92341573400006,
              10.410396202000186
            ],
            [
              123.92361833100017,
              10.415258095000183
            ],
            [
              123.92386672600003,
              10.41883695000007
            ],
            [
              123.92392335100021,
              10.419652786000086
            ],
            [
              123.92432039100004,
              10.428897136000046
            ],
            [
              123.92303935500001,
              10.434836110000106
            ],
            [
              123.92306088900023,
              10.43500013
            ]
          ]
        ]
      }
    },
    {
      "type": "Feature",
      "properties": {
        "adm4_name": "Bonbon",
        "adm4_name1": null,
        "adm4_name2": null,
        "adm4_name3": null,
        "adm4_pcode": "PH0702217011",
        "adm3_name": "Cebu City (Capital)",
        "adm3_name1": null,
        "adm3_name2": null,
        "adm3_name3": null,
        "adm3_pcode": "PH0702217",
        "adm2_name": "Cebu",
        "adm2_name1": null,
        "adm2_name2": null,
        "adm2_name3": null,
        "adm2_pcode": "PH07022",
        "adm1_name": "Region VII (Central Visayas)",
        "adm1_name1": null,
        "adm1_name2": null,
        "adm1_name3": null,
        "adm1_pcode": "PH07",
        "adm0_name": "Philippines",
        "adm0_name1": null,
        "adm0_name2": null,
        "adm0_name3": null,
        "adm0_pcode": "PH",
        "valid_on": "2025-02-13",
        "valid_to": null,
        "area_sqkm": 9.33559727,
        "version": "v03",
        "lang": "en",
        "lang1": null,
        "lang2": null,
        "lang3": null,
        "adm4_ref_name": "Bonbon",
        "center_lat": 10.36565523,
        "center_lon": 123.82123711
      },
      "geometry": {
        "type": "Polygon",
        "coordinates": [
          [
            [
              123.83596431400008,
              10.378775460000043
            ],
            [
              123.8338726830001,
              10.38146406900006
            ],
            [
              123.83358900700011,
              10.381438171000013
            ],
            [
              123.8328715240001,
              10.381371436999984
            ],
            [
              123.83191192600032,
              10.381286220000163
            ],
            [
              123.83151028800012,
              10.381250869000155
            ],
            [
              123.827368481,
              10.380883096
            ],
            [
              123.82529030500018,
              10.380694382000058
            ],
            [
              123.81731600200021,
              10.379769859000021
            ],
            [
              123.80615635800007,
              10.378497183000036
            ],
            [
              123.80650853400005,
              10.378277102000027
            ],
            [
              123.8067698750001,
              10.378081008000152
            ],
            [
              123.80701728600002,
              10.37784175500019
            ],
            [
              123.80710187100021,
              10.377757227000131
            ],
            [
              123.80727964900018,
              10.377579569000147
            ],
            [
              123.81140121500016,
              10.373780238000109
            ],
            [
              123.80672279800001,
              10.36871738300016
            ],
            [
              123.80339788800006,
              10.365129705000129
            ],
            [
              123.80296139900008,
              10.36302323000001
            ],
            [
              123.79949790700005,
              10.356454528000086
            ],
            [
              123.80009824000024,
              10.349801220000074
            ],
            [
              123.80167723800002,
              10.349781214000018
            ],
            [
              123.80699384600007,
              10.352315997000062
            ],
            [
              123.81950836600004,
              10.358282499000097
            ],
            [
              123.82005730000003,
              10.358544237000103
            ],
            [
              123.82066358800012,
              10.358834064000177
            ],
            [
              123.82078174000026,
              10.358689921000064
            ],
            [
              123.82259448800016,
              10.356478911000067
            ],
            [
              123.82750599600013,
              10.358471645000122
            ],
            [
              123.835526705,
              10.364799797000046
            ],
            [
              123.84047077800005,
              10.366180751000059
            ],
            [
              123.84184829900005,
              10.37110901699998
            ],
            [
              123.84102249600005,
              10.37226838099997
            ],
            [
              123.84059611100008,
              10.37281858700004
            ],
            [
              123.83960138600025,
              10.37409829000012
            ],
            [
              123.83596431400008,
              10.378775460000043
            ]
          ]
        ]
      }
    },
    {
      "type": "Feature",
      "properties": {
        "adm4_name": "Budla-an (Pob.)",
        "adm4_name1": null,
        "adm4_name2": null,
        "adm4_name3": null,
        "adm4_pcode": "PH0702217013",
        "adm3_name": "Cebu City (Capital)",
        "adm3_name1": null,
        "adm3_name2": null,
        "adm3_name3": null,
        "adm3_pcode": "PH0702217",
        "adm2_name": "Cebu",
        "adm2_name1": null,
        "adm2_name2": null,
        "adm2_name3": null,
        "adm2_pcode": "PH07022",
        "adm1_name": "Region VII (Central Visayas)",
        "adm1_name1": null,
        "adm1_name2": null,
        "adm1_name3": null,
        "adm1_pcode": "PH07",
        "adm0_name": "Philippines",
        "adm0_name1": null,
        "adm0_name2": null,
        "adm0_name3": null,
        "adm0_pcode": "PH",
        "valid_on": "2025-02-13",
        "valid_to": null,
        "area_sqkm": 5.52841755,
        "version": "v03",
        "lang": "en",
        "lang1": null,
        "lang2": null,
        "lang3": null,
        "adm4_ref_name": "Budla-an (Pob.)",
        "center_lat": 10.37626359,
        "center_lon": 123.89216457
      },
      "geometry": {
        "type": "Polygon",
        "coordinates": [
          [
            [
              123.8943136900001,
              10.3962289910001
            ],
            [
              123.89319931500006,
              10.396435429000121
            ],
            [
              123.892154075,
              10.393136096000092
            ],
            [
              123.88697186100012,
              10.385541111000066
            ],
            [
              123.88359484600005,
              10.381589936000069
            ],
            [
              123.88025508700002,
              10.378156269000101
            ],
            [
              123.88236098800007,
              10.37608442200019
            ],
            [
              123.88265417200012,
              10.375658640000097
            ],
            [
              123.88984630200002,
              10.365305228000011
            ],
            [
              123.8941731030003,
              10.365813667000054
            ],
            [
              123.89787654300017,
              10.366182376000097
            ],
            [
              123.90061358000003,
              10.361546450000048
            ],
            [
              123.90158293600007,
              10.359814995000079
            ],
            [
              123.90229607000015,
              10.358406555000045
            ],
            [
              123.90301098400016,
              10.357083997000075
            ],
            [
              123.90389659700031,
              10.355751454000028
            ],
            [
              123.90531585100018,
              10.357543263000025
            ],
            [
              123.90661092100004,
              10.35821740900002
            ],
            [
              123.90679358600016,
              10.35968361700003
            ],
            [
              123.90691148200028,
              10.362235881000174
            ],
            [
              123.90727842600006,
              10.36327288299998
            ],
            [
              123.9075172280003,
              10.363793905000136
            ],
            [
              123.90817561600011,
              10.36699325700016
            ],
            [
              123.90810071400006,
              10.367124461000174
            ],
            [
              123.90796107400013,
              10.367292663000057
            ],
            [
              123.90784682400022,
              10.367425955999977
            ],
            [
              123.90762784300011,
              10.367600505000155
            ],
            [
              123.90764371100022,
              10.367860743000165
            ],
            [
              123.90765323200003,
              10.368124155000089
            ],
            [
              123.90757706500005,
              10.368286010000077
            ],
            [
              123.90729461200021,
              10.368343135000089
            ],
            [
              123.90716131900012,
              10.36837169800009
            ],
            [
              123.90709149900022,
              10.36855259500004
            ],
            [
              123.90706928400004,
              10.368663672000082
            ],
            [
              123.90707563100011,
              10.368869958000118
            ],
            [
              123.90715860000012,
              10.369093888000123
            ],
            [
              123.90648627100018,
              10.370204708000017
            ],
            [
              123.9049144060001,
              10.372767244000158
            ],
            [
              123.9020086180002,
              10.376442754000152
            ],
            [
              123.89610687200002,
              10.383936995
            ],
            [
              123.89421403400002,
              10.386507831000074
            ],
            [
              123.89614592500016,
              10.395889825000097
            ],
            [
              123.8943136900001,
              10.3962289910001
            ]
          ]
        ]
      }
    },
    {
      "type": "Feature",
      "properties": {
        "adm4_name": "Buhisan",
        "adm4_name1": null,
        "adm4_name2": null,
        "adm4_name3": null,
        "adm4_pcode": "PH0702217014",
        "adm3_name": "Cebu City (Capital)",
        "adm3_name1": null,
        "adm3_name2": null,
        "adm3_name3": null,
        "adm3_pcode": "PH0702217",
        "adm2_name": "Cebu",
        "adm2_name1": null,
        "adm2_name2": null,
        "adm2_name3": null,
        "adm2_pcode": "PH07022",
        "adm1_name": "Region VII (Central Visayas)",
        "adm1_name1": null,
        "adm1_name2": null,
        "adm1_name3": null,
        "adm1_pcode": "PH07",
        "adm0_name": "Philippines",
        "adm0_name1": null,
        "adm0_name2": null,
        "adm0_name3": null,
        "adm0_pcode": "PH",
        "valid_on": "2025-02-13",
        "valid_to": null,
        "area_sqkm": 7.36235008,
        "version": "v03",
        "lang": "en",
        "lang1": null,
        "lang2": null,
        "lang3": null,
        "adm4_ref_name": "Buhisan",
        "center_lat": 10.31509209,
        "center_lon": 123.84853747
      },
      "geometry": {
        "type": "Polygon",
        "coordinates": [
          [
            [
              123.85475898800007,
              10.33586202000015
            ],
            [
              123.85423450000008,
              10.336747930000115
            ],
            [
              123.8533404860002,
              10.336082155000156
            ],
            [
              123.85279143800005,
              10.335669109000094
            ],
            [
              123.844634229,
              10.329575702000113
            ],
            [
              123.84151590700014,
              10.327246135000053
            ],
            [
              123.84086522200005,
              10.326759930000037
            ],
            [
              123.83903150100014,
              10.325388131000125
            ],
            [
              123.8388809170001,
              10.325270404000094
            ],
            [
              123.83803207000005,
              10.324643321000167
            ],
            [
              123.83850687000029,
              10.323420405000036
            ],
            [
              123.84028496200017,
              10.318844452000064
            ],
            [
              123.84167173000014,
              10.315267423000137
            ],
            [
              123.84250976500016,
              10.307603814000117
            ],
            [
              123.84253135400002,
              10.307408174000102
            ],
            [
              123.84256370300011,
              10.30689102800011
            ],
            [
              123.84829239200008,
              10.298538802000053
            ],
            [
              123.85010655500002,
              10.295897097000022
            ],
            [
              123.85015728300016,
              10.2958218980001
            ],
            [
              123.85200482900007,
              10.293130861000122
            ],
            [
              123.85281860400016,
              10.293767025000022
            ],
            [
              123.85325334900017,
              10.294106287000034
            ],
            [
              123.8533854220002,
              10.294204899000022
            ],
            [
              123.85342258300011,
              10.294238963000168
            ],
            [
              123.85557204100019,
              10.295058832000052
            ],
            [
              123.85617009400016,
              10.295291090999967
            ],
            [
              123.85684809900022,
              10.295539655000141
            ],
            [
              123.85761007300005,
              10.29580374700015
            ],
            [
              123.85779742700004,
              10.295867633000114
            ],
            [
              123.85822141500012,
              10.296018849000177
            ],
            [
              123.85839509400023,
              10.2960794440001
            ],
            [
              123.858583973,
              10.296142098000132
            ],
            [
              123.85899359900009,
              10.296284852000042
            ],
            [
              123.85984113000018,
              10.296710610000105
            ],
            [
              123.86353612700009,
              10.298513807000177
            ],
            [
              123.863914356,
              10.298744966000015
            ],
            [
              123.86365961400008,
              10.299533209000174
            ],
            [
              123.86353203800002,
              10.299904027000082
            ],
            [
              123.86294726300002,
              10.301648285
            ],
            [
              123.86169894700015,
              10.302803190000077
            ],
            [
              123.86059946900014,
              10.30382039400007
            ],
            [
              123.85857905200021,
              10.306711124000117
            ],
            [
              123.85625757200012,
              10.308771764000085
            ],
            [
              123.85584067900004,
              10.309486770000092
            ],
            [
              123.85353184500013,
              10.313446608
            ],
            [
              123.85518575700019,
              10.314916752000158
            ],
            [
              123.85706700200012,
              10.316580302000148
            ],
            [
              123.86024001800013,
              10.32140694900005
            ],
            [
              123.86156559300014,
              10.324278149000122
            ],
            [
              123.858601829,
              10.329335888
            ],
            [
              123.85850353800015,
              10.329359545000102
            ],
            [
              123.85839409700009,
              10.329439670000056
            ],
            [
              123.85832307300007,
              10.329605374000096
            ],
            [
              123.85826985600022,
              10.329898136000168
            ],
            [
              123.858268124,
              10.329905814000085
            ],
            [
              123.85821320200012,
              10.33014943600017
            ],
            [
              123.85816833900003,
              10.330247893000092
            ],
            [
              123.85811392700032,
              10.330304395000098
            ],
            [
              123.8579989000001,
              10.330373413000132
            ],
            [
              123.85793018100003,
              10.33042506900017
            ],
            [
              123.85786201100007,
              10.330501628000036
            ],
            [
              123.85780514200007,
              10.33061283600017
            ],
            [
              123.85770579100017,
              10.33076081300004
            ],
            [
              123.8574904200002,
              10.330999121000048
            ],
            [
              123.85744629300018,
              10.331106499000043
            ],
            [
              123.8574328960002,
              10.33120768300006
            ],
            [
              123.8573917020002,
              10.331336215000078
            ],
            [
              123.8571549540003,
              10.331525744000032
            ],
            [
              123.85714174300017,
              10.331586708000088
            ],
            [
              123.85712888500018,
              10.331642568000063
            ],
            [
              123.85711373500021,
              10.331774348000181
            ],
            [
              123.85710695500018,
              10.331891298000073
            ],
            [
              123.85475898800007,
              10.33586202000015
            ]
          ]
        ]
      }
    },
    {
      "type": "Feature",
      "properties": {
        "adm4_name": "Bulacao",
        "adm4_name1": null,
        "adm4_name2": null,
        "adm4_name3": null,
        "adm4_pcode": "PH0702217015",
        "adm3_name": "Cebu City (Capital)",
        "adm3_name1": null,
        "adm3_name2": null,
        "adm3_name3": null,
        "adm3_pcode": "PH0702217",
        "adm2_name": "Cebu",
        "adm2_name1": null,
        "adm2_name2": null,
        "adm2_name3": null,
        "adm2_pcode": "PH07022",
        "adm1_name": "Region VII (Central Visayas)",
        "adm1_name1": null,
        "adm1_name2": null,
        "adm1_name3": null,
        "adm1_pcode": "PH07",
        "adm0_name": "Philippines",
        "adm0_name1": null,
        "adm0_name2": null,
        "adm0_name3": null,
        "adm0_pcode": "PH",
        "valid_on": "2025-02-13",
        "valid_to": null,
        "area_sqkm": 4.45830876,
        "version": "v03",
        "lang": "en",
        "lang1": null,
        "lang2": null,
        "lang3": null,
        "adm4_ref_name": "Bulacao",
        "center_lat": 10.28527222,
        "center_lon": 123.83955814
      },
      "geometry": {
        "type": "Polygon",
        "coordinates": [
          [
            [
              123.83505430300022,
              10.301786276000144
            ],
            [
              123.83473497500006,
              10.302377395000121
            ],
            [
              123.83410884900013,
              10.302159211000173
            ],
            [
              123.83315565700013,
              10.301804816000072
            ],
            [
              123.83150641300006,
              10.301222730000063
            ],
            [
              123.83023378000007,
              10.300758587000132
            ],
            [
              123.82982483100022,
              10.300608306000015
            ],
            [
              123.82837709900014,
              10.300097804000075
            ],
            [
              123.82668750100015,
              10.299459775000116
            ],
            [
              123.82529932200009,
              10.298974650000048
            ],
            [
              123.82607596300022,
              10.296547841000063
            ],
            [
              123.8285765710001,
              10.292980735000128
            ],
            [
              123.83029578400021,
              10.284597957000017
            ],
            [
              123.83048280300011,
              10.284587879000071
            ],
            [
              123.83074956700011,
              10.284573196000053
            ],
            [
              123.83120386100006,
              10.284548961000098
            ],
            [
              123.83152550700004,
              10.284531635000064
            ],
            [
              123.83421822600019,
              10.284386588000075
            ],
            [
              123.83468705600012,
              10.28434283100006
            ],
            [
              123.83519339300017,
              10.284274069000048
            ],
            [
              123.83540593000009,
              10.284199055999977
            ],
            [
              123.83551219800017,
              10.284005272000115
            ],
            [
              123.83564972200031,
              10.283792736000123
            ],
            [
              123.83581850100018,
              10.283580199000028
            ],
            [
              123.83596227500016,
              10.283405169000105
            ],
            [
              123.83613105400002,
              10.28304885800003
            ],
            [
              123.8362373230002,
              10.282617534000053
            ],
            [
              123.83632483800022,
              10.282204963000083
            ],
            [
              123.83637484600013,
              10.281898660000081
            ],
            [
              123.8365811320001,
              10.281798643000059
            ],
            [
              123.83683117500016,
              10.28183615000006
            ],
            [
              123.83708746900004,
              10.281898660000081
            ],
            [
              123.83731250700032,
              10.282098695
            ],
            [
              123.83748753700002,
              10.282273725000096
            ],
            [
              123.83774383100013,
              10.282242470000085
            ],
            [
              123.83780009100019,
              10.28195492000009
            ],
            [
              123.83785635100003,
              10.28164861800019
            ],
            [
              123.83798137200017,
              10.281429830000036
            ],
            [
              123.83813139800009,
              10.281248549
            ],
            [
              123.8385127140001,
              10.280973501000176
            ],
            [
              123.83895654000003,
              10.280810974000133
            ],
            [
              123.83923783800003,
              10.280754714000125
            ],
            [
              123.83972542200001,
              10.280679701000054
            ],
            [
              123.84021925700017,
              10.280529675000025
            ],
            [
              123.84061307500008,
              10.280423407000114
            ],
            [
              123.84073184500005,
              10.280485918000068
            ],
            [
              123.84093813000004,
              10.280654697000102
            ],
            [
              123.84130069300011,
              10.280860982000036
            ],
            [
              123.84170701300013,
              10.280848480000031
            ],
            [
              123.84210708100022,
              10.2806171900001
            ],
            [
              123.84254465700019,
              10.280167113000061
            ],
            [
              123.8429384740001,
              10.279760793000037
            ],
            [
              123.84319476800022,
              10.27933572000012
            ],
            [
              123.84338230000014,
              10.279079426000067
            ],
            [
              123.84358233500006,
              10.278948153000101
            ],
            [
              123.84390114000007,
              10.278773123
            ],
            [
              123.84418243800008,
              10.278641850999975
            ],
            [
              123.8444762380002,
              10.27839180799998
            ],
            [
              123.84489506000023,
              10.277697939000063
            ],
            [
              123.84498197900007,
              10.277573622000148
            ],
            [
              123.845226367,
              10.277229108000085
            ],
            [
              123.84542015100021,
              10.27687279700018
            ],
            [
              123.84548266100023,
              10.276741524000045
            ],
            [
              123.84552641900018,
              10.276397715000144
            ],
            [
              123.84556392500008,
              10.276210183000046
            ],
            [
              123.84568269600004,
              10.276197681000099
            ],
            [
              123.84596399400004,
              10.276128919000087
            ],
            [
              123.84634531000029,
              10.275991395000062
            ],
            [
              123.84660160400006,
              10.275722599000062
            ],
            [
              123.8467516290001,
              10.275235015000021
            ],
            [
              123.8467766340001,
              10.274916211000118
            ],
            [
              123.84688290200006,
              10.27449738900009
            ],
            [
              123.84701417500014,
              10.274328610000055
            ],
            [
              123.84703560100013,
              10.274288489000014
            ],
            [
              123.84708349400012,
              10.274198808000165
            ],
            [
              123.84720222400017,
              10.274175062000154
            ],
            [
              123.84734945000002,
              10.274156065999989
            ],
            [
              123.84743968400005,
              10.274108573999968
            ],
            [
              123.84751092200008,
              10.274046834000046
            ],
            [
              123.8475584140001,
              10.273913856000036
            ],
            [
              123.84760115700021,
              10.273809374000109
            ],
            [
              123.84768189400006,
              10.273795126000152
            ],
            [
              123.84770851700023,
              10.273577754000144
            ],
            [
              123.84770851700023,
              10.273192757000174
            ],
            [
              123.84773116400004,
              10.272920994000117
            ],
            [
              123.84767454700022,
              10.272660554000083
            ],
            [
              123.84749337200003,
              10.272569967000152
            ],
            [
              123.84721028600006,
              10.272513350000168
            ],
            [
              123.84707440400007,
              10.272411439000166
            ],
            [
              123.84715366800003,
              10.272117029000128
            ],
            [
              123.8472669030001,
              10.271777325000073
            ],
            [
              123.84735749000004,
              10.271596150000107
            ],
            [
              123.84744807800007,
              10.271403651000071
            ],
            [
              123.84751601900007,
              10.27116585900012
            ],
            [
              123.84761793000007,
              10.270758215000171
            ],
            [
              123.84771984100007,
              10.270361894000132
            ],
            [
              123.84784439900011,
              10.270146748000116
            ],
            [
              123.84811616200011,
              10.27001086700011
            ],
            [
              123.848387924,
              10.269908956000165
            ],
            [
              123.84871630400005,
              10.269863662000148
            ],
            [
              123.84904468500008,
              10.26981836800013
            ],
            [
              123.84941835800021,
              10.26973910400011
            ],
            [
              123.84972409200009,
              10.269523958999969
            ],
            [
              123.8498136930001,
              10.269440188999965
            ],
            [
              123.84999585400021,
              10.269297489999985
            ],
            [
              123.85019967600022,
              10.269048373999965
            ],
            [
              123.85042614500003,
              10.268889845000103
            ],
            [
              123.8506073210001,
              10.268776610999964
            ],
            [
              123.85074320200022,
              10.268731317000118
            ],
            [
              123.85102628800018,
              10.268652053000153
            ],
            [
              123.85125275700022,
              10.268550142000151
            ],
            [
              123.85146790300007,
              10.26842558400017
            ],
            [
              123.85171701900003,
              10.268267056000184
            ],
            [
              123.85237647300005,
              10.269154310000033
            ],
            [
              123.85308653100003,
              10.27008973900007
            ],
            [
              123.85362778500007,
              10.271118042000182
            ],
            [
              123.85369303300013,
              10.271244426000123
            ],
            [
              123.85412367300023,
              10.272071961000165
            ],
            [
              123.854251298,
              10.272317159000181
            ],
            [
              123.85440541200035,
              10.27261852800018
            ],
            [
              123.85489609800027,
              10.273581901
            ],
            [
              123.85544021900012,
              10.274315414000057
            ],
            [
              123.85530806600025,
              10.27454273
            ],
            [
              123.85499346900008,
              10.275087810000173
            ],
            [
              123.85484162700016,
              10.275352782000084
            ],
            [
              123.85455142300009,
              10.275853010000105
            ],
            [
              123.85430928700009,
              10.276555463000022
            ],
            [
              123.85429697700022,
              10.276608458000055
            ],
            [
              123.85425207300023,
              10.276804587000015
            ],
            [
              123.85417705500004,
              10.277096592000134
            ],
            [
              123.85403802600001,
              10.277429269000038
            ],
            [
              123.85372201000007,
              10.277895495000053
            ],
            [
              123.85363909800003,
              10.277820121000047
            ],
            [
              123.85332838700015,
              10.27828875199998
            ],
            [
              123.85283342900004,
              10.279057864000038
            ],
            [
              123.85242743500021,
              10.279682488000049
            ],
            [
              123.8514738890002,
              10.280925503000105
            ],
            [
              123.85087186100009,
              10.282420725
            ],
            [
              123.84959524200008,
              10.284324691000165
            ],
            [
              123.84850588000018,
              10.28594648800015
            ],
            [
              123.84827305700003,
              10.286245839000117
            ],
            [
              123.84645555500026,
              10.288568853000129
            ],
            [
              123.8459808990001,
              10.289171271999976
            ],
            [
              123.84367690600016,
              10.290064220000147
            ],
            [
              123.83957772000008,
              10.29402827000007
            ],
            [
              123.83890093400021,
              10.294677917000058
            ],
            [
              123.83794205500021,
              10.296449173000042
            ],
            [
              123.8360688250001,
              10.299908125000115
            ],
            [
              123.83505430300022,
              10.301786276000144
            ]
          ]
        ]
      }
    },
    {
      "type": "Feature",
      "properties": {
        "adm4_name": "Buot-Taup Pardo",
        "adm4_name1": null,
        "adm4_name2": null,
        "adm4_name3": null,
        "adm4_pcode": "PH0702217016",
        "adm3_name": "Cebu City (Capital)",
        "adm3_name1": null,
        "adm3_name2": null,
        "adm3_name3": null,
        "adm3_pcode": "PH0702217",
        "adm2_name": "Cebu",
        "adm2_name1": null,
        "adm2_name2": null,
        "adm2_name3": null,
        "adm2_pcode": "PH07022",
        "adm1_name": "Region VII (Central Visayas)",
        "adm1_name1": null,
        "adm1_name2": null,
        "adm1_name3": null,
        "adm1_pcode": "PH07",
        "adm0_name": "Philippines",
        "adm0_name1": null,
        "adm0_name2": null,
        "adm0_name3": null,
        "adm0_pcode": "PH",
        "valid_on": "2025-02-13",
        "valid_to": null,
        "area_sqkm": 6.30989293,
        "version": "v03",
        "lang": "en",
        "lang1": null,
        "lang2": null,
        "lang3": null,
        "adm4_ref_name": "Buot-Taup Pardo",
        "center_lat": 10.34300548,
        "center_lon": 123.8062051
      },
      "geometry": {
        "type": "Polygon",
        "coordinates": [
          [
            [
              123.82078174000026,
              10.358689921000064
            ],
            [
              123.82066358800012,
              10.358834064000177
            ],
            [
              123.82005730000003,
              10.358544237000103
            ],
            [
              123.81950836600004,
              10.358282499000097
            ],
            [
              123.80699384600007,
              10.352315997000062
            ],
            [
              123.80167723800002,
              10.349781214000018
            ],
            [
              123.80009824000024,
              10.349801220000074
            ],
            [
              123.79659911200008,
              10.345930813000052
            ],
            [
              123.79572339800029,
              10.344962182000131
            ],
            [
              123.79218070400009,
              10.34104877600015
            ],
            [
              123.79143204400032,
              10.338799488
            ],
            [
              123.79144436300021,
              10.33876187300018
            ],
            [
              123.79140936800002,
              10.338674140000137
            ],
            [
              123.7913702960002,
              10.338658432000045
            ],
            [
              123.79132537700013,
              10.338599335000083
            ],
            [
              123.7913298100002,
              10.33854804900011
            ],
            [
              123.79132917900006,
              10.33848178200003
            ],
            [
              123.79142501700005,
              10.338344685000152
            ],
            [
              123.79152620900004,
              10.33823867200016
            ],
            [
              123.79156903500007,
              10.33807683200007
            ],
            [
              123.79161265300024,
              10.337990839000156
            ],
            [
              123.79167477300007,
              10.33796385700009
            ],
            [
              123.79180218500017,
              10.337987533000046
            ],
            [
              123.79189962900023,
              10.33803639600012
            ],
            [
              123.79197350000004,
              10.338073439000084
            ],
            [
              123.79210993600009,
              10.338115994000134
            ],
            [
              123.79223157600006,
              10.33809990800006
            ],
            [
              123.79228191600009,
              10.338093251000089
            ],
            [
              123.792805197,
              10.338138646000061
            ],
            [
              123.79304578700021,
              10.338112871000135
            ],
            [
              123.79338149600017,
              10.337980246000086
            ],
            [
              123.79384695300007,
              10.337437442000123
            ],
            [
              123.79399032600008,
              10.337305671000138
            ],
            [
              123.79643780700019,
              10.336217475000183
            ],
            [
              123.79810739300012,
              10.335502678000068
            ],
            [
              123.79897112000003,
              10.335829144000115
            ],
            [
              123.79932025700009,
              10.33598014100005
            ],
            [
              123.79956312200022,
              10.336368273
            ],
            [
              123.79983037400007,
              10.33661966800014
            ],
            [
              123.80033448900019,
              10.336600161000035
            ],
            [
              123.80119089800007,
              10.336467475000063
            ],
            [
              123.80151006300014,
              10.336613282000144
            ],
            [
              123.80198237900026,
              10.336783209000089
            ],
            [
              123.80234850000011,
              10.33664437900012
            ],
            [
              123.80252291700003,
              10.336493716
            ],
            [
              123.80194939700004,
              10.334974519000184
            ],
            [
              123.80183131100023,
              10.334498385000018
            ],
            [
              123.8018943840002,
              10.33391097700013
            ],
            [
              123.8023130250001,
              10.333177723000176
            ],
            [
              123.8026828730001,
              10.332683384000063
            ],
            [
              123.80307556200023,
              10.332551633000094
            ],
            [
              123.8035040640001,
              10.332588551000129
            ],
            [
              123.80377732400018,
              10.332870313000171
            ],
            [
              123.80398436100018,
              10.333256620000043
            ],
            [
              123.80379003000019,
              10.333583394000073
            ],
            [
              123.80357592700011,
              10.333883339000124
            ],
            [
              123.8035314760001,
              10.33418531500007
            ],
            [
              123.80371805000004,
              10.334499705000155
            ],
            [
              123.80411181700003,
              10.334714685000165
            ],
            [
              123.80460535000009,
              10.334699584000077
            ],
            [
              123.80503209100004,
              10.33462306600012
            ],
            [
              123.80619824400014,
              10.333448292000128
            ],
            [
              123.80658013500022,
              10.333397183000045
            ],
            [
              123.80697286900022,
              10.333366792000106
            ],
            [
              123.80718342400007,
              10.334013592000133
            ],
            [
              123.80712641000002,
              10.33521070800009
            ],
            [
              123.80743491800013,
              10.335529017000056
            ],
            [
              123.80809716800002,
              10.335468676000119
            ],
            [
              123.80842934400016,
              10.33520756900009
            ],
            [
              123.80837409800006,
              10.334574457000087
            ],
            [
              123.80821753100031,
              10.333920233000185
            ],
            [
              123.80688903800012,
              10.332745100000182
            ],
            [
              123.80647733600017,
              10.332222331000025
            ],
            [
              123.80669772100032,
              10.331799378000085
            ],
            [
              123.8072191570003,
              10.331524845000047
            ],
            [
              123.80780546800008,
              10.331323124000107
            ],
            [
              123.8085576420001,
              10.331294153000101
            ],
            [
              123.80913155100006,
              10.330882015000157
            ],
            [
              123.8093956570001,
              10.330548219000036
            ],
            [
              123.80924385100013,
              10.33018498600012
            ],
            [
              123.80858883000008,
              10.329689062000114
            ],
            [
              123.80833451500007,
              10.32914773400006
            ],
            [
              123.8082515220002,
              10.32837566000012
            ],
            [
              123.80864228300015,
              10.327710459000059
            ],
            [
              123.80927209100003,
              10.327288281000165
            ],
            [
              123.80957555000032,
              10.32741868700009
            ],
            [
              123.80975495200005,
              10.327656594000132
            ],
            [
              123.80976613400014,
              10.328198495000152
            ],
            [
              123.80991811300032,
              10.328581792000136
            ],
            [
              123.81021514900021,
              10.328888016000064
            ],
            [
              123.8110292450001,
              10.329213958000025
            ],
            [
              123.81181952500026,
              10.329259957000033
            ],
            [
              123.81246326000019,
              10.32890117800008
            ],
            [
              123.81291269300016,
              10.328365611000095
            ],
            [
              123.81369663700002,
              10.327502855000148
            ],
            [
              123.81406308300006,
              10.327510895000103
            ],
            [
              123.8143783180002,
              10.327673244000096
            ],
            [
              123.81454003000022,
              10.328769524000052
            ],
            [
              123.81506672700004,
              10.329348862000188
            ],
            [
              123.8155100040002,
              10.329542834999984
            ],
            [
              123.81592383400016,
              10.32936311700007
            ],
            [
              123.8159664330002,
              10.32902403800017
            ],
            [
              123.81647217500029,
              10.328072054000074
            ],
            [
              123.81857057000013,
              10.330113312000037
            ],
            [
              123.82101013000033,
              10.332486343000028
            ],
            [
              123.82017442800009,
              10.334300491000022
            ],
            [
              123.81999622700005,
              10.3346869020001
            ],
            [
              123.8198696640003,
              10.334963086000016
            ],
            [
              123.81754547700007,
              10.34003489700018
            ],
            [
              123.81769501800011,
              10.340519727000128
            ],
            [
              123.81980289700005,
              10.347385781000185
            ],
            [
              123.82259448800016,
              10.356478911000067
            ],
            [
              123.82078174000026,
              10.358689921000064
            ]
          ]
        ]
      }
    },
    {
      "type": "Feature",
      "properties": {
        "adm4_name": "Busay (Pob.)",
        "adm4_name1": null,
        "adm4_name2": null,
        "adm4_name3": null,
        "adm4_pcode": "PH0702217017",
        "adm3_name": "Cebu City (Capital)",
        "adm3_name1": null,
        "adm3_name2": null,
        "adm3_name3": null,
        "adm3_pcode": "PH0702217",
        "adm2_name": "Cebu",
        "adm2_name1": null,
        "adm2_name2": null,
        "adm2_name3": null,
        "adm2_pcode": "PH07022",
        "adm1_name": "Region VII (Central Visayas)",
        "adm1_name1": null,
        "adm1_name2": null,
        "adm1_name3": null,
        "adm1_pcode": "PH07",
        "adm0_name": "Philippines",
        "adm0_name1": null,
        "adm0_name2": null,
        "adm0_name3": null,
        "adm0_pcode": "PH",
        "valid_on": "2025-02-13",
        "valid_to": null,
        "area_sqkm": 9.07366465,
        "version": "v03",
        "lang": "en",
        "lang1": null,
        "lang2": null,
        "lang3": null,
        "adm4_ref_name": "Busay (Pob.)",
        "center_lat": 10.3599695,
        "center_lon": 123.88592578
      },
      "geometry": {
        "type": "Polygon",
        "coordinates": [
          [
            [
              123.873739827,
              10.378408037000156
            ],
            [
              123.873632745,
              10.378412229000105
            ],
            [
              123.87275460900003,
              10.378218967000123
            ],
            [
              123.8713361230001,
              10.377906619000044
            ],
            [
              123.87071264400015,
              10.376744681000162
            ],
            [
              123.87003248500002,
              10.376262902000178
            ],
            [
              123.86728295500029,
              10.374674387000141
            ],
            [
              123.86385314600011,
              10.372660908000057
            ],
            [
              123.86732446300005,
              10.365008253000042
            ],
            [
              123.86778510700015,
              10.362345755000035
            ],
            [
              123.87653608700009,
              10.360152342000163
            ],
            [
              123.87656267200009,
              10.357106719000171
            ],
            [
              123.87671871500015,
              10.349499644
            ],
            [
              123.87675772500018,
              10.345130451999978
            ],
            [
              123.87683909700013,
              10.341510067
            ],
            [
              123.878647924,
              10.34171140400008
            ],
            [
              123.8814507080001,
              10.342023376000157
            ],
            [
              123.88165686700017,
              10.342028315000107
            ],
            [
              123.88205947500023,
              10.342084998000075
            ],
            [
              123.88270034400011,
              10.342162470000119
            ],
            [
              123.88428562900003,
              10.342309920000048
            ],
            [
              123.88483928400012,
              10.34235605800012
            ],
            [
              123.88871878500004,
              10.34271808900013
            ],
            [
              123.88881838500015,
              10.342505608000067
            ],
            [
              123.88903690300003,
              10.342567723000116
            ],
            [
              123.88949123000009,
              10.342933359000028
            ],
            [
              123.89014856400013,
              10.34346896400018
            ],
            [
              123.8904407120001,
              10.343402013000059
            ],
            [
              123.89089110700002,
              10.343402013000059
            ],
            [
              123.89119542800006,
              10.343554174000133
            ],
            [
              123.89140236700007,
              10.343803717000071
            ],
            [
              123.89170668800011,
              10.344108038000115
            ],
            [
              123.89210230500021,
              10.344168903000082
            ],
            [
              123.89258313300002,
              10.344345409000141
            ],
            [
              123.89291180000009,
              10.344467137000095
            ],
            [
              123.8930578740003,
              10.344558434000078
            ],
            [
              123.89311265200001,
              10.344692335000047
            ],
            [
              123.89306396000006,
              10.344832323000105
            ],
            [
              123.89282050300017,
              10.344923619000042
            ],
            [
              123.89265617000012,
              10.34502100200018
            ],
            [
              123.89266225600011,
              10.345221854000101
            ],
            [
              123.89286919500012,
              10.345422706000022
            ],
            [
              123.8931917750001,
              10.345562693000147
            ],
            [
              123.89342900800011,
              10.345614927000042
            ],
            [
              123.89342099300006,
              10.345342401000039
            ],
            [
              123.8936162560002,
              10.34452048500009
            ],
            [
              123.89376565800012,
              10.343891601000053
            ],
            [
              123.89506841900015,
              10.344524369000055
            ],
            [
              123.89575924800022,
              10.344850830000155
            ],
            [
              123.8960020930001,
              10.344507911000107
            ],
            [
              123.8967279310001,
              10.343986572
            ],
            [
              123.89758621600004,
              10.343693921000067
            ],
            [
              123.89787861000002,
              10.343552597000098
            ],
            [
              123.89839859900019,
              10.344500777
            ],
            [
              123.89853486200002,
              10.344661086000087
            ],
            [
              123.89852174400016,
              10.34478993300013
            ],
            [
              123.89863946000014,
              10.344891952000182
            ],
            [
              123.89877287000013,
              10.34506460100016
            ],
            [
              123.89867869800003,
              10.345331422000129
            ],
            [
              123.89886704200012,
              10.345606090000103
            ],
            [
              123.8990083000001,
              10.345872911000072
            ],
            [
              123.89952137900002,
              10.346807025999965
            ],
            [
              123.90084603000003,
              10.34692098700009
            ],
            [
              123.90178667800012,
              10.346928729000183
            ],
            [
              123.90232944400009,
              10.346933196000123
            ],
            [
              123.90343842900006,
              10.347118506000186
            ],
            [
              123.90359992400022,
              10.34714528700016
            ],
            [
              123.9035407240001,
              10.347263689000044
            ],
            [
              123.90360903200008,
              10.347368428000095
            ],
            [
              123.90351569100005,
              10.347526327000082
            ],
            [
              123.90321832000006,
              10.34769153200017
            ],
            [
              123.9033174440001,
              10.34822019100011
            ],
            [
              123.90329541600022,
              10.348704794000128
            ],
            [
              123.90300906000016,
              10.349354603
            ],
            [
              123.90287689500019,
              10.349519808000082
            ],
            [
              123.90240330600011,
              10.349751096000034
            ],
            [
              123.9019627570002,
              10.349949343
            ],
            [
              123.90172045600013,
              10.350246713000104
            ],
            [
              123.90169842800003,
              10.350566111000035
            ],
            [
              123.90185262000023,
              10.350841454000033
            ],
            [
              123.90189667500022,
              10.351215920000072
            ],
            [
              123.90169842800003,
              10.35148024900019
            ],
            [
              123.90120281100019,
              10.351777619000131
            ],
            [
              123.9010926740001,
              10.352207154000041
            ],
            [
              123.90064111200002,
              10.352956086000177
            ],
            [
              123.90004637200002,
              10.353694005000023
            ],
            [
              123.89992522100022,
              10.35398036100014
            ],
            [
              123.8999692760002,
              10.354156581000154
            ],
            [
              123.90011245400012,
              10.354553073999966
            ],
            [
              123.90010144000007,
              10.354916527000114
            ],
            [
              123.89963886400005,
              10.355555322000157
            ],
            [
              123.89944256800015,
              10.355878127000096
            ],
            [
              123.89913045600008,
              10.356088463000106
            ],
            [
              123.89886584000021,
              10.356224164000025
            ],
            [
              123.89851301800013,
              10.356427715000109
            ],
            [
              123.89825518700002,
              10.356699117000176
            ],
            [
              123.89788879500009,
              10.357079079000187
            ],
            [
              123.89752918800025,
              10.357465826000123
            ],
            [
              123.89722386100016,
              10.35786614300008
            ],
            [
              123.89704066500008,
              10.358069694000164
            ],
            [
              123.89683032900007,
              10.35827324500002
            ],
            [
              123.89663356300014,
              10.35848358100003
            ],
            [
              123.89653178800017,
              10.358782123000026
            ],
            [
              123.89642322700001,
              10.358951749000028
            ],
            [
              123.89618575100008,
              10.359202795000044
            ],
            [
              123.89590077900004,
              10.359413131000053
            ],
            [
              123.89563616300006,
              10.35971167300005
            ],
            [
              123.89545296700032,
              10.359901654000055
            ],
            [
              123.89517478000016,
              10.360037354000099
            ],
            [
              123.89493730400022,
              10.360179840000114
            ],
            [
              123.89458448200014,
              10.360376606000102
            ],
            [
              123.89418416500018,
              10.360539447000122
            ],
            [
              123.89387883900008,
              10.360471597000014
            ],
            [
              123.89367528700018,
              10.360519092000118
            ],
            [
              123.89347173600027,
              10.36064122200014
            ],
            [
              123.89322069000013,
              10.36077692300006
            ],
            [
              123.89296964400012,
              10.360810848000142
            ],
            [
              123.89272538200021,
              10.36074978300013
            ],
            [
              123.89256254200018,
              10.360654793000094
            ],
            [
              123.89239970100016,
              10.360614081999984
            ],
            [
              123.89220293500023,
              10.360695503000102
            ],
            [
              123.8919111780001,
              10.360837988000071
            ],
            [
              123.89164656200012,
              10.361075465000056
            ],
            [
              123.89137516000017,
              10.361102605000042
            ],
            [
              123.88984630200002,
              10.365305228000011
            ],
            [
              123.88265417200012,
              10.375658640000097
            ],
            [
              123.88236098800007,
              10.37608442200019
            ],
            [
              123.88025508700002,
              10.378156269000101
            ],
            [
              123.873739827,
              10.378408037000156
            ]
          ]
        ]
      }
    },
    {
      "type": "Feature",
      "properties": {
        "adm4_name": "Calamba",
        "adm4_name1": null,
        "adm4_name2": null,
        "adm4_name3": null,
        "adm4_pcode": "PH0702217018",
        "adm3_name": "Cebu City (Capital)",
        "adm3_name1": null,
        "adm3_name2": null,
        "adm3_name3": null,
        "adm3_pcode": "PH0702217",
        "adm2_name": "Cebu",
        "adm2_name1": null,
        "adm2_name2": null,
        "adm2_name3": null,
        "adm2_pcode": "PH07022",
        "adm1_name": "Region VII (Central Visayas)",
        "adm1_name1": null,
        "adm1_name2": null,
        "adm1_name3": null,
        "adm1_pcode": "PH07",
        "adm0_name": "Philippines",
        "adm0_name1": null,
        "adm0_name2": null,
        "adm0_name3": null,
        "adm0_pcode": "PH",
        "valid_on": "2025-02-13",
        "valid_to": null,
        "area_sqkm": 0.46126082,
        "version": "v03",
        "lang": "en",
        "lang1": null,
        "lang2": null,
        "lang3": null,
        "adm4_ref_name": "Calamba",
        "center_lat": 10.30284856,
        "center_lon": 123.88571844
      },
      "geometry": {
        "type": "Polygon",
        "coordinates": [
          [
            [
              123.88663141800009,
              10.307923787
            ],
            [
              123.88660385600008,
              10.308563028000037
            ],
            [
              123.88612447000003,
              10.30847842500009
            ],
            [
              123.88556737600015,
              10.308358267000074
            ],
            [
              123.88515338900004,
              10.308208386000047
            ],
            [
              123.88478635200022,
              10.308074259000023
            ],
            [
              123.88460797200003,
              10.308041047000131
            ],
            [
              123.88446411200016,
              10.3080141800001
            ],
            [
              123.88356293100014,
              10.307823020000114
            ],
            [
              123.88278190700032,
              10.307648246000042
            ],
            [
              123.88278604300001,
              10.307155755000053
            ],
            [
              123.88323633600021,
              10.306680966000101
            ],
            [
              123.88344902900008,
              10.306113277000122
            ],
            [
              123.88342019100003,
              10.305992034000155
            ],
            [
              123.88340053000013,
              10.305952369000124
            ],
            [
              123.8834002960001,
              10.30588952700009
            ],
            [
              123.8834026180001,
              10.305729189000147
            ],
            [
              123.88362160300017,
              10.305240705000074
            ],
            [
              123.88384843000006,
              10.30477466700006
            ],
            [
              123.88413936200016,
              10.304016274000105
            ],
            [
              123.88418920200002,
              10.303751809000175
            ],
            [
              123.88423567700022,
              10.303513888999987
            ],
            [
              123.8842695830001,
              10.303183549000039
            ],
            [
              123.88434991000008,
              10.302636128000131
            ],
            [
              123.88441382200006,
              10.302219846000128
            ],
            [
              123.88447933700013,
              10.301819894000062
            ],
            [
              123.88450142700015,
              10.301720195000087
            ],
            [
              123.88452307000011,
              10.30152358700019
            ],
            [
              123.88456659900021,
              10.301249510000162
            ],
            [
              123.88460416900011,
              10.30104031600007
            ],
            [
              123.88465380700018,
              10.300762455000097
            ],
            [
              123.88470686500011,
              10.300465478000092
            ],
            [
              123.88470916100027,
              10.300452599000039
            ],
            [
              123.88474670500023,
              10.300157444000035
            ],
            [
              123.88482820700017,
              10.299562871000148
            ],
            [
              123.88484769000013,
              10.29942348000003
            ],
            [
              123.88486051000007,
              10.299347240000145
            ],
            [
              123.88488201300004,
              10.299207468000134
            ],
            [
              123.88492208100013,
              10.298952728000188
            ],
            [
              123.8849317480001,
              10.298888040000179
            ],
            [
              123.88494220000007,
              10.298822687000154
            ],
            [
              123.88497080100012,
              10.298642702000109
            ],
            [
              123.88506568900016,
              10.298050743999966
            ],
            [
              123.88546854800018,
              10.29795101600007
            ],
            [
              123.88571771800014,
              10.297896653000123
            ],
            [
              123.88615635800022,
              10.297782821999988
            ],
            [
              123.88650863900011,
              10.297694259000082
            ],
            [
              123.88732393900011,
              10.29748929200008
            ],
            [
              123.88742855800012,
              10.297463116000017
            ],
            [
              123.88831760200014,
              10.297240733000024
            ],
            [
              123.88946432700004,
              10.29735098100008
            ],
            [
              123.88957180000023,
              10.297364088
            ],
            [
              123.88951937400009,
              10.29746631800009
            ],
            [
              123.889437197,
              10.297625229
            ],
            [
              123.88921351800002,
              10.297893644000112
            ],
            [
              123.88906738100013,
              10.29810837600013
            ],
            [
              123.8888884380001,
              10.298335038000062
            ],
            [
              123.88879812800008,
              10.298430507000035
            ],
            [
              123.88873335300002,
              10.298499069000059
            ],
            [
              123.88857826900016,
              10.298692925000068
            ],
            [
              123.88844790100018,
              10.298772373000077
            ],
            [
              123.88829035200001,
              10.298842976000174
            ],
            [
              123.8882464720001,
              10.298905661000106
            ],
            [
              123.88820382200015,
              10.298953509000171
            ],
            [
              123.88819632400009,
              10.29896207700017
            ],
            [
              123.88806468500013,
              10.299156401000062
            ],
            [
              123.88786409300019,
              10.299338188000092
            ],
            [
              123.88773245400023,
              10.299545049000074
            ],
            [
              123.88774499100009,
              10.299657882000076
            ],
            [
              123.88768230600033,
              10.299764447000086
            ],
            [
              123.88753186200017,
              10.299802058000125
            ],
            [
              123.88730619500006,
              10.299883549000185
            ],
            [
              123.88719336200006,
              10.300021456000138
            ],
            [
              123.8870617230001,
              10.300234585000112
            ],
            [
              123.88698650100002,
              10.300397567000061
            ],
            [
              123.88696769600006,
              10.30054174300011
            ],
            [
              123.8869426220001,
              10.300610696000035
            ],
            [
              123.88704918600001,
              10.300736067
            ],
            [
              123.88717455700021,
              10.300886511000044
            ],
            [
              123.88722470500022,
              10.300993076000054
            ],
            [
              123.88733126900001,
              10.30113725100017
            ],
            [
              123.88718082500031,
              10.30126889000013
            ],
            [
              123.88701784400007,
              10.301350381000077
            ],
            [
              123.88698023300003,
              10.301507094000158
            ],
            [
              123.88699277000012,
              10.301632464000022
            ],
            [
              123.88711187100012,
              10.30172649200017
            ],
            [
              123.88724977900017,
              10.301839325000174
            ],
            [
              123.88747544500018,
              10.301933353000152
            ],
            [
              123.88761962100023,
              10.302108871000087
            ],
            [
              123.88770111200029,
              10.302215436000154
            ],
            [
              123.88764469500018,
              10.30233453700015
            ],
            [
              123.88747544500018,
              10.302484982000067
            ],
            [
              123.88729992700007,
              10.302604083000062
            ],
            [
              123.88714948200015,
              10.302760796000143
            ],
            [
              123.88708679700005,
              10.302936315000181
            ],
            [
              123.88707900100007,
              10.30298246500007
            ],
            [
              123.88704291800002,
              10.303149444000155
            ],
            [
              123.88711187100012,
              10.303343768000047
            ],
            [
              123.88719611400006,
              10.30343695900001
            ],
            [
              123.88737216500022,
              10.303466301000128
            ],
            [
              123.8875306110001,
              10.303478037000048
            ],
            [
              123.88773013500008,
              10.30337827500017
            ],
            [
              123.88787097600016,
              10.30337240700004
            ],
            [
              123.88799421100009,
              10.30348390600011
            ],
            [
              123.88802942100006,
              10.303618878000066
            ],
            [
              123.88782989700007,
              10.303900559
            ],
            [
              123.88771839800017,
              10.30417050400007
            ],
            [
              123.8880939730002,
              10.304334817999973
            ],
            [
              123.88828176100014,
              10.304452185
            ],
            [
              123.88812918300027,
              10.30483362800004
            ],
            [
              123.88797660600017,
              10.304956864000133
            ],
            [
              123.88773013500008,
              10.305238545000066
            ],
            [
              123.88758929400012,
              10.30528549200011
            ],
            [
              123.88738390200001,
              10.305232677000106
            ],
            [
              123.88705527400032,
              10.30517399300004
            ],
            [
              123.8868440130002,
              10.305303097000092
            ],
            [
              123.88696724800002,
              10.305543699999987
            ],
            [
              123.8872019830003,
              10.305831250000153
            ],
            [
              123.88728699100022,
              10.305979250000178
            ],
            [
              123.88733695500014,
              10.306065984000043
            ],
            [
              123.8876303730002,
              10.306312455000125
            ],
            [
              123.88780055500013,
              10.306453296000143
            ],
            [
              123.88797660600017,
              10.306453296000143
            ],
            [
              123.88800594800011,
              10.306740845000036
            ],
            [
              123.88784750200011,
              10.307186841000146
            ],
            [
              123.88787097600016,
              10.307362891000139
            ],
            [
              123.88806463100013,
              10.307409838000012
            ],
            [
              123.88838739100015,
              10.307380497
            ],
            [
              123.88855757400006,
              10.307738466000046
            ],
            [
              123.88855170500005,
              10.30794972700005
            ],
            [
              123.88855757400006,
              10.308067095000126
            ],
            [
              123.88845391000007,
              10.308051181000053
            ],
            [
              123.88798183600011,
              10.308026847
            ],
            [
              123.88663141800009,
              10.307923787
            ]
          ]
        ]
      }
    },
    {
      "type": "Feature",
      "properties": {
        "adm4_name": "Cambinocot",
        "adm4_name1": null,
        "adm4_name2": null,
        "adm4_name3": null,
        "adm4_pcode": "PH0702217019",
        "adm3_name": "Cebu City (Capital)",
        "adm3_name1": null,
        "adm3_name2": null,
        "adm3_name3": null,
        "adm3_pcode": "PH0702217",
        "adm2_name": "Cebu",
        "adm2_name1": null,
        "adm2_name2": null,
        "adm2_name3": null,
        "adm2_pcode": "PH07022",
        "adm1_name": "Region VII (Central Visayas)",
        "adm1_name1": null,
        "adm1_name2": null,
        "adm1_name3": null,
        "adm1_pcode": "PH07",
        "adm0_name": "Philippines",
        "adm0_name1": null,
        "adm0_name2": null,
        "adm0_name3": null,
        "adm0_pcode": "PH",
        "valid_on": "2025-02-13",
        "valid_to": null,
        "area_sqkm": 5.40399446,
        "version": "v03",
        "lang": "en",
        "lang1": null,
        "lang2": null,
        "lang3": null,
        "adm4_ref_name": "Cambinocot",
        "center_lat": 10.46472649,
        "center_lon": 123.89722559
      },
      "geometry": {
        "type": "Polygon",
        "coordinates": [
          [
            [
              123.90775803600002,
              10.468093010000075
            ],
            [
              123.90459105800016,
              10.480714496000019
            ],
            [
              123.90433715700021,
              10.480583094
            ],
            [
              123.89173309300008,
              10.474446124999986
            ],
            [
              123.88276937800026,
              10.458967201
            ],
            [
              123.88294081900017,
              10.458832649000101
            ],
            [
              123.88359968000009,
              10.458791697000095
            ],
            [
              123.88385894100008,
              10.458815145000074
            ],
            [
              123.88417603900007,
              10.458690583000077
            ],
            [
              123.88447758000007,
              10.45873068100019
            ],
            [
              123.8847547900001,
              10.458877408000149
            ],
            [
              123.88517467600002,
              10.458741004000046
            ],
            [
              123.88559485900021,
              10.45865879900009
            ],
            [
              123.88573902100006,
              10.458573001000104
            ],
            [
              123.88585607300013,
              10.458095555
            ],
            [
              123.88612006600022,
              10.457943522000164
            ],
            [
              123.88639613000032,
              10.457951858000115
            ],
            [
              123.88661768100008,
              10.4579647380001
            ],
            [
              123.89513866300013,
              10.457614356000079
            ],
            [
              123.89521403900028,
              10.457394604
            ],
            [
              123.89555546400004,
              10.457138714000166
            ],
            [
              123.89671579300023,
              10.45586938300005
            ],
            [
              123.9003039920002,
              10.451944104000063
            ],
            [
              123.9023175210001,
              10.449723774
            ],
            [
              123.90470632700021,
              10.44886458200017
            ],
            [
              123.90496159400004,
              10.449278067000023
            ],
            [
              123.90544432700017,
              10.450060354000186
            ],
            [
              123.90622391600004,
              10.45334619099998
            ],
            [
              123.90752470300015,
              10.462859409000032
            ],
            [
              123.90916858500009,
              10.46659356300006
            ],
            [
              123.90778152300004,
              10.467978040000162
            ],
            [
              123.90775803600002,
              10.468093010000075
            ]
          ]
        ]
      }
    },
    {
      "type": "Feature",
      "properties": {
        "adm4_name": "Capitol Site (Pob.)",
        "adm4_name1": null,
        "adm4_name2": null,
        "adm4_name3": null,
        "adm4_pcode": "PH0702217020",
        "adm3_name": "Cebu City (Capital)",
        "adm3_name1": null,
        "adm3_name2": null,
        "adm3_name3": null,
        "adm3_pcode": "PH0702217",
        "adm2_name": "Cebu",
        "adm2_name1": null,
        "adm2_name2": null,
        "adm2_name3": null,
        "adm2_pcode": "PH07022",
        "adm1_name": "Region VII (Central Visayas)",
        "adm1_name1": null,
        "adm1_name2": null,
        "adm1_name3": null,
        "adm1_pcode": "PH07",
        "adm0_name": "Philippines",
        "adm0_name1": null,
        "adm0_name2": null,
        "adm0_name3": null,
        "adm0_pcode": "PH",
        "valid_on": "2025-02-13",
        "valid_to": null,
        "area_sqkm": 0.79426689,
        "version": "v03",
        "lang": "en",
        "lang1": null,
        "lang2": null,
        "lang3": null,
        "adm4_ref_name": "Capitol Site (Pob.)",
        "center_lat": 10.31648819,
        "center_lon": 123.8911179
      },
      "geometry": {
        "type": "Polygon",
        "coordinates": [
          [
            [
              123.8905681230001,
              10.325007538000023
            ],
            [
              123.8904938820001,
              10.325038440000071
            ],
            [
              123.89035682000008,
              10.324982255000123
            ],
            [
              123.89032826500011,
              10.324892360000035
            ],
            [
              123.8901561990001,
              10.324845517000028
            ],
            [
              123.89008769300017,
              10.324950300000069
            ],
            [
              123.88918548800018,
              10.32468042100004
            ],
            [
              123.88922069800026,
              10.324275505000116
            ],
            [
              123.88932046000002,
              10.323794299000042
            ],
            [
              123.88954932600006,
              10.323412856000061
            ],
            [
              123.88978406100011,
              10.322960992000105
            ],
            [
              123.88998945300023,
              10.322567812000102
            ],
            [
              123.88997771700008,
              10.321904687000028
            ],
            [
              123.88974885100004,
              10.321587796000188
            ],
            [
              123.88928525000006,
              10.32110659000017
            ],
            [
              123.88907398900028,
              10.320801436000124
            ],
            [
              123.88910919900002,
              10.320596043000137
            ],
            [
              123.889525853,
              10.320097232000137
            ],
            [
              123.88972537700022,
              10.31983315600013
            ],
            [
              123.88974885100004,
              10.31965123700013
            ],
            [
              123.88942609100013,
              10.319287399000189
            ],
            [
              123.88889793800001,
              10.318553854000186
            ],
            [
              123.88871780500017,
              10.318219321000129
            ],
            [
              123.88852823200034,
              10.317867256
            ],
            [
              123.88836978600023,
              10.317215868000119
            ],
            [
              123.88848128500013,
              10.316928318000123
            ],
            [
              123.88852823200034,
              10.316834424000035
            ],
            [
              123.88855757400006,
              10.316734662000101
            ],
            [
              123.88891554400004,
              10.316241720000164
            ],
            [
              123.8889390170001,
              10.31585440800012
            ],
            [
              123.88899770100022,
              10.315525780000087
            ],
            [
              123.88915614600012,
              10.315120863000061
            ],
            [
              123.88900943700014,
              10.314886129
            ],
            [
              123.88882165000007,
              10.314762893000136
            ],
            [
              123.88853410000013,
              10.314510554000094
            ],
            [
              123.88868667800011,
              10.314269951000028
            ],
            [
              123.88901530600015,
              10.314023480000117
            ],
            [
              123.88933806500029,
              10.313342750000118
            ],
            [
              123.88948477400004,
              10.312920228000166
            ],
            [
              123.88950824800008,
              10.312550522000095
            ],
            [
              123.88953172100014,
              10.311910870000133
            ],
            [
              123.88926764500002,
              10.31134750800004
            ],
            [
              123.88891554400004,
              10.310919118000129
            ],
            [
              123.88898009600007,
              10.310613963000037
            ],
            [
              123.88899183200033,
              10.310379228000045
            ],
            [
              123.88892728000019,
              10.309815866000179
            ],
            [
              123.88906225300002,
              10.309352265000086
            ],
            [
              123.88903877900009,
              10.309099926000101
            ],
            [
              123.88871601900019,
              10.308700878000082
            ],
            [
              123.88875123000014,
              10.308530695000115
            ],
            [
              123.88858691500013,
              10.308389854000097
            ],
            [
              123.88858104700023,
              10.30817272500019
            ],
            [
              123.88855757400006,
              10.308067095000126
            ],
            [
              123.88866804700012,
              10.308070648000182
            ],
            [
              123.8890949380002,
              10.308109887000114
            ],
            [
              123.88925692200007,
              10.308124181999972
            ],
            [
              123.88961219400016,
              10.30823125000012
            ],
            [
              123.88992536800015,
              10.308348562999981
            ],
            [
              123.89018646900001,
              10.308445387000177
            ],
            [
              123.89033132500003,
              10.308489663000103
            ],
            [
              123.89082401200005,
              10.308654655999987
            ],
            [
              123.89140714100006,
              10.3088413750001
            ],
            [
              123.89165622400003,
              10.308922327000062
            ],
            [
              123.89215749800007,
              10.309092663000115
            ],
            [
              123.89267823900025,
              10.309321400000101
            ],
            [
              123.8932499880001,
              10.309549065
            ],
            [
              123.893865634,
              10.30978224200004
            ],
            [
              123.89434495500018,
              10.309888204000117
            ],
            [
              123.89546137400009,
              10.310245574000021
            ],
            [
              123.89530170700004,
              10.310957232000078
            ],
            [
              123.89528441700008,
              10.311032461000025
            ],
            [
              123.89521743700004,
              10.311323421000111
            ],
            [
              123.89519176200008,
              10.311432990000014
            ],
            [
              123.89500279200013,
              10.312474283000142
            ],
            [
              123.89485630000013,
              10.312838839000108
            ],
            [
              123.89444319500012,
              10.313801488000081
            ],
            [
              123.89380297600019,
              10.315645010000026
            ],
            [
              123.89328617200022,
              10.317079718000059
            ],
            [
              123.89289278500007,
              10.318151892000117
            ],
            [
              123.89294677900011,
              10.318406437000135
            ],
            [
              123.89262281300012,
              10.319393762
            ],
            [
              123.89272308800014,
              10.319594313000039
            ],
            [
              123.89270899900009,
              10.31979324200006
            ],
            [
              123.89265474600018,
              10.319936514000176
            ],
            [
              123.89264166800001,
              10.319960911000123
            ],
            [
              123.8922578380002,
              10.320652874000132
            ],
            [
              123.89206081100019,
              10.320953464000127
            ],
            [
              123.8918894840001,
              10.321357996000188
            ],
            [
              123.8917381010001,
              10.322041488000082
            ],
            [
              123.89169120800022,
              10.322253206000028
            ],
            [
              123.89102827500017,
              10.323479728000052
            ],
            [
              123.89092262300017,
              10.32411039900012
            ],
            [
              123.8907570130001,
              10.324413535000133
            ],
            [
              123.89078982400008,
              10.324630088000049
            ],
            [
              123.89092106800013,
              10.32479414300019
            ],
            [
              123.89093362100016,
              10.324833367000053
            ],
            [
              123.89092791000007,
              10.324875505000023
            ],
            [
              123.89093076600022,
              10.324909216000037
            ],
            [
              123.89093076600022,
              10.32491483400014
            ],
            [
              123.890916489,
              10.32494011700004
            ],
            [
              123.89084510200018,
              10.32496820900002
            ],
            [
              123.89072802900023,
              10.324912025000174
            ],
            [
              123.8906880520002,
              10.324959782000121
            ],
            [
              123.8906280880002,
              10.325032821000036
            ],
            [
              123.89057669000022,
              10.325027203000104
            ],
            [
              123.8905747780002,
              10.325022814000022
            ],
            [
              123.8905681230001,
              10.325007538000023
            ]
          ]
        ]
      }
    },
    {
      "type": "Feature",
      "properties": {
        "adm4_name": "Carreta",
        "adm4_name1": null,
        "adm4_name2": null,
        "adm4_name3": null,
        "adm4_pcode": "PH0702217021",
        "adm3_name": "Cebu City (Capital)",
        "adm3_name1": null,
        "adm3_name2": null,
        "adm3_name3": null,
        "adm3_pcode": "PH0702217",
        "adm2_name": "Cebu",
        "adm2_name1": null,
        "adm2_name2": null,
        "adm2_name3": null,
        "adm2_pcode": "PH07022",
        "adm1_name": "Region VII (Central Visayas)",
        "adm1_name1": null,
        "adm1_name2": null,
        "adm1_name3": null,
        "adm1_pcode": "PH07",
        "adm0_name": "Philippines",
        "adm0_name1": null,
        "adm0_name2": null,
        "adm0_name3": null,
        "adm0_pcode": "PH",
        "valid_on": "2025-02-13",
        "valid_to": null,
        "area_sqkm": 0.94450436,
        "version": "v03",
        "lang": "en",
        "lang1": null,
        "lang2": null,
        "lang3": null,
        "adm4_ref_name": "Carreta",
        "center_lat": 10.30722255,
        "center_lon": 123.91450152
      },
      "geometry": {
        "type": "Polygon",
        "coordinates": [
          [
            [
              123.91491031700002,
              10.312281979000034
            ],
            [
              123.91459787300005,
              10.312599382000087
            ],
            [
              123.91452075600012,
              10.312519673000168
            ],
            [
              123.91440194300003,
              10.312385017
            ],
            [
              123.91430689200001,
              10.312274124000169
            ],
            [
              123.91414055300004,
              10.312115706000043
            ],
            [
              123.91402966000021,
              10.312032537000164
            ],
            [
              123.91391876700004,
              10.311929565000185
            ],
            [
              123.91378411200014,
              10.31173550300008
            ],
            [
              123.9137128230002,
              10.311612729000046
            ],
            [
              123.91363757500005,
              10.311529559000121
            ],
            [
              123.91350291900005,
              10.311406785000088
            ],
            [
              123.91338410600008,
              10.311299853000094
            ],
            [
              123.91325737100021,
              10.311208762000149
            ],
            [
              123.91313459700018,
              10.311089949000177
            ],
            [
              123.91304350700022,
              10.310994898
            ],
            [
              123.91294053500008,
              10.310895885999969
            ],
            [
              123.9128534050003,
              10.310812717000147
            ],
            [
              123.91280311600019,
              10.310778698999968
            ],
            [
              123.91268310500004,
              10.310697864000133
            ],
            [
              123.91256825200026,
              10.310626576000118
            ],
            [
              123.9124375570002,
              10.310539446000178
            ],
            [
              123.91233458500005,
              10.310460235999983
            ],
            [
              123.9121761670001,
              10.310365186000126
            ],
            [
              123.91205339300006,
              10.310309739000104
            ],
            [
              123.91193061900003,
              10.310246372000051
            ],
            [
              123.91182764700022,
              10.310190926000132
            ],
            [
              123.91171675500004,
              10.310127558000033
            ],
            [
              123.91155041600007,
              10.310111716000108
            ],
            [
              123.91145536500028,
              10.31021072800013
            ],
            [
              123.91132467000023,
              10.3103731060001
            ],
            [
              123.91122169800008,
              10.310511722000172
            ],
            [
              123.91113060700002,
              10.310689943000114
            ],
            [
              123.91103159600016,
              10.31084440100011
            ],
            [
              123.91086129700011,
              10.311105790000113
            ],
            [
              123.91075832500019,
              10.311240446000056
            ],
            [
              123.91071079900019,
              10.311327576
            ],
            [
              123.91062366900007,
              10.311410745000046
            ],
            [
              123.91052861800006,
              10.311485994000122
            ],
            [
              123.91040188400007,
              10.311581045000082
            ],
            [
              123.91027080500032,
              10.311623997000083
            ],
            [
              123.91017682400013,
              10.31169198300006
            ],
            [
              123.91005684900006,
              10.311757968999984
            ],
            [
              123.90996086900009,
              10.311821956000074
            ],
            [
              123.9098731250001,
              10.31186647700008
            ],
            [
              123.90982557400002,
              10.311820599000043
            ],
            [
              123.90978333300018,
              10.311780194000164
            ],
            [
              123.90915202800022,
              10.311192633000132
            ],
            [
              123.90882065400001,
              10.31084361500001
            ],
            [
              123.90870528900007,
              10.310722150000174
            ],
            [
              123.90857215400001,
              10.310535485000116
            ],
            [
              123.90855289900014,
              10.310512418000087
            ],
            [
              123.90842603600004,
              10.310349813000187
            ],
            [
              123.90810527200028,
              10.309942696000178
            ],
            [
              123.90805369900022,
              10.309877230999973
            ],
            [
              123.90775296600009,
              10.309469093000132
            ],
            [
              123.90732334600011,
              10.308853305000184
            ],
            [
              123.90717939400008,
              10.308725290000154
            ],
            [
              123.90697797400014,
              10.308466797
            ],
            [
              123.90693996200002,
              10.30834860400006
            ],
            [
              123.90692468000009,
              10.308301085000153
            ],
            [
              123.90682994300005,
              10.308093566000139
            ],
            [
              123.90747418500007,
              10.307750659000078
            ],
            [
              123.90830641200023,
              10.307307694000087
            ],
            [
              123.9089523370003,
              10.30696357000005
            ],
            [
              123.90932202800025,
              10.306764981000072
            ],
            [
              123.90969296300011,
              10.306618596000135
            ],
            [
              123.90978801300002,
              10.306899788000123
            ],
            [
              123.90982365800005,
              10.307022562000157
            ],
            [
              123.90989098500017,
              10.30713741500017
            ],
            [
              123.9100335620002,
              10.306978996999987
            ],
            [
              123.91028307000022,
              10.306658200000186
            ],
            [
              123.91042960700031,
              10.306495822000102
            ],
            [
              123.9110276360002,
              10.305782940000086
            ],
            [
              123.91163726600018,
              10.305019054000127
            ],
            [
              123.91218012800016,
              10.304361137000114
            ],
            [
              123.91280587900008,
              10.303573007000125
            ],
            [
              123.91340909700011,
              10.30281967000002
            ],
            [
              123.91408415700005,
              10.30203830000005
            ],
            [
              123.91429223500018,
              10.301811210000096
            ],
            [
              123.91481525600022,
              10.30223293400013
            ],
            [
              123.91478877000009,
              10.30227173999998
            ],
            [
              123.91487137400009,
              10.30234489999998
            ],
            [
              123.91503537100004,
              10.30247356200016
            ],
            [
              123.91518790500004,
              10.30260756500013
            ],
            [
              123.91521331900003,
              10.302573729000187
            ],
            [
              123.91523337500007,
              10.302587615000107
            ],
            [
              123.91579903500019,
              10.303035334000128
            ],
            [
              123.9157934540001,
              10.303052203000163
            ],
            [
              123.91587948000017,
              10.303121728000178
            ],
            [
              123.91589363300011,
              10.30310760500015
            ],
            [
              123.91593873600004,
              10.303145712000173
            ],
            [
              123.91610983600003,
              10.30294223500016
            ],
            [
              123.91691947000004,
              10.30362766400009
            ],
            [
              123.91911043000016,
              10.30537232200004
            ],
            [
              123.9207235,
              10.306670304000136
            ],
            [
              123.92072257500001,
              10.306672368000136
            ],
            [
              123.92079874500007,
              10.306734322000125
            ],
            [
              123.92048926100006,
              10.30731121500014
            ],
            [
              123.91920824000022,
              10.308826115000045
            ],
            [
              123.91855444100008,
              10.309564961000092
            ],
            [
              123.9182774760003,
              10.30989460000012
            ],
            [
              123.91795911200006,
              10.310271914000054
            ],
            [
              123.91735846700021,
              10.310994814000026
            ],
            [
              123.91673715200022,
              10.311749673
            ],
            [
              123.9162581720002,
              10.312344935000056
            ],
            [
              123.91542224900002,
              10.311660356000175
            ],
            [
              123.91533682700026,
              10.31176124000018
            ],
            [
              123.91522276,
              10.311895145000165
            ],
            [
              123.91508389600006,
              10.31205880500005
            ],
            [
              123.91491031700002,
              10.312281979000034
            ]
          ]
        ]
      }
    },
    {
      "type": "Feature",
      "properties": {
        "adm4_name": "Central (Pob.)",
        "adm4_name1": null,
        "adm4_name2": null,
        "adm4_name3": null,
        "adm4_pcode": "PH0702217022",
        "adm3_name": "Cebu City (Capital)",
        "adm3_name1": null,
        "adm3_name2": null,
        "adm3_name3": null,
        "adm3_pcode": "PH0702217",
        "adm2_name": "Cebu",
        "adm2_name1": null,
        "adm2_name2": null,
        "adm2_name3": null,
        "adm2_pcode": "PH07022",
        "adm1_name": "Region VII (Central Visayas)",
        "adm1_name1": null,
        "adm1_name2": null,
        "adm1_name3": null,
        "adm1_pcode": "PH07",
        "adm0_name": "Philippines",
        "adm0_name1": null,
        "adm0_name2": null,
        "adm0_name3": null,
        "adm0_pcode": "PH",
        "valid_on": "2025-02-13",
        "valid_to": null,
        "area_sqkm": 0.29517998,
        "version": "v03",
        "lang": "en",
        "lang1": null,
        "lang2": null,
        "lang3": null,
        "adm4_ref_name": "Central (Pob.)",
        "center_lat": 10.29378603,
        "center_lon": 123.90135581
      },
      "geometry": {
        "type": "Polygon",
        "coordinates": [
          [
            [
              123.9021379740002,
              10.297420924000107
            ],
            [
              123.90211057200008,
              10.297766880000097
            ],
            [
              123.9006376860001,
              10.297602465000125
            ],
            [
              123.90024166600017,
              10.297439474000043
            ],
            [
              123.89981376800006,
              10.297171227000149
            ],
            [
              123.89907532400014,
              10.296709700000065
            ],
            [
              123.89842767200003,
              10.29630010500017
            ],
            [
              123.8982374740001,
              10.29618426899998
            ],
            [
              123.89777594600002,
              10.294891992000089
            ],
            [
              123.89788245300008,
              10.29479968600009
            ],
            [
              123.898413419,
              10.294577479999987
            ],
            [
              123.89907460900031,
              10.294300816000032
            ],
            [
              123.8996411630003,
              10.294300816000032
            ],
            [
              123.89998803300023,
              10.294208318000187
            ],
            [
              123.8996900510001,
              10.29317069900003
            ],
            [
              123.89938406500016,
              10.292080873000145
            ],
            [
              123.89963300600004,
              10.291992988000061
            ],
            [
              123.90016587700006,
              10.292143582000051
            ],
            [
              123.90034307000019,
              10.291446728000153
            ],
            [
              123.90094993600019,
              10.290974656000174
            ],
            [
              123.90113882700007,
              10.290822176000177
            ],
            [
              123.90135413500013,
              10.2906575290001
            ],
            [
              123.9015247550002,
              10.290514600000108
            ],
            [
              123.90160110500028,
              10.290733520000117
            ],
            [
              123.9016644310002,
              10.29094882700008
            ],
            [
              123.90198928900008,
              10.291958297000122
            ],
            [
              123.90227132700011,
              10.292624789000172
            ],
            [
              123.90238101900002,
              10.292866882000055
            ],
            [
              123.90244648900011,
              10.292995231000077
            ],
            [
              123.902636873,
              10.293368487000066
            ],
            [
              123.9030528400001,
              10.294203571000082
            ],
            [
              123.90337919600006,
              10.294879276000131
            ],
            [
              123.90367221400015,
              10.295656198000074
            ],
            [
              123.90360142600014,
              10.295801820000065
            ],
            [
              123.90379558900031,
              10.2967200490001
            ],
            [
              123.9038255690001,
              10.297199738000074
            ],
            [
              123.90381375200013,
              10.297530768000115
            ],
            [
              123.9038120670001,
              10.297623386000168
            ],
            [
              123.90374852100001,
              10.297606911000116
            ],
            [
              123.90338372300016,
              10.297541012000067
            ],
            [
              123.90308011600018,
              10.29750100200016
            ],
            [
              123.90274120700008,
              10.297458638000023
            ],
            [
              123.90244466100012,
              10.297402153000064
            ],
            [
              123.902206954,
              10.297348022000108
            ],
            [
              123.90215510100029,
              10.29734556700015
            ],
            [
              123.9021379740002,
              10.297420924000107
            ]
          ]
        ]
      }
    },
    {
      "type": "Feature",
      "properties": {
        "adm4_name": "Cogon Ramos (Pob.)",
        "adm4_name1": null,
        "adm4_name2": null,
        "adm4_name3": null,
        "adm4_pcode": "PH0702217023",
        "adm3_name": "Cebu City (Capital)",
        "adm3_name1": null,
        "adm3_name2": null,
        "adm3_name3": null,
        "adm3_pcode": "PH0702217",
        "adm2_name": "Cebu",
        "adm2_name1": null,
        "adm2_name2": null,
        "adm2_name3": null,
        "adm2_pcode": "PH07022",
        "adm1_name": "Region VII (Central Visayas)",
        "adm1_name1": null,
        "adm1_name2": null,
        "adm1_name3": null,
        "adm1_pcode": "PH07",
        "adm0_name": "Philippines",
        "adm0_name1": null,
        "adm0_name2": null,
        "adm0_name3": null,
        "adm0_pcode": "PH",
        "valid_on": "2025-02-13",
        "valid_to": null,
        "area_sqkm": 0.29510604,
        "version": "v03",
        "lang": "en",
        "lang1": null,
        "lang2": null,
        "lang3": null,
        "adm4_ref_name": "Cogon Ramos (Pob.)",
        "center_lat": 10.30727092,
        "center_lon": 123.89804874
      },
      "geometry": {
        "type": "Polygon",
        "coordinates": [
          [
            [
              123.89982569200004,
              10.310973609000143
            ],
            [
              123.89985478700021,
              10.311523585000145
            ],
            [
              123.89956289900022,
              10.311481380000146
            ],
            [
              123.89921917400011,
              10.311424093000085
            ],
            [
              123.89835735600002,
              10.311246628000049
            ],
            [
              123.89821508700004,
              10.311217472000124
            ],
            [
              123.89804318100005,
              10.311156797000024
            ],
            [
              123.89546137400009,
              10.310245574000021
            ],
            [
              123.89554903200019,
              10.309826595000061
            ],
            [
              123.89544444900002,
              10.309565138000039
            ],
            [
              123.89551043900008,
              10.309389401000146
            ],
            [
              123.89496075300008,
              10.30908797800015
            ],
            [
              123.89551379200009,
              10.3083788080001
            ],
            [
              123.89553945600017,
              10.308345423000105
            ],
            [
              123.89582675500003,
              10.307981283000174
            ],
            [
              123.89593600700016,
              10.30784312500009
            ],
            [
              123.89657048900006,
              10.307010368000022
            ],
            [
              123.89709533600023,
              10.306314205999968
            ],
            [
              123.89741043000004,
              10.305896264000012
            ],
            [
              123.89757508500008,
              10.305681921000144
            ],
            [
              123.89798743100005,
              10.305109113000185
            ],
            [
              123.8982815620002,
              10.304700521000143
            ],
            [
              123.89828354600002,
              10.30454109100009
            ],
            [
              123.89830757300012,
              10.303230842000119
            ],
            [
              123.8983122410001,
              10.302967059000082
            ],
            [
              123.89862146300015,
              10.303065172000117
            ],
            [
              123.89872003000005,
              10.303096192000169
            ],
            [
              123.89900195200005,
              10.303193703000147
            ],
            [
              123.89937249100012,
              10.303320476000067
            ],
            [
              123.8998686340002,
              10.303361254000095
            ],
            [
              123.8999701050002,
              10.303371482000045
            ],
            [
              123.90014009000015,
              10.303402329
            ],
            [
              123.9001178230003,
              10.303668740000091
            ],
            [
              123.90009005400009,
              10.304000982000048
            ],
            [
              123.90007650600035,
              10.304156479000085
            ],
            [
              123.89991435400009,
              10.305171166999969
            ],
            [
              123.89990450200014,
              10.305594775000031
            ],
            [
              123.89975292200006,
              10.306548841000108
            ],
            [
              123.89973702900011,
              10.306648869000071
            ],
            [
              123.89972717800003,
              10.307180841
            ],
            [
              123.89972385600015,
              10.307361001000174
            ],
            [
              123.89972766100004,
              10.307806833000086
            ],
            [
              123.89972717800003,
              10.308353152000109
            ],
            [
              123.89960735600005,
              10.309551369000019
            ],
            [
              123.89957940800025,
              10.30983085300005
            ],
            [
              123.8996665960002,
              10.310276330000079
            ],
            [
              123.89974688100017,
              10.31068792000002
            ],
            [
              123.89982569200004,
              10.310973609000143
            ]
          ]
        ]
      }
    },
    {
      "type": "Feature",
      "properties": {
        "adm4_name": "Cogon Pardo",
        "adm4_name1": null,
        "adm4_name2": null,
        "adm4_name3": null,
        "adm4_pcode": "PH0702217024",
        "adm3_name": "Cebu City (Capital)",
        "adm3_name1": null,
        "adm3_name2": null,
        "adm3_name3": null,
        "adm3_pcode": "PH0702217",
        "adm2_name": "Cebu",
        "adm2_name1": null,
        "adm2_name2": null,
        "adm2_name3": null,
        "adm2_pcode": "PH07022",
        "adm1_name": "Region VII (Central Visayas)",
        "adm1_name1": null,
        "adm1_name2": null,
        "adm1_name3": null,
        "adm1_pcode": "PH07",
        "adm0_name": "Philippines",
        "adm0_name1": null,
        "adm0_name2": null,
        "adm0_name3": null,
        "adm0_pcode": "PH",
        "valid_on": "2025-02-13",
        "valid_to": null,
        "area_sqkm": 1.53399033,
        "version": "v03",
        "lang": "en",
        "lang1": null,
        "lang2": null,
        "lang3": null,
        "adm4_ref_name": "Cogon Pardo",
        "center_lat": 10.27293823,
        "center_lon": 123.86498733
      },
      "geometry": {
        "type": "Polygon",
        "coordinates": [
          [
            [
              123.85831650700004,
              10.281073023999966
            ],
            [
              123.85796237000011,
              10.281190697000056
            ],
            [
              123.85786913400023,
              10.280553505000057
            ],
            [
              123.85783084800005,
              10.280304749000095
            ],
            [
              123.85765310200009,
              10.279237395000052
            ],
            [
              123.85763211900007,
              10.279114865000054
            ],
            [
              123.85754014700012,
              10.278516099000058
            ],
            [
              123.85749826300002,
              10.278234679000036
            ],
            [
              123.85749115300018,
              10.278158673000178
            ],
            [
              123.85742823400017,
              10.277627543999984
            ],
            [
              123.8573828640001,
              10.277272329000027
            ],
            [
              123.85737024700006,
              10.277161354000157
            ],
            [
              123.85733840200021,
              10.276881246000073
            ],
            [
              123.85724438800003,
              10.276330716000189
            ],
            [
              123.85720280300006,
              10.2760807840001
            ],
            [
              123.85719942100002,
              10.276064146000124
            ],
            [
              123.85718495000015,
              10.275973883000063
            ],
            [
              123.85712263900007,
              10.275601426000037
            ],
            [
              123.85705391100021,
              10.275190928000029
            ],
            [
              123.8569449040001,
              10.274473336000142
            ],
            [
              123.85690896500012,
              10.27426823900015
            ],
            [
              123.85689848100014,
              10.274167860000091
            ],
            [
              123.85688732100004,
              10.274089877000108
            ],
            [
              123.8568518530002,
              10.27384657000016
            ],
            [
              123.85681765400011,
              10.273594839
            ],
            [
              123.85679672900005,
              10.273435440000071
            ],
            [
              123.85708946300008,
              10.273378301000037
            ],
            [
              123.85717747800004,
              10.273353853000174
            ],
            [
              123.85729972000001,
              10.273221831000058
            ],
            [
              123.85737795500017,
              10.273075140000117
            ],
            [
              123.85748063900019,
              10.27302624300006
            ],
            [
              123.85761755100009,
              10.27296756600009
            ],
            [
              123.85769089700011,
              10.27290889
            ],
            [
              123.85781802900021,
              10.272786647000146
            ],
            [
              123.85800383800006,
              10.272727970000176
            ],
            [
              123.85825810300003,
              10.272698632000015
            ],
            [
              123.85842583500005,
              10.2726240880001
            ],
            [
              123.85841784800016,
              10.272471026
            ],
            [
              123.85849008600007,
              10.272310498000081
            ],
            [
              123.8585663360002,
              10.272157996999965
            ],
            [
              123.85866265300012,
              10.271929246000127
            ],
            [
              123.85869877100004,
              10.271772731000056
            ],
            [
              123.8587669960001,
              10.27159615100004
            ],
            [
              123.85893153600023,
              10.271479769000166
            ],
            [
              123.85907601100018,
              10.271387466000078
            ],
            [
              123.85927265700013,
              10.271271083000158
            ],
            [
              123.85935530300003,
              10.271199408000143
            ],
            [
              123.85938144200009,
              10.27105302700005
            ],
            [
              123.85941803700007,
              10.270961539000098
            ],
            [
              123.85952782300012,
              10.270938013000091
            ],
            [
              123.85961931100019,
              10.27098767800004
            ],
            [
              123.85968988800005,
              10.27098767800004
            ],
            [
              123.85973818700006,
              10.270966081000097
            ],
            [
              123.85986660900005,
              10.270881804000169
            ],
            [
              123.8599910170002,
              10.270761409000045
            ],
            [
              123.8600913470002,
              10.270661079000092
            ],
            [
              123.86020371600011,
              10.270620947000168
            ],
            [
              123.86030003300004,
              10.27053265700016
            ],
            [
              123.86040036200006,
              10.270456406000164
            ],
            [
              123.86054483700002,
              10.270376142999964
            ],
            [
              123.86062961000005,
              10.270356463000155
            ],
            [
              123.86083008800006,
              10.270273338000095
            ],
            [
              123.860967,
              10.270224441000039
            ],
            [
              123.86106479400019,
              10.270146205000117
            ],
            [
              123.86119681600007,
              10.270077749000166
            ],
            [
              123.8613386180001,
              10.270038632000023
            ],
            [
              123.8614950890003,
              10.270077749000166
            ],
            [
              123.86153909600012,
              10.270160874
            ],
            [
              123.86161733100016,
              10.270239110000091
            ],
            [
              123.8617297940001,
              10.270278227000063
            ],
            [
              123.86183247800011,
              10.270332014000132
            ],
            [
              123.86195472100019,
              10.270288007000147
            ],
            [
              123.86209652200012,
              10.270219550999968
            ],
            [
              123.86228722100009,
              10.27008752900008
            ],
            [
              123.86248769900021,
              10.26994572700005
            ],
            [
              123.86265883900012,
              10.269843043000094
            ],
            [
              123.86277619200018,
              10.2697305800001
            ],
            [
              123.86303534600029,
              10.269618117000164
            ],
            [
              123.86396252500003,
              10.27047979300005
            ],
            [
              123.86511546900022,
              10.271579750000171
            ],
            [
              123.86563995000017,
              10.272075838000035
            ],
            [
              123.86635179300004,
              10.272754336000048
            ],
            [
              123.87029899800018,
              10.270766679000133
            ],
            [
              123.87290308600018,
              10.26858384100018
            ],
            [
              123.87361155100007,
              10.267913670999974
            ],
            [
              123.87410939100005,
              10.267511569000135
            ],
            [
              123.87477956100008,
              10.266879695000057
            ],
            [
              123.87652200200012,
              10.265481912000155
            ],
            [
              123.87758085000019,
              10.264696138000147
            ],
            [
              123.8776064320001,
              10.264725694999981
            ],
            [
              123.87844114500001,
              10.265698066000084
            ],
            [
              123.87906896700008,
              10.266410150000183
            ],
            [
              123.8799748570001,
              10.26747170200008
            ],
            [
              123.88109505500006,
              10.268757957000048
            ],
            [
              123.87971966900011,
              10.269617817000096
            ],
            [
              123.8665187390003,
              10.275541750000059
            ],
            [
              123.86448975600001,
              10.277246078000076
            ],
            [
              123.86412431400015,
              10.277553719000025
            ],
            [
              123.86403638500008,
              10.27762825800005
            ],
            [
              123.86340179800004,
              10.278155735000098
            ],
            [
              123.86333889500008,
              10.27820930900009
            ],
            [
              123.86297451000007,
              10.278513738000129
            ],
            [
              123.86099414700004,
              10.279759487000092
            ],
            [
              123.860958707,
              10.279780249000055
            ],
            [
              123.8603167340001,
              10.280169974000046
            ],
            [
              123.85997116200008,
              10.28041137300005
            ],
            [
              123.85969016300021,
              10.280579259000092
            ],
            [
              123.8593738840002,
              10.280696115000126
            ],
            [
              123.858803899,
              10.280906708000089
            ],
            [
              123.85878281100008,
              10.28091382800011
            ],
            [
              123.85862155100006,
              10.280971200000067
            ],
            [
              123.8584540700001,
              10.281027387
            ],
            [
              123.85831650700004,
              10.281073023999966
            ]
          ]
        ]
      }
    },
    {
      "type": "Feature",
      "properties": {
        "adm4_name": "Day-as",
        "adm4_name1": null,
        "adm4_name2": null,
        "adm4_name3": null,
        "adm4_pcode": "PH0702217025",
        "adm3_name": "Cebu City (Capital)",
        "adm3_name1": null,
        "adm3_name2": null,
        "adm3_name3": null,
        "adm3_pcode": "PH0702217",
        "adm2_name": "Cebu",
        "adm2_name1": null,
        "adm2_name2": null,
        "adm2_name3": null,
        "adm2_pcode": "PH07022",
        "adm1_name": "Region VII (Central Visayas)",
        "adm1_name1": null,
        "adm1_name2": null,
        "adm1_name3": null,
        "adm1_pcode": "PH07",
        "adm0_name": "Philippines",
        "adm0_name1": null,
        "adm0_name2": null,
        "adm0_name3": null,
        "adm0_pcode": "PH",
        "valid_on": "2025-02-13",
        "valid_to": null,
        "area_sqkm": 0.10610552,
        "version": "v03",
        "lang": "en",
        "lang1": null,
        "lang2": null,
        "lang3": null,
        "adm4_ref_name": "Day-as",
        "center_lat": 10.30206619,
        "center_lon": 123.9030763
      },
      "geometry": {
        "type": "Polygon",
        "coordinates": [
          [
            [
              123.9036201240001,
              10.303842024000062
            ],
            [
              123.90356533700026,
              10.304007147000164
            ],
            [
              123.90351364300011,
              10.303939945000081
            ],
            [
              123.90321487000017,
              10.30346930200011
            ],
            [
              123.90284333900001,
              10.302870709000103
            ],
            [
              123.90257583200003,
              10.302439742000047
            ],
            [
              123.90249890200005,
              10.30234307100011
            ],
            [
              123.90226060100031,
              10.302046596000025
            ],
            [
              123.90210313700004,
              10.302258487000074
            ],
            [
              123.90198911800019,
              10.302516249000064
            ],
            [
              123.90190690900022,
              10.302888580000058
            ],
            [
              123.90188921100014,
              10.302974046000031
            ],
            [
              123.90186612100001,
              10.30339731600003
            ],
            [
              123.90183589800006,
              10.303749033000088
            ],
            [
              123.90014009000015,
              10.303402329
            ],
            [
              123.90024179400018,
              10.303019386000017
            ],
            [
              123.9003248140001,
              10.302807490000077
            ],
            [
              123.90036713100017,
              10.302699502000053
            ],
            [
              123.90055930200015,
              10.302332585000158
            ],
            [
              123.90060437600016,
              10.302228412000147
            ],
            [
              123.90066529300009,
              10.302085787000124
            ],
            [
              123.90085931900023,
              10.301633999000046
            ],
            [
              123.90102250700022,
              10.30118658200007
            ],
            [
              123.901153657,
              10.300978319000023
            ],
            [
              123.90130562000013,
              10.300762005000024
            ],
            [
              123.9013359830002,
              10.300677572000097
            ],
            [
              123.9014335810001,
              10.30039790100011
            ],
            [
              123.90154593700015,
              10.30014324900003
            ],
            [
              123.90215111200007,
              10.300319508000086
            ],
            [
              123.90246197900012,
              10.300387268
            ],
            [
              123.902564374,
              10.30038971100015
            ],
            [
              123.90307877200007,
              10.300407799000027
            ],
            [
              123.90314159200011,
              10.300407799000027
            ],
            [
              123.90382665500022,
              10.300284488000045
            ],
            [
              123.90366615500011,
              10.300746432999972
            ],
            [
              123.90364314000021,
              10.300792464000153
            ],
            [
              123.90364314000021,
              10.300903706000156
            ],
            [
              123.90366615500011,
              10.301003440000045
            ],
            [
              123.90368149900007,
              10.301168385000096
            ],
            [
              123.9037045140002,
              10.30132182200009
            ],
            [
              123.90372753000008,
              10.301467587000161
            ],
            [
              123.90376205300004,
              10.30161335200006
            ],
            [
              123.90377739700023,
              10.301705414000025
            ],
            [
              123.90378570300004,
              10.301774746000092
            ],
            [
              123.90379274100007,
              10.301832
            ],
            [
              123.90383877200009,
              10.301935568999966
            ],
            [
              123.90386562300012,
              10.302035303000082
            ],
            [
              123.9039078180001,
              10.302158053000085
            ],
            [
              123.90394234200028,
              10.302261623000106
            ],
            [
              123.90396152100004,
              10.302342177000071
            ],
            [
              123.90398837300006,
              10.302472599000168
            ],
            [
              123.90401138800019,
              10.302549317000114
            ],
            [
              123.90401906000011,
              10.302633708000087
            ],
            [
              123.90403824000009,
              10.30268357500006
            ],
            [
              123.90409194300014,
              10.302725770000052
            ],
            [
              123.90406892700003,
              10.302779473000157
            ],
            [
              123.90404591200002,
              10.302840847000084
            ],
            [
              123.90401138800019,
              10.302917566000133
            ],
            [
              123.90394234200028,
              10.302932910000152
            ],
            [
              123.90384644400001,
              10.302963597000144
            ],
            [
              123.90378123300002,
              10.30301346400006
            ],
            [
              123.9037083500001,
              10.30307483900009
            ],
            [
              123.90368149900007,
              10.303147721000073
            ],
            [
              123.90366231900009,
              10.303243619
            ],
            [
              123.90365848300019,
              10.303335682000068
            ],
            [
              123.90364697600023,
              10.30341240000007
            ],
            [
              123.90365081100003,
              10.303515970000092
            ],
            [
              123.90365081100003,
              10.303592688000037
            ],
            [
              123.90364697600023,
              10.303673243000048
            ],
            [
              123.90363930400008,
              10.303757633000089
            ],
            [
              123.9036201240001,
              10.303842024000062
            ]
          ]
        ]
      }
    },
    {
      "type": "Feature",
      "properties": {
        "adm4_name": "Duljo (Pob.)",
        "adm4_name1": null,
        "adm4_name2": null,
        "adm4_name3": null,
        "adm4_pcode": "PH0702217027",
        "adm3_name": "Cebu City (Capital)",
        "adm3_name1": null,
        "adm3_name2": null,
        "adm3_name3": null,
        "adm3_pcode": "PH0702217",
        "adm2_name": "Cebu",
        "adm2_name1": null,
        "adm2_name2": null,
        "adm2_name3": null,
        "adm2_pcode": "PH07022",
        "adm1_name": "Region VII (Central Visayas)",
        "adm1_name1": null,
        "adm1_name2": null,
        "adm1_name3": null,
        "adm1_pcode": "PH07",
        "adm0_name": "Philippines",
        "adm0_name1": null,
        "adm0_name2": null,
        "adm0_name3": null,
        "adm0_pcode": "PH",
        "valid_on": "2025-02-13",
        "valid_to": null,
        "area_sqkm": 0.40362159,
        "version": "v03",
        "lang": "en",
        "lang1": null,
        "lang2": null,
        "lang3": null,
        "adm4_ref_name": "Duljo (Pob.)",
        "center_lat": 10.29300849,
        "center_lon": 123.88361117
      },
      "geometry": {
        "type": "Polygon",
        "coordinates": [
          [
            [
              123.88601518200005,
              10.296431507000023
            ],
            [
              123.8858831770001,
              10.296787541000185
            ],
            [
              123.88552093900012,
              10.29665442400011
            ],
            [
              123.88539862000005,
              10.296601091000014
            ],
            [
              123.88514437700007,
              10.296479836
            ],
            [
              123.8847845250001,
              10.296315556000138
            ],
            [
              123.8845926790001,
              10.296229754000137
            ],
            [
              123.88447237500009,
              10.296166198000037
            ],
            [
              123.8843844270001,
              10.296115771000188
            ],
            [
              123.88415673500003,
              10.295985475000066
            ],
            [
              123.88359449600011,
              10.295600262999983
            ],
            [
              123.88332822900009,
              10.295408512000051
            ],
            [
              123.88285793600016,
              10.295067772000095
            ],
            [
              123.8827653080001,
              10.295010052000123
            ],
            [
              123.88250293300018,
              10.294829958000093
            ],
            [
              123.88184516100011,
              10.294371721000118
            ],
            [
              123.88154319700016,
              10.294161357000121
            ],
            [
              123.88099813100018,
              10.293804346000172
            ],
            [
              123.88036687600004,
              10.293390881000164
            ],
            [
              123.88020087400002,
              10.293278310000176
            ],
            [
              123.88018692100002,
              10.293269044000112
            ],
            [
              123.88019538000015,
              10.29306288500004
            ],
            [
              123.88018985200017,
              10.292954101000078
            ],
            [
              123.88007602400035,
              10.292744370000037
            ],
            [
              123.88002464700014,
              10.29258378600008
            ],
            [
              123.8800132660001,
              10.292431808000117
            ],
            [
              123.88006939100012,
              10.292263276000028
            ],
            [
              123.88012692500001,
              10.292135497
            ],
            [
              123.88016111800016,
              10.292046841000172
            ],
            [
              123.88022670600003,
              10.29196975300016
            ],
            [
              123.88027826300015,
              10.291938432000165
            ],
            [
              123.88032994700018,
              10.291896500000064
            ],
            [
              123.8803943070003,
              10.29187602200011
            ],
            [
              123.88048389600021,
              10.29184387500004
            ],
            [
              123.88056854600006,
              10.2918253630001
            ],
            [
              123.88063114500005,
              10.29178840700007
            ],
            [
              123.88066515000003,
              10.291764061000038
            ],
            [
              123.88071884700003,
              10.291738707000036
            ],
            [
              123.88076808700032,
              10.291685972000039
            ],
            [
              123.8807842020002,
              10.2916735820001
            ],
            [
              123.88080109500004,
              10.29166381300007
            ],
            [
              123.88084678100006,
              10.291653685000142
            ],
            [
              123.88088120800023,
              10.291571256000168
            ],
            [
              123.88090519100012,
              10.291480214000046
            ],
            [
              123.88095801300005,
              10.291331350000178
            ],
            [
              123.88098202400022,
              10.291220902000134
            ],
            [
              123.88102524200019,
              10.291076840000073
            ],
            [
              123.88106846100015,
              10.290961590000165
            ],
            [
              123.88113088800003,
              10.290884757000072
            ],
            [
              123.88121252300016,
              10.290822329999969
            ],
            [
              123.88130376300023,
              10.290779111000063
            ],
            [
              123.88144782500012,
              10.290774309000028
            ],
            [
              123.88157748100002,
              10.290774309000028
            ],
            [
              123.8817311470001,
              10.290764705000129
            ],
            [
              123.8818277920002,
              10.29076726500017
            ],
            [
              123.8819520420002,
              10.290764705000129
            ],
            [
              123.8821297190002,
              10.290750298999967
            ],
            [
              123.88227378100021,
              10.290735893000033
            ],
            [
              123.88245626000014,
              10.290697476000162
            ],
            [
              123.8826243320002,
              10.290611039
            ],
            [
              123.88273478000008,
              10.290539008000167
            ],
            [
              123.88284042500004,
              10.290447768000092
            ],
            [
              123.88295087300014,
              10.29035172700003
            ],
            [
              123.88305171600018,
              10.290250884000159
            ],
            [
              123.88308411900016,
              10.290213620999964
            ],
            [
              123.88314775800018,
              10.290140436000058
            ],
            [
              123.88322459100004,
              10.290068405000056
            ],
            [
              123.88335904900009,
              10.289986770000155
            ],
            [
              123.88353672600022,
              10.289933947000122
            ],
            [
              123.88370479800005,
              10.289943551000022
            ],
            [
              123.88380084000016,
              10.289957957000126
            ],
            [
              123.88393049500019,
              10.29000117600009
            ],
            [
              123.88396146000014,
              10.290001239
            ],
            [
              123.88406015100009,
              10.29000117600009
            ],
            [
              123.88420421400019,
              10.29000117600009
            ],
            [
              123.8843818900001,
              10.289996374000054
            ],
            [
              123.88453555600006,
              10.289962759
            ],
            [
              123.88466041000004,
              10.289924343000052
            ],
            [
              123.88481887900014,
              10.28985231200005
            ],
            [
              123.88492932600013,
              10.289785083000083
            ],
            [
              123.885025659,
              10.289714077000042
            ],
            [
              123.88518255500003,
              10.28957504300007
            ],
            [
              123.88522015200022,
              10.28952769500006
            ],
            [
              123.88528653000003,
              10.289444112000183
            ],
            [
              123.88536567200015,
              10.289332665000131
            ],
            [
              123.8857561960001,
              10.28956751300018
            ],
            [
              123.88623934300006,
              10.289858062000121
            ],
            [
              123.88675950400022,
              10.290170991000025
            ],
            [
              123.88689640800033,
              10.290574228000082
            ],
            [
              123.88692036600003,
              10.290701999000078
            ],
            [
              123.8869443110001,
              10.290907531000016
            ],
            [
              123.88690750900014,
              10.291231558000106
            ],
            [
              123.8869037720001,
              10.291264148000153
            ],
            [
              123.8869524060002,
              10.29141989700014
            ],
            [
              123.8869593710001,
              10.291476361000036
            ],
            [
              123.88698610100005,
              10.291693392000127
            ],
            [
              123.88704738500007,
              10.291789022000046
            ],
            [
              123.88707029000011,
              10.291844358
            ],
            [
              123.8871140790003,
              10.291949636000027
            ],
            [
              123.88717061900002,
              10.29218167800019
            ],
            [
              123.88700063800025,
              10.29317919000016
            ],
            [
              123.88693036400014,
              10.293591928000183
            ],
            [
              123.88682952300007,
              10.29414666200006
            ],
            [
              123.88678280600016,
              10.294422233000034
            ],
            [
              123.88670437000007,
              10.29475269000011
            ],
            [
              123.88664237000012,
              10.294963400000142
            ],
            [
              123.88658249700006,
              10.295348850000039
            ],
            [
              123.88649870200015,
              10.295899729999974
            ],
            [
              123.8864305740002,
              10.296347606000097
            ],
            [
              123.88635706900004,
              10.29632812400007
            ],
            [
              123.88625238200018,
              10.296321424000041
            ],
            [
              123.8861560700002,
              10.296328961000086
            ],
            [
              123.88610498300011,
              10.296342361000086
            ],
            [
              123.88606059500023,
              10.296362461000172
            ],
            [
              123.88603379600022,
              10.296387586000037
            ],
            [
              123.88601518200005,
              10.296431507000023
            ]
          ]
        ]
      }
    },
    {
      "type": "Feature",
      "properties": {
        "adm4_name": "Ermita (Pob.)",
        "adm4_name1": null,
        "adm4_name2": null,
        "adm4_name3": null,
        "adm4_pcode": "PH0702217028",
        "adm3_name": "Cebu City (Capital)",
        "adm3_name1": null,
        "adm3_name2": null,
        "adm3_name3": null,
        "adm3_pcode": "PH0702217",
        "adm2_name": "Cebu",
        "adm2_name1": null,
        "adm2_name2": null,
        "adm2_name3": null,
        "adm2_pcode": "PH07022",
        "adm1_name": "Region VII (Central Visayas)",
        "adm1_name1": null,
        "adm1_name2": null,
        "adm1_name3": null,
        "adm1_pcode": "PH07",
        "adm0_name": "Philippines",
        "adm0_name1": null,
        "adm0_name2": null,
        "adm0_name3": null,
        "adm0_pcode": "PH",
        "valid_on": "2025-02-13",
        "valid_to": null,
        "area_sqkm": 0.3796456,
        "version": "v03",
        "lang": "en",
        "lang1": null,
        "lang2": null,
        "lang3": null,
        "adm4_ref_name": "Ermita (Pob.)",
        "center_lat": 10.29146745,
        "center_lon": 123.89803857
      },
      "geometry": {
        "type": "MultiPolygon",
        "coordinates": [
          [
            [
              [
                123.89998803300023,
                10.294208318000187
              ],
              [
                123.8996411630003,
                10.294300816000032
              ],
              [
                123.89907460900031,
                10.294300816000032
              ],
              [
                123.89810969200016,
                10.293788530000086
              ],
              [
                123.89785484100014,
                10.293620560000079
              ],
              [
                123.89727563400004,
                10.293464174000064
              ],
              [
                123.89705553600015,
                10.293469966000032
              ],
              [
                123.89659608300008,
                10.29337407200012
              ],
              [
                123.89628761200004,
                10.293289151000067
              ],
              [
                123.8956459750001,
                10.29314656500003
              ],
              [
                123.89544592100015,
                10.293131378000112
              ],
              [
                123.89523603900011,
                10.293107354000028
              ],
              [
                123.89510058200005,
                10.293075272000067
              ],
              [
                123.89517043700005,
                10.292971126000168
              ],
              [
                123.89532465900004,
                10.292615744000045
              ],
              [
                123.8954453550001,
                10.292267065999965
              ],
              [
                123.895713569,
                10.291536184999984
              ],
              [
                123.89573157400002,
                10.291488170000036
              ],
              [
                123.89583426500008,
                10.291214329000184
              ],
              [
                123.8958664050001,
                10.291138421000142
              ],
              [
                123.89590802300017,
                10.29104669600008
              ],
              [
                123.8960343880002,
                10.29065496700008
              ],
              [
                123.89608095500012,
                10.290510833000042
              ],
              [
                123.8961762370003,
                10.290215235000119
              ],
              [
                123.89639412000031,
                10.289343700000018
              ],
              [
                123.8963976340001,
                10.289343315999986
              ],
              [
                123.89641611000002,
                10.289345590000039
              ],
              [
                123.8964230390003,
                10.289343318000022
              ],
              [
                123.8964276580001,
                10.289331956000126
              ],
              [
                123.89644844800023,
                10.289197886000068
              ],
              [
                123.8964461400002,
                10.289141075999964
              ],
              [
                123.89644845000021,
                10.289129714000126
              ],
              [
                123.89644845100008,
                10.28910698900006
              ],
              [
                123.89644383300003,
                10.289066087000094
              ],
              [
                123.89644152400001,
                10.28905927000011
              ],
              [
                123.89644033900015,
                10.28903364100006
              ],
              [
                123.89645623000013,
                10.289026941000031
              ],
              [
                123.89646531100004,
                10.289004603000137
              ],
              [
                123.89643752600034,
                10.288752491000082
              ],
              [
                123.89642617500022,
                10.288745790000121
              ],
              [
                123.89640801700011,
                10.288638574000117
              ],
              [
                123.89641936900023,
                10.288605070000017
              ],
              [
                123.89699371200004,
                10.28865199400019
              ],
              [
                123.89700052200021,
                10.288672096000084
              ],
              [
                123.8970118740001,
                10.28864752700008
              ],
              [
                123.89704365500018,
                10.288663163000138
              ],
              [
                123.89702294000028,
                10.288700161000179
              ],
              [
                123.89743837300011,
                10.28894587700006
              ],
              [
                123.897467806,
                10.288901203000137
              ],
              [
                123.8974995870002,
                10.288919074000091
              ],
              [
                123.89747234400022,
                10.288970447000167
              ],
              [
                123.89813522300005,
                10.289356889000146
              ],
              [
                123.89814657400018,
                10.289370291000012
              ],
              [
                123.89811854900006,
                10.289518345000033
              ],
              [
                123.89813217000005,
                10.289529513000048
              ],
              [
                123.89810946500006,
                10.289650131000087
              ],
              [
                123.89822634100017,
                10.28969916300008
              ],
              [
                123.89828085600027,
                10.289447583000026
              ],
              [
                123.89859032400011,
                10.289615052000102
              ],
              [
                123.89853016500001,
                10.28984081800013
              ],
              [
                123.89854488700018,
                10.2898480610001
              ],
              [
                123.89855715500016,
                10.289835991000189
              ],
              [
                123.89857187800021,
                10.28981184900016
              ],
              [
                123.89859886900001,
                10.28979977900002
              ],
              [
                123.89861849800002,
                10.289802193000071
              ],
              [
                123.89868229400008,
                10.289852893000159
              ],
              [
                123.89870437600018,
                10.289877037000053
              ],
              [
                123.89872400500008,
                10.28990842100012
              ],
              [
                123.89874854200025,
                10.289881865000098
              ],
              [
                123.89876326500018,
                10.289874624000106
              ],
              [
                123.89876571800005,
                10.28988428100007
              ],
              [
                123.89877553300005,
                10.289896351000039
              ],
              [
                123.89878780100003,
                10.289903595000112
              ],
              [
                123.89879025400012,
                10.289910838000083
              ],
              [
                123.89877307800032,
                10.28994222199998
              ],
              [
                123.89876326300009,
                10.289954294000097
              ],
              [
                123.89878289100034,
                10.289990508000074
              ],
              [
                123.89880006700002,
                10.290002578000042
              ],
              [
                123.89883441800009,
                10.290050865000012
              ],
              [
                123.89885895500004,
                10.290075006000166
              ],
              [
                123.89887122200014,
                10.29009673600018
              ],
              [
                123.89888839800005,
                10.290120877000106
              ],
              [
                123.89891048000015,
                10.290147436000098
              ],
              [
                123.89893010900005,
                10.290166750000083
              ],
              [
                123.8989472840002,
                10.290193307000095
              ],
              [
                123.8989742760001,
                10.290210207000086
              ],
              [
                123.89897427400012,
                10.29021262100008
              ],
              [
                123.89900918800015,
                10.290244007000183
              ],
              [
                123.89902534800024,
                10.290217451000103
              ],
              [
                123.89904988600017,
                10.290186065
              ],
              [
                123.89923109500012,
                10.289975348999974
              ],
              [
                123.89924538400032,
                10.289963299000078
              ],
              [
                123.89925559000028,
                10.289951250000058
              ],
              [
                123.89926375400012,
                10.289945224000064
              ],
              [
                123.89928416600003,
                10.289925141000083
              ],
              [
                123.899312742,
                10.289907068000105
              ],
              [
                123.89932703000011,
                10.289901043000043
              ],
              [
                123.89936785300006,
                10.289893010000185
              ],
              [
                123.89941479900006,
                10.289893012
              ],
              [
                123.89943521000009,
                10.289895020000188
              ],
              [
                123.8994841970001,
                10.289907071000016
              ],
              [
                123.89950664900005,
                10.289915105000148
              ],
              [
                123.89956380000001,
                10.28994322200009
              ],
              [
                123.89958217100002,
                10.28994924900013
              ],
              [
                123.89961891100006,
                10.289965315000074
              ],
              [
                123.89963319800006,
                10.289969332000112
              ],
              [
                123.8996658560003,
                10.289985400000035
              ],
              [
                123.89968014400006,
                10.289989416000026
              ],
              [
                123.89972913100007,
                10.290017533000082
              ],
              [
                123.89975974700019,
                10.290029583000035
              ],
              [
                123.89977403500006,
                10.290033601
              ],
              [
                123.89978424000014,
                10.290035609000029
              ],
              [
                123.899798529,
                10.290035610000075
              ],
              [
                123.89981689800004,
                10.290029584000138
              ],
              [
                123.89984343300011,
                10.290009502000089
              ],
              [
                123.8998556800002,
                10.28999544400017
              ],
              [
                123.89988221600004,
                10.289959295000074
              ],
              [
                123.8999393700002,
                10.289895031000071
              ],
              [
                123.899974068,
                10.289864908000027
              ],
              [
                123.9000210150001,
                10.289838800000155
              ],
              [
                123.90006044700021,
                10.289788594000072
              ],
              [
                123.90006861200004,
                10.289786586000105
              ],
              [
                123.90013597000029,
                10.289752446000136
              ],
              [
                123.90016046400001,
                10.28974441300005
              ],
              [
                123.90017679300001,
                10.28973637900009
              ],
              [
                123.90019312200002,
                10.28973236400003
              ],
              [
                123.90022373900001,
                10.289728347000164
              ],
              [
                123.90024006800002,
                10.289728347000164
              ],
              [
                123.90025843800015,
                10.289724332000105
              ],
              [
                123.90027272600003,
                10.289724332999981
              ],
              [
                123.90033804300003,
                10.289718308000147
              ],
              [
                123.90040131800004,
                10.289718309000023
              ],
              [
                123.90043193500003,
                10.289724335000187
              ],
              [
                123.90044826400003,
                10.289724335000187
              ],
              [
                123.90046663400017,
                10.289730361000125
              ],
              [
                123.90048092200004,
                10.289732369000149
              ],
              [
                123.90050949700003,
                10.289740403999986
              ],
              [
                123.90055440200013,
                10.289760486000091
              ],
              [
                123.90058093600021,
                10.289776554000127
              ],
              [
                123.90063604600027,
                10.289804672000173
              ],
              [
                123.90066258000002,
                10.289822746000084
              ],
              [
                123.90067278600009,
                10.28983278700008
              ],
              [
                123.90068299100017,
                10.289838813000074
              ],
              [
                123.90069523800003,
                10.289848855000173
              ],
              [
                123.90072993700016,
                10.289887013000168
              ],
              [
                123.9007483060002,
                10.289917137000145
              ],
              [
                123.90075238800011,
                10.289921155000116
              ],
              [
                123.9007646340001,
                10.289947262000055
              ],
              [
                123.90078300400023,
                10.28996734600014
              ],
              [
                123.90080749700019,
                10.28999947800014
              ],
              [
                123.90081362,
                10.29001152900014
              ],
              [
                123.90083403100004,
                10.290041653000173
              ],
              [
                123.90085240000008,
                10.290083829000082
              ],
              [
                123.90087485200002,
                10.29012198700002
              ],
              [
                123.90088914000012,
                10.290138052000032
              ],
              [
                123.90093812600003,
                10.290200311000149
              ],
              [
                123.90098915400006,
                10.290258552000068
              ],
              [
                123.90101772800006,
                10.290284660999987
              ],
              [
                123.90102793400001,
                10.29029671100011
              ],
              [
                123.90104018000011,
                10.290306753000038
              ],
              [
                123.90107487900013,
                10.290328844000044
              ],
              [
                123.90109324900004,
                10.290338886000143
              ],
              [
                123.90110549600001,
                10.290342904000113
              ],
              [
                123.90114631800009,
                10.290367004000132
              ],
              [
                123.90120347000015,
                10.290387087000113
              ],
              [
                123.9012585810002,
                10.290409179
              ],
              [
                123.90127082800007,
                10.290411188000064
              ],
              [
                123.9013051090003,
                10.290423747000148
              ],
              [
                123.90143166000007,
                10.290473956000142
              ],
              [
                123.90146227600007,
                10.29048399800007
              ],
              [
                123.90149085100006,
                10.290498057000093
              ],
              [
                123.9014954910001,
                10.290499883000052
              ],
              [
                123.9015247550002,
                10.290514600000108
              ],
              [
                123.90135413500013,
                10.2906575290001
              ],
              [
                123.90113882700007,
                10.290822176000177
              ],
              [
                123.90094993600019,
                10.290974656000174
              ],
              [
                123.90034307000019,
                10.291446728000153
              ],
              [
                123.90016587700006,
                10.292143582000051
              ],
              [
                123.89963300600004,
                10.291992988000061
              ],
              [
                123.89938406500016,
                10.292080873000145
              ],
              [
                123.8996900510001,
                10.29317069900003
              ],
              [
                123.89998803300023,
                10.294208318000187
              ]
            ]
          ],
          [
            [
              [
                123.90442024900017,
                10.272183492000067
              ],
              [
                123.90447998000002,
                10.272521972000163
              ],
              [
                123.90447998000002,
                10.274475098000096
              ],
              [
                123.90411376900022,
                10.274719238000046
              ],
              [
                123.90368652300003,
                10.274719238000046
              ],
              [
                123.90332031300011,
                10.273498535000044
              ],
              [
                123.90332031300011,
                10.27209472700008
              ],
              [
                123.90368652300003,
                10.271911621000186
              ],
              [
                123.90376064100008,
                10.271859738999979
              ],
              [
                123.90429687500023,
                10.271484375
              ],
              [
                123.90442024900017,
                10.272183492000067
              ]
            ]
          ],
          [
            [
              [
                123.90588378900009,
                10.276306152000075
              ],
              [
                123.90612793000014,
                10.27648925800014
              ],
              [
                123.90649414100017,
                10.277709960999971
              ],
              [
                123.90649414100017,
                10.278320313000052
              ],
              [
                123.90667724600007,
                10.278930665000075
              ],
              [
                123.90667724600007,
                10.279724121000186
              ],
              [
                123.90631103500004,
                10.280517579000104
              ],
              [
                123.90551757800006,
                10.280883790000132
              ],
              [
                123.90490722700008,
                10.280700684000067
              ],
              [
                123.90472412100007,
                10.280517579000104
              ],
              [
                123.90429687500023,
                10.27990722700008
              ],
              [
                123.90429687500023,
                10.279113770000038
              ],
              [
                123.90429687500023,
                10.277526856
              ],
              [
                123.90472412100007,
                10.276672363000102
              ],
              [
                123.90527343700023,
                10.276306152000075
              ],
              [
                123.90588378900009,
                10.276306152000075
              ]
            ]
          ]
        ]
      }
    },
    {
      "type": "Feature",
      "properties": {
        "adm4_name": "Guadalupe",
        "adm4_name1": null,
        "adm4_name2": null,
        "adm4_name3": null,
        "adm4_pcode": "PH0702217029",
        "adm3_name": "Cebu City (Capital)",
        "adm3_name1": null,
        "adm3_name2": null,
        "adm3_name3": null,
        "adm3_pcode": "PH0702217",
        "adm2_name": "Cebu",
        "adm2_name1": null,
        "adm2_name2": null,
        "adm2_name3": null,
        "adm2_pcode": "PH07022",
        "adm1_name": "Region VII (Central Visayas)",
        "adm1_name1": null,
        "adm1_name2": null,
        "adm1_name3": null,
        "adm1_pcode": "PH07",
        "adm0_name": "Philippines",
        "adm0_name1": null,
        "adm0_name2": null,
        "adm0_name3": null,
        "adm0_pcode": "PH",
        "valid_on": "2025-02-13",
        "valid_to": null,
        "area_sqkm": 7.36442719,
        "version": "v03",
        "lang": "en",
        "lang1": null,
        "lang2": null,
        "lang3": null,
        "adm4_ref_name": "Guadalupe",
        "center_lat": 10.31946932,
        "center_lon": 123.87427685
      },
      "geometry": {
        "type": "Polygon",
        "coordinates": [
          [
            [
              123.87516842100013,
              10.332723467000108
            ],
            [
              123.87508070200022,
              10.332725866000033
            ],
            [
              123.87492650600007,
              10.332612582000081
            ],
            [
              123.8748522300001,
              10.332472484
            ],
            [
              123.8747518900002,
              10.332257179000067
            ],
            [
              123.87462242300023,
              10.332138500999974
            ],
            [
              123.8745005930001,
              10.331986195000184
            ],
            [
              123.87432457000023,
              10.331856098000173
            ],
            [
              123.87419176500009,
              10.331736049000085
            ],
            [
              123.87405360100001,
              10.331605430000025
            ],
            [
              123.87374786200007,
              10.331410441000173
            ],
            [
              123.87244140900009,
              10.330595745999972
            ],
            [
              123.87069919700002,
              10.329539859000079
            ],
            [
              123.86850823300006,
              10.328272795999965
            ],
            [
              123.86613244600005,
              10.327009081000142
            ],
            [
              123.86156559300014,
              10.324278149000122
            ],
            [
              123.86024001800013,
              10.32140694900005
            ],
            [
              123.85706700200012,
              10.316580302000148
            ],
            [
              123.86027343400008,
              10.313197292000154
            ],
            [
              123.8618659010001,
              10.311271761000114
            ],
            [
              123.86238678100005,
              10.31030422200007
            ],
            [
              123.8629304530001,
              10.310295509000127
            ],
            [
              123.86373026000024,
              10.310282563000158
            ],
            [
              123.86533542200004,
              10.310256581000147
            ],
            [
              123.86672953400011,
              10.310234054000148
            ],
            [
              123.86690379600009,
              10.309663395000086
            ],
            [
              123.86696978000009,
              10.309526985000161
            ],
            [
              123.8670324110002,
              10.30944227599997
            ],
            [
              123.86710233800022,
              10.309368394000103
            ],
            [
              123.86711663400013,
              10.309373436000158
            ],
            [
              123.8676257410001,
              10.309547272000145
            ],
            [
              123.86766104700018,
              10.309266893000142
            ],
            [
              123.86770726500004,
              10.309122153000033
            ],
            [
              123.86841589100004,
              10.309395778000066
            ],
            [
              123.86890955400031,
              10.309558655000103
            ],
            [
              123.86905757200009,
              10.309389390000035
            ],
            [
              123.86920011800021,
              10.309166024000035
            ],
            [
              123.8698503720002,
              10.308981361000122
            ],
            [
              123.86982614700003,
              10.308696031000125
            ],
            [
              123.86982829800013,
              10.308284158999982
            ],
            [
              123.86986736900008,
              10.308072866000032
            ],
            [
              123.86990017200003,
              10.307894696000176
            ],
            [
              123.86979290500017,
              10.307813161000126
            ],
            [
              123.86973546600007,
              10.307631147000166
            ],
            [
              123.869723496,
              10.307439632000182
            ],
            [
              123.8696097840002,
              10.307391753000047
            ],
            [
              123.8696097840002,
              10.307236146000037
            ],
            [
              123.86965766300011,
              10.307122434000064
            ],
            [
              123.86967561700021,
              10.306918949000021
            ],
            [
              123.8701548480002,
              10.30661853200013
            ],
            [
              123.87044112900014,
              10.306469886000059
            ],
            [
              123.87071803000003,
              10.306347431000177
            ],
            [
              123.87077270200007,
              10.306557412000018
            ],
            [
              123.8707856110002,
              10.306608744000187
            ],
            [
              123.87105593500019,
              10.306676326000115
            ],
            [
              123.8712226350001,
              10.306730390000155
            ],
            [
              123.87130823800021,
              10.306707863000156
            ],
            [
              123.8713037330001,
              10.306595228000162
            ],
            [
              123.87133977600013,
              10.306500615000061
            ],
            [
              123.87149579200025,
              10.306473549000088
            ],
            [
              123.87175227200021,
              10.306546032000142
            ],
            [
              123.87194184300017,
              10.306674272000123
            ],
            [
              123.87206823400004,
              10.306715854000174
            ],
            [
              123.87222062500007,
              10.30685269200012
            ],
            [
              123.87241019700002,
              10.307003235000082
            ],
            [
              123.87257189000013,
              10.307103596000104
            ],
            [
              123.87275031000013,
              10.307125899000084
            ],
            [
              123.872978912,
              10.307148201000132
            ],
            [
              123.87290642800008,
              10.307376802000135
            ],
            [
              123.87303466800006,
              10.30745486100011
            ],
            [
              123.87304351000023,
              10.307586161000131
            ],
            [
              123.87319193700034,
              10.307686568
            ],
            [
              123.87333163400012,
              10.307708396000066
            ],
            [
              123.87343204100011,
              10.307778244000133
            ],
            [
              123.87353244800022,
              10.307804437000073
            ],
            [
              123.87370706800004,
              10.30785245800007
            ],
            [
              123.87390788200003,
              10.307887382000104
            ],
            [
              123.87429821100022,
              10.307878952000124
            ],
            [
              123.87448849600003,
              10.307996520000074
            ],
            [
              123.87463692400013,
              10.308044541000072
            ],
            [
              123.87495560700006,
              10.308127486000103
            ],
            [
              123.87524809700017,
              10.308079465000105
            ],
            [
              123.87572393800019,
              10.307983424000042
            ],
            [
              123.87596919400005,
              10.308002972999986
            ],
            [
              123.87597032200028,
              10.308003918000168
            ],
            [
              123.87651631200004,
              10.307967461999965
            ],
            [
              123.87678847300003,
              10.307922102000134
            ],
            [
              123.87689053400004,
              10.30778602099997
            ],
            [
              123.87690754400023,
              10.307621591000043
            ],
            [
              123.87686016400005,
              10.307420302000025
            ],
            [
              123.8770665290001,
              10.30740189300019
            ],
            [
              123.87728520900009,
              10.307387666000182
            ],
            [
              123.87726033100034,
              10.30710598000013
            ],
            [
              123.87730768100005,
              10.307001044000117
            ],
            [
              123.87740426500022,
              10.306907404000015
            ],
            [
              123.87749635700015,
              10.306860294000046
            ],
            [
              123.87760397900001,
              10.306805509000014
            ],
            [
              123.87776293500019,
              10.306687311000019
            ],
            [
              123.87787144800006,
              10.306555626000033
            ],
            [
              123.87809715100013,
              10.306573188000073
            ],
            [
              123.87910071800013,
              10.30651767300003
            ],
            [
              123.8791280260001,
              10.306692447000103
            ],
            [
              123.87918810500003,
              10.30685083700007
            ],
            [
              123.87920892000022,
              10.306879069000104
            ],
            [
              123.87930826300033,
              10.307014688000038
            ],
            [
              123.87946119000014,
              10.307140307000054
            ],
            [
              123.8796773570001,
              10.307246921000171
            ],
            [
              123.87971789100015,
              10.307265926000014
            ],
            [
              123.87985365900033,
              10.30728350000004
            ],
            [
              123.8800401310001,
              10.307326005000107
            ],
            [
              123.88048645400022,
              10.307376084999987
            ],
            [
              123.8807774610002,
              10.307402469000067
            ],
            [
              123.88144378900006,
              10.307473471000037
            ],
            [
              123.88220296600014,
              10.307566320000035
            ],
            [
              123.88278190700032,
              10.307648246000042
            ],
            [
              123.88356293100014,
              10.307823020000114
            ],
            [
              123.88446411200016,
              10.3080141800001
            ],
            [
              123.88460797200003,
              10.308041047000131
            ],
            [
              123.88478635200022,
              10.308074259000023
            ],
            [
              123.88515338900004,
              10.308208386000047
            ],
            [
              123.88556737600015,
              10.308358267000074
            ],
            [
              123.88612447000003,
              10.30847842500009
            ],
            [
              123.88660385600008,
              10.308563028000037
            ],
            [
              123.88663141800009,
              10.307923787
            ],
            [
              123.88798183600011,
              10.308026847
            ],
            [
              123.88845391000007,
              10.308051181000053
            ],
            [
              123.88855757400006,
              10.308067095000126
            ],
            [
              123.88858104700023,
              10.30817272500019
            ],
            [
              123.88858691500013,
              10.308389854000097
            ],
            [
              123.88875123000014,
              10.308530695000115
            ],
            [
              123.88871601900019,
              10.308700878000082
            ],
            [
              123.88903877900009,
              10.309099926000101
            ],
            [
              123.88906225300002,
              10.309352265000086
            ],
            [
              123.88892728000019,
              10.309815866000179
            ],
            [
              123.88899183200033,
              10.310379228000045
            ],
            [
              123.88898009600007,
              10.310613963000037
            ],
            [
              123.88891554400004,
              10.310919118000129
            ],
            [
              123.88926764500002,
              10.31134750800004
            ],
            [
              123.88953172100014,
              10.311910870000133
            ],
            [
              123.88950824800008,
              10.312550522000095
            ],
            [
              123.88948477400004,
              10.312920228000166
            ],
            [
              123.88933806500029,
              10.313342750000118
            ],
            [
              123.88901530600015,
              10.314023480000117
            ],
            [
              123.88868667800011,
              10.314269951000028
            ],
            [
              123.88853410000013,
              10.314510554000094
            ],
            [
              123.88882165000007,
              10.314762893000136
            ],
            [
              123.88900943700014,
              10.314886129
            ],
            [
              123.88915614600012,
              10.315120863000061
            ],
            [
              123.88899770100022,
              10.315525780000087
            ],
            [
              123.8889390170001,
              10.31585440800012
            ],
            [
              123.88891554400004,
              10.316241720000164
            ],
            [
              123.88855757400006,
              10.316734662000101
            ],
            [
              123.88852823200034,
              10.316834424000035
            ],
            [
              123.88848128500013,
              10.316928318000123
            ],
            [
              123.88836978600023,
              10.317215868000119
            ],
            [
              123.88852823200034,
              10.317867256
            ],
            [
              123.88871780500017,
              10.318219321000129
            ],
            [
              123.88889793800001,
              10.318553854000186
            ],
            [
              123.88942609100013,
              10.319287399000189
            ],
            [
              123.88974885100004,
              10.31965123700013
            ],
            [
              123.88972537700022,
              10.31983315600013
            ],
            [
              123.889525853,
              10.320097232000137
            ],
            [
              123.88910919900002,
              10.320596043000137
            ],
            [
              123.88907398900028,
              10.320801436000124
            ],
            [
              123.88928525000006,
              10.32110659000017
            ],
            [
              123.88974885100004,
              10.321587796000188
            ],
            [
              123.88997771700008,
              10.321904687000028
            ],
            [
              123.88998945300023,
              10.322567812000102
            ],
            [
              123.88978406100011,
              10.322960992000105
            ],
            [
              123.88954932600006,
              10.323412856000061
            ],
            [
              123.88932046000002,
              10.323794299000042
            ],
            [
              123.88922069800026,
              10.324275505000116
            ],
            [
              123.88918548800018,
              10.32468042100004
            ],
            [
              123.88889207000011,
              10.325085338000065
            ],
            [
              123.88854583700015,
              10.325484387000131
            ],
            [
              123.88837565400001,
              10.325936250000098
            ],
            [
              123.88823481400004,
              10.326505481000027
            ],
            [
              123.88818115400022,
              10.326696626000114
            ],
            [
              123.8880939730002,
              10.326869320000014
            ],
            [
              123.88767732000008,
              10.32717447400006
            ],
            [
              123.88709635200019,
              10.32728597300013
            ],
            [
              123.88667383000006,
              10.32728597300013
            ],
            [
              123.88643322700011,
              10.32729184100009
            ],
            [
              123.88630999200029,
              10.327420945000085
            ],
            [
              123.88638628000001,
              10.327685022000026
            ],
            [
              123.88650364800003,
              10.3278493360001
            ],
            [
              123.88656820000017,
              10.328142754000055
            ],
            [
              123.88631586000008,
              10.328430303000118
            ],
            [
              123.88608270000032,
              10.32866782200017
            ],
            [
              123.88599989400007,
              10.328762617999985
            ],
            [
              123.88591674400027,
              10.328872225000111
            ],
            [
              123.88572776800027,
              10.328970493000043
            ],
            [
              123.88561816100002,
              10.32902340600009
            ],
            [
              123.88547845800008,
              10.329046302000052
            ],
            [
              123.88534225500007,
              10.329030965000072
            ],
            [
              123.88525154600029,
              10.329019627000037
            ],
            [
              123.88512682200007,
              10.328978052000082
            ],
            [
              123.88503233300003,
              10.328925138000159
            ],
            [
              123.88493397700006,
              10.328946702000167
            ],
            [
              123.88474805700014,
              10.329119343000116
            ],
            [
              123.8846617370001,
              10.329338463000113
            ],
            [
              123.88454885700003,
              10.329683744000022
            ],
            [
              123.88437621600019,
              10.330168465000042
            ],
            [
              123.88418365600023,
              10.330487185000152
            ],
            [
              123.8838981350001,
              10.330619985000112
            ],
            [
              123.88355285500018,
              10.330580147000035
            ],
            [
              123.88314814300008,
              10.330912484000066
            ],
            [
              123.88288564400011,
              10.331123611000066
            ],
            [
              123.88266973300028,
              10.331297267000025
            ],
            [
              123.88235765300021,
              10.33145662700008
            ],
            [
              123.88211861200011,
              10.331615987000134
            ],
            [
              123.88193269200019,
              10.331675747000077
            ],
            [
              123.88174677100017,
              10.331815188000178
            ],
            [
              123.88148781100006,
              10.332074148000117
            ],
            [
              123.88130189100013,
              10.332273349000161
            ],
            [
              123.88105621000011,
              10.332426069000178
            ],
            [
              123.88073748900013,
              10.33241942900014
            ],
            [
              123.88057812900024,
              10.332319829000085
            ],
            [
              123.8803523690002,
              10.33220030800004
            ],
            [
              123.88002700800007,
              10.332193668000059
            ],
            [
              123.87979460800034,
              10.332220228000097
            ],
            [
              123.87959540700012,
              10.332240149000086
            ],
            [
              123.87931652700013,
              10.332220228000097
            ],
            [
              123.87904428600007,
              10.332173748000173
            ],
            [
              123.87880524600018,
              10.332180387999983
            ],
            [
              123.87864588500008,
              10.332187028000021
            ],
            [
              123.87840020500016,
              10.33228662900018
            ],
            [
              123.87817444500013,
              10.332313189000047
            ],
            [
              123.87808148400018,
              10.332266709000123
            ],
            [
              123.8779287640001,
              10.332246789000067
            ],
            [
              123.87782252400007,
              10.332213588000059
            ],
            [
              123.8777030040003,
              10.332160468000154
            ],
            [
              123.87756356300008,
              10.332074148000117
            ],
            [
              123.87748687800001,
              10.332014429000026
            ],
            [
              123.87730346600006,
              10.331901145000074
            ],
            [
              123.87729807200003,
              10.331712339000092
            ],
            [
              123.87731425500021,
              10.331539717
            ],
            [
              123.87726570500013,
              10.331350911000015
            ],
            [
              123.87719557700018,
              10.331269993999967
            ],
            [
              123.87705532100006,
              10.331280783000068
            ],
            [
              123.87688269900002,
              10.33136709400003
            ],
            [
              123.8765967930002,
              10.331572084000129
            ],
            [
              123.8764295650002,
              10.331712339000092
            ],
            [
              123.87625694200005,
              10.331879567000044
            ],
            [
              123.87607892500012,
              10.331987457000139
            ],
            [
              123.87586854200003,
              10.332138500999974
            ],
            [
              123.875641975,
              10.332354279000072
            ],
            [
              123.87542080200012,
              10.33252150700008
            ],
            [
              123.87516842100013,
              10.332723467000108
            ]
          ]
        ]
      }
    },
    {
      "type": "Feature",
      "properties": {
        "adm4_name": "Guba",
        "adm4_name1": null,
        "adm4_name2": null,
        "adm4_name3": null,
        "adm4_pcode": "PH0702217030",
        "adm3_name": "Cebu City (Capital)",
        "adm3_name1": null,
        "adm3_name2": null,
        "adm3_name3": null,
        "adm3_pcode": "PH0702217",
        "adm2_name": "Cebu",
        "adm2_name1": null,
        "adm2_name2": null,
        "adm2_name3": null,
        "adm2_pcode": "PH07022",
        "adm1_name": "Region VII (Central Visayas)",
        "adm1_name1": null,
        "adm1_name2": null,
        "adm1_name3": null,
        "adm1_pcode": "PH07",
        "adm0_name": "Philippines",
        "adm0_name1": null,
        "adm0_name2": null,
        "adm0_name3": null,
        "adm0_pcode": "PH",
        "valid_on": "2025-02-13",
        "valid_to": null,
        "area_sqkm": 10.82131042,
        "version": "v03",
        "lang": "en",
        "lang1": null,
        "lang2": null,
        "lang3": null,
        "adm4_ref_name": "Guba",
        "center_lat": 10.43155713,
        "center_lon": 123.88930465
      },
      "geometry": {
        "type": "Polygon",
        "coordinates": [
          [
            [
              123.89521403900028,
              10.457394604
            ],
            [
              123.89513866300013,
              10.457614356000079
            ],
            [
              123.88627803700001,
              10.443902458000139
            ],
            [
              123.88310790800006,
              10.439080898000157
            ],
            [
              123.879999601,
              10.434031595000079
            ],
            [
              123.87993107000011,
              10.433937239999977
            ],
            [
              123.8708725900002,
              10.428014426000061
            ],
            [
              123.86775838300002,
              10.424175300000172
            ],
            [
              123.87215861000004,
              10.425167782000074
            ],
            [
              123.87248392600009,
              10.425304531999984
            ],
            [
              123.87831696000012,
              10.421038759000112
            ],
            [
              123.88517024200019,
              10.416014243000063
            ],
            [
              123.88971479900022,
              10.413922610999975
            ],
            [
              123.89525153700004,
              10.41133845800016
            ],
            [
              123.89535155400006,
              10.411129331000154
            ],
            [
              123.89550612700009,
              10.410483764000105
            ],
            [
              123.89663946900009,
              10.40479689500006
            ],
            [
              123.89672769200001,
              10.401432163000038
            ],
            [
              123.89674514300009,
              10.4007579580001
            ],
            [
              123.89742495700011,
              10.400849581000102
            ],
            [
              123.89919768000016,
              10.401091215000065
            ],
            [
              123.90142432500022,
              10.407963198000118
            ],
            [
              123.90500698000005,
              10.412549093000052
            ],
            [
              123.90510833400015,
              10.412682344000132
            ],
            [
              123.9055139090002,
              10.413223111000036
            ],
            [
              123.90592592200005,
              10.413873319000174
            ],
            [
              123.90587442100002,
              10.41453640300017
            ],
            [
              123.90590660900023,
              10.41506429500015
            ],
            [
              123.90600961200005,
              10.415283177000106
            ],
            [
              123.90611261600009,
              10.415566436
            ],
            [
              123.90617055500002,
              10.415933385000073
            ],
            [
              123.90586154500022,
              10.424199397000109
            ],
            [
              123.90585510800008,
              10.424315276000016
            ],
            [
              123.90573279100022,
              10.424688662000051
            ],
            [
              123.9046097270002,
              10.429070380000041
            ],
            [
              123.90455661300007,
              10.429177023000022
            ],
            [
              123.89889376800022,
              10.435198907000029
            ],
            [
              123.89800194100008,
              10.438069841000072
            ],
            [
              123.89794281100012,
              10.438283366000064
            ],
            [
              123.89792310100006,
              10.438368776
            ],
            [
              123.8977964290001,
              10.438777925000068
            ],
            [
              123.89774899600002,
              10.438914087000114
            ],
            [
              123.89765948000002,
              10.439199061000068
            ],
            [
              123.89752808000003,
              10.439711522000096
            ],
            [
              123.89739010900007,
              10.44023383700005
            ],
            [
              123.89673475100017,
              10.442508702999987
            ],
            [
              123.89641606300006,
              10.443488203000015
            ],
            [
              123.8966270110003,
              10.444713858000114
            ],
            [
              123.89772034400005,
              10.445676755000136
            ],
            [
              123.89786454900002,
              10.445803979000175
            ],
            [
              123.89833972100007,
              10.446220335000135
            ],
            [
              123.9023175210001,
              10.449723774
            ],
            [
              123.9003039920002,
              10.451944104000063
            ],
            [
              123.89671579300023,
              10.45586938300005
            ],
            [
              123.89555546400004,
              10.457138714000166
            ],
            [
              123.89521403900028,
              10.457394604
            ]
          ]
        ]
      }
    },
    {
      "type": "Feature",
      "properties": {
        "adm4_name": "Hippodromo",
        "adm4_name1": null,
        "adm4_name2": null,
        "adm4_name3": null,
        "adm4_pcode": "PH0702217031",
        "adm3_name": "Cebu City (Capital)",
        "adm3_name1": null,
        "adm3_name2": null,
        "adm3_name3": null,
        "adm3_pcode": "PH0702217",
        "adm2_name": "Cebu",
        "adm2_name1": null,
        "adm2_name2": null,
        "adm2_name3": null,
        "adm2_pcode": "PH07022",
        "adm1_name": "Region VII (Central Visayas)",
        "adm1_name1": null,
        "adm1_name2": null,
        "adm1_name3": null,
        "adm1_pcode": "PH07",
        "adm0_name": "Philippines",
        "adm0_name1": null,
        "adm0_name2": null,
        "adm0_name3": null,
        "adm0_pcode": "PH",
        "valid_on": "2025-02-13",
        "valid_to": null,
        "area_sqkm": 0.43068491,
        "version": "v03",
        "lang": "en",
        "lang1": null,
        "lang2": null,
        "lang3": null,
        "adm4_ref_name": "Hippodromo",
        "center_lat": 10.31371219,
        "center_lon": 123.90666847
      },
      "geometry": {
        "type": "Polygon",
        "coordinates": [
          [
            [
              123.90847765300009,
              10.318680117000042
            ],
            [
              123.9084143340001,
              10.318743466000058
            ],
            [
              123.90813638300028,
              10.318397840000046
            ],
            [
              123.90802355200015,
              10.31823191300009
            ],
            [
              123.9078310760002,
              10.317999614000144
            ],
            [
              123.907592141,
              10.317694308000114
            ],
            [
              123.9074129390001,
              10.317528380000056
            ],
            [
              123.90722710000011,
              10.317382364000025
            ],
            [
              123.90697489000001,
              10.317296082000041
            ],
            [
              123.90673595500004,
              10.317196525000043
            ],
            [
              123.90643064800008,
              10.317043872000113
            ],
            [
              123.9062116240001,
              10.31686467000003
            ],
            [
              123.90603905900014,
              10.31668546900005
            ],
            [
              123.9058315010002,
              10.316215413000066
            ],
            [
              123.90565400800017,
              10.31573734
            ],
            [
              123.9055861490001,
              10.315507923000098
            ],
            [
              123.90557321100016,
              10.315464652000173
            ],
            [
              123.90547726600028,
              10.31522731299998
            ],
            [
              123.90538132000017,
              10.314919277000115
            ],
            [
              123.90523992600004,
              10.314666788000068
            ],
            [
              123.90510358200027,
              10.314429449000045
            ],
            [
              123.90489654200019,
              10.31425270699998
            ],
            [
              123.9045481070001,
              10.314081015
            ],
            [
              123.90423502100009,
              10.313949720999972
            ],
            [
              123.9037653930003,
              10.313793178000083
            ],
            [
              123.90396511000006,
              10.31336190200011
            ],
            [
              123.9041873860001,
              10.313068497000074
            ],
            [
              123.9043385340002,
              10.312695072000167
            ],
            [
              123.9049217910001,
              10.311394535000147
            ],
            [
              123.90518942900019,
              10.309950300000082
            ],
            [
              123.90539657500005,
              10.309812973000021
            ],
            [
              123.90598619400009,
              10.309452695000061
            ],
            [
              123.90655297100022,
              10.309118963000117
            ],
            [
              123.90682757000013,
              10.308957271999986
            ],
            [
              123.90717939400008,
              10.308725290000154
            ],
            [
              123.90732334600011,
              10.308853305000184
            ],
            [
              123.90775296600009,
              10.309469093000132
            ],
            [
              123.90805369900022,
              10.309877230999973
            ],
            [
              123.90810527200028,
              10.309942696000178
            ],
            [
              123.90842603600004,
              10.310349813000187
            ],
            [
              123.90855289900014,
              10.310512418000087
            ],
            [
              123.90857215400001,
              10.310535485000116
            ],
            [
              123.90870528900007,
              10.310722150000174
            ],
            [
              123.90882065400001,
              10.31084361500001
            ],
            [
              123.90915202800022,
              10.311192633000132
            ],
            [
              123.90978333300018,
              10.311780194000164
            ],
            [
              123.90982557400002,
              10.311820599000043
            ],
            [
              123.9098731250001,
              10.31186647700008
            ],
            [
              123.90970693800011,
              10.312069972000131
            ],
            [
              123.90956788300025,
              10.31216154499998
            ],
            [
              123.90943221900022,
              10.312266684000065
            ],
            [
              123.90937117100032,
              10.312351473999968
            ],
            [
              123.9093236880002,
              10.312429481000152
            ],
            [
              123.9093236880002,
              10.312517662000062
            ],
            [
              123.90934742900015,
              10.312632976000032
            ],
            [
              123.90937117100032,
              10.312734723000176
            ],
            [
              123.90941187000021,
              10.312843254000029
            ],
            [
              123.90943561100016,
              10.31293143500011
            ],
            [
              123.90944564200004,
              10.31296283600011
            ],
            [
              123.90947625000001,
              10.313060674000042
            ],
            [
              123.909493268,
              10.31311458100015
            ],
            [
              123.90950344200019,
              10.31319597900017
            ],
            [
              123.90952379200007,
              10.31328416000008
            ],
            [
              123.90952040000013,
              10.313396082999986
            ],
            [
              123.90947631000006,
              10.31346730600012
            ],
            [
              123.90943900200011,
              10.313545313000077
            ],
            [
              123.9094728990002,
              10.31363120399999
            ],
            [
              123.9097807390001,
              10.31403888300008
            ],
            [
              123.90983065900014,
              10.314288482000052
            ],
            [
              123.90973081900006,
              10.314762722000182
            ],
            [
              123.90971287900004,
              10.314964355000086
            ],
            [
              123.90955609900016,
              10.316726238000115
            ],
            [
              123.90945716600004,
              10.316957590000072
            ],
            [
              123.90936650700007,
              10.317627995
            ],
            [
              123.9092314610001,
              10.317835807000165
            ],
            [
              123.90887706300009,
              10.318263867000042
            ],
            [
              123.90878022300012,
              10.318415728000105
            ],
            [
              123.90871002400002,
              10.31852957700005
            ],
            [
              123.90862402900018,
              10.318590112000152
            ],
            [
              123.90847765300009,
              10.318680117000042
            ]
          ]
        ]
      }
    },
    {
      "type": "Feature",
      "properties": {
        "adm4_name": "Inayawan",
        "adm4_name1": null,
        "adm4_name2": null,
        "adm4_name3": null,
        "adm4_pcode": "PH0702217032",
        "adm3_name": "Cebu City (Capital)",
        "adm3_name1": null,
        "adm3_name2": null,
        "adm3_name3": null,
        "adm3_pcode": "PH0702217",
        "adm2_name": "Cebu",
        "adm2_name1": null,
        "adm2_name2": null,
        "adm2_name3": null,
        "adm2_pcode": "PH07022",
        "adm1_name": "Region VII (Central Visayas)",
        "adm1_name1": null,
        "adm1_name2": null,
        "adm1_name3": null,
        "adm1_pcode": "PH07",
        "adm0_name": "Philippines",
        "adm0_name1": null,
        "adm0_name2": null,
        "adm0_name3": null,
        "adm0_pcode": "PH",
        "valid_on": "2025-02-13",
        "valid_to": null,
        "area_sqkm": 2.75326677,
        "version": "v03",
        "lang": "en",
        "lang1": null,
        "lang2": null,
        "lang3": null,
        "adm4_ref_name": "Inayawan",
        "center_lat": 10.26771262,
        "center_lon": 123.86276304
      },
      "geometry": {
        "type": "Polygon",
        "coordinates": [
          [
            [
              123.85724438800003,
              10.276330716000189
            ],
            [
              123.85733840200021,
              10.276881246000073
            ],
            [
              123.85698201400021,
              10.276405920000173
            ],
            [
              123.85679973200001,
              10.276173649000043
            ],
            [
              123.85676385700003,
              10.276104310999983
            ],
            [
              123.85634194900013,
              10.275533267000185
            ],
            [
              123.8562017800001,
              10.275343721000127
            ],
            [
              123.85578160000034,
              10.274776129000088
            ],
            [
              123.85544021900012,
              10.274315414000057
            ],
            [
              123.85489609800027,
              10.273581901
            ],
            [
              123.85440541200035,
              10.27261852800018
            ],
            [
              123.854251298,
              10.272317159000181
            ],
            [
              123.85412367300023,
              10.272071961000165
            ],
            [
              123.85369303300013,
              10.271244426000123
            ],
            [
              123.85362778500007,
              10.271118042000182
            ],
            [
              123.85308653100003,
              10.27008973900007
            ],
            [
              123.85237647300005,
              10.269154310000033
            ],
            [
              123.85171701900003,
              10.268267056000184
            ],
            [
              123.8516167480002,
              10.267185673000142
            ],
            [
              123.85146585500001,
              10.265432215000033
            ],
            [
              123.85145056400029,
              10.265266559000167
            ],
            [
              123.85130545100014,
              10.263619071000107
            ],
            [
              123.85120392300007,
              10.26346781400008
            ],
            [
              123.85157842100011,
              10.263135777000059
            ],
            [
              123.85187593,
              10.263010869000027
            ],
            [
              123.851916834,
              10.263008862000163
            ],
            [
              123.85204879600008,
              10.263068920000137
            ],
            [
              123.85218226500001,
              10.263170264000166
            ],
            [
              123.85225113700005,
              10.263198345000092
            ],
            [
              123.85226523600022,
              10.263204693000091
            ],
            [
              123.85233567000012,
              10.263208360000135
            ],
            [
              123.85238968900012,
              10.263208021000025
            ],
            [
              123.85247764400003,
              10.26318720900008
            ],
            [
              123.852628449,
              10.263108853000176
            ],
            [
              123.85268794600017,
              10.263105796000161
            ],
            [
              123.85276505600018,
              10.263129403999983
            ],
            [
              123.85290271800022,
              10.263155775000143
            ],
            [
              123.85302480400003,
              10.263139469
            ],
            [
              123.85308906000012,
              10.263123495000116
            ],
            [
              123.85348000400018,
              10.26309421100018
            ],
            [
              123.85369340000022,
              10.263083562000133
            ],
            [
              123.85379350300025,
              10.263084227999968
            ],
            [
              123.85384017300021,
              10.263098870000135
            ],
            [
              123.853921,
              10.263144793000095
            ],
            [
              123.85396193100019,
              10.263160899000013
            ],
            [
              123.85403872600023,
              10.263163485000064
            ],
            [
              123.8542081820002,
              10.263133830000186
            ],
            [
              123.85421860400004,
              10.263126158000091
            ],
            [
              123.85428928600015,
              10.263087556000073
            ],
            [
              123.85440153900015,
              10.263032168000109
            ],
            [
              123.8544739360002,
              10.262985726000181
            ],
            [
              123.85452859000009,
              10.2629426310001
            ],
            [
              123.85456372400017,
              10.262929653000072
            ],
            [
              123.85461022500033,
              10.262920835000045
            ],
            [
              123.8546599990002,
              10.262957400000175
            ],
            [
              123.85473162900007,
              10.263026563000096
            ],
            [
              123.8548696150001,
              10.263083895000022
            ],
            [
              123.85502378800004,
              10.263102373000152
            ],
            [
              123.85512195500007,
              10.263063404000036
            ],
            [
              123.85527341000022,
              10.263059270000042
            ],
            [
              123.85536877900006,
              10.263078238000048
            ],
            [
              123.85545102200001,
              10.263091694000082
            ],
            [
              123.85572116800017,
              10.263098358000093
            ],
            [
              123.85598225600006,
              10.263121386000023
            ],
            [
              123.85597003700002,
              10.263018594000073
            ],
            [
              123.85596037900018,
              10.262937554000132
            ],
            [
              123.8559690840001,
              10.262779292000175
            ],
            [
              123.85600114500016,
              10.262647726000125
            ],
            [
              123.85616356900005,
              10.262296451000111
            ],
            [
              123.85627919300009,
              10.262045468
            ],
            [
              123.85635002300023,
              10.261893187000112
            ],
            [
              123.85676205100003,
              10.26100207100012
            ],
            [
              123.85685961800004,
              10.260791060000145
            ],
            [
              123.85698224400005,
              10.260525844000028
            ],
            [
              123.85702345100003,
              10.260436495000022
            ],
            [
              123.85703248400011,
              10.26041718700003
            ],
            [
              123.85715571300011,
              10.260226470000134
            ],
            [
              123.85717211400015,
              10.260200225
            ],
            [
              123.85721222300015,
              10.260137943000188
            ],
            [
              123.85725144600008,
              10.260077069000147
            ],
            [
              123.8573525700001,
              10.259955522000098
            ],
            [
              123.85748481700011,
              10.259797463000098
            ],
            [
              123.85759517500003,
              10.2596646
            ],
            [
              123.85807089200023,
              10.259091874000035
            ],
            [
              123.85827036800003,
              10.258974289000037
            ],
            [
              123.85852719500008,
              10.258822897000073
            ],
            [
              123.85930023300011,
              10.260035835999986
            ],
            [
              123.86001820700017,
              10.261173427000074
            ],
            [
              123.86308071300004,
              10.26180625000012
            ],
            [
              123.86644239700001,
              10.262500894000027
            ],
            [
              123.86656735700024,
              10.262465191
            ],
            [
              123.86668339200003,
              10.262331304000043
            ],
            [
              123.86673694700005,
              10.262197418000142
            ],
            [
              123.86687083400022,
              10.262072457000045
            ],
            [
              123.86721893900017,
              10.26218849200012
            ],
            [
              123.8675134890002,
              10.262313453000047
            ],
            [
              123.86770093000018,
              10.26242948800018
            ],
            [
              123.8679330010001,
              10.262572300000102
            ],
            [
              123.86813829300002,
              10.26262585500018
            ],
            [
              123.86828110600004,
              10.262536597000064
            ],
            [
              123.86833466000019,
              10.262295601
            ],
            [
              123.86842391800008,
              10.262027828000157
            ],
            [
              123.86851317600008,
              10.26192964400019
            ],
            [
              123.86870061700017,
              10.261876090000044
            ],
            [
              123.86905764800031,
              10.262072457000045
            ],
            [
              123.86995915100022,
              10.261893940999983
            ],
            [
              123.87034295900003,
              10.26180468399997
            ],
            [
              123.8706018060002,
              10.261813609000114
            ],
            [
              123.87090528300018,
              10.26164402
            ],
            [
              123.87121768500003,
              10.2613316180001
            ],
            [
              123.87183356300022,
              10.260840700000188
            ],
            [
              123.87205670700007,
              10.260680036
            ],
            [
              123.87227985200013,
              10.260519372000033
            ],
            [
              123.87231837000013,
              10.260483422000107
            ],
            [
              123.87238804200001,
              10.260565138000118
            ],
            [
              123.87324657000033,
              10.259832846999984
            ],
            [
              123.87326747400016,
              10.259828276000064
            ],
            [
              123.87419057800014,
              10.259042101000091
            ],
            [
              123.8749616660001,
              10.258388478000143
            ],
            [
              123.8749686340002,
              10.258377050999968
            ],
            [
              123.87498024600006,
              10.258347341
            ],
            [
              123.87498953600016,
              10.25833591300011
            ],
            [
              123.87501740700009,
              10.258290204000161
            ],
            [
              123.87502437400019,
              10.258283349000067
            ],
            [
              123.87502902000006,
              10.258274206000067
            ],
            [
              123.87505456800022,
              10.258246781000025
            ],
            [
              123.8750661810002,
              10.258237641000164
            ],
            [
              123.87509405100002,
              10.258226214000047
            ],
            [
              123.87511030900009,
              10.25822849800005
            ],
            [
              123.87514514700013,
              10.258237641000164
            ],
            [
              123.87515908300009,
              10.258244496000088
            ],
            [
              123.87516837300007,
              10.258251353000048
            ],
            [
              123.87517766300016,
              10.258267351000143
            ],
            [
              123.87518230800015,
              10.25828106400013
            ],
            [
              123.87518230800015,
              10.258308488000068
            ],
            [
              123.87517766300016,
              10.258326771999975
            ],
            [
              123.87516605000019,
              10.25834277000007
            ],
            [
              123.8751567600001,
              10.258349625
            ],
            [
              123.87514282400002,
              10.258363337999981
            ],
            [
              123.87505921200022,
              10.258399903999987
            ],
            [
              123.87504295400015,
              10.25840447600001
            ],
            [
              123.87501043900022,
              10.258420474000104
            ],
            [
              123.87454855700003,
              10.258819918000142
            ],
            [
              123.87454855700003,
              10.258822203000022
            ],
            [
              123.87453230000017,
              10.258833630000026
            ],
            [
              123.87452301000008,
              10.258842771000161
            ],
            [
              123.87450907300013,
              10.258849628000064
            ],
            [
              123.87445797700013,
              10.258895336000137
            ],
            [
              123.87443242900031,
              10.258915906000084
            ],
            [
              123.874418493,
              10.258931904000121
            ],
            [
              123.87437668700011,
              10.25896846900008
            ],
            [
              123.8743464930003,
              10.259002751000082
            ],
            [
              123.87430236500006,
              10.259043888000178
            ],
            [
              123.87426056000004,
              10.25907817000018
            ],
            [
              123.874232688,
              10.259098736999988
            ],
            [
              123.87421875300004,
              10.259105594000118
            ],
            [
              123.87418855900023,
              10.259117021000122
            ],
            [
              123.87417230100016,
              10.259133018000114
            ],
            [
              123.87380998200024,
              10.259455260000095
            ],
            [
              123.87340817900008,
              10.259800353000173
            ],
            [
              123.87341514600007,
              10.259836298000039
            ],
            [
              123.8737414970002,
              10.26021126000012
            ],
            [
              123.87396678400012,
              10.26046037400016
            ],
            [
              123.87413865200006,
              10.260675204000165
            ],
            [
              123.87507058200026,
              10.2617665570001
            ],
            [
              123.87537716000008,
              10.262120798000012
            ],
            [
              123.87581147800029,
              10.262635016000104
            ],
            [
              123.87626667200016,
              10.263167434000138
            ],
            [
              123.87662840500013,
              10.263587484000084
            ],
            [
              123.8771526910001,
              10.264201451000133
            ],
            [
              123.87758085000019,
              10.264696138000147
            ],
            [
              123.87652200200012,
              10.265481912000155
            ],
            [
              123.87477956100008,
              10.266879695000057
            ],
            [
              123.87410939100005,
              10.267511569000135
            ],
            [
              123.87361155100007,
              10.267913670999974
            ],
            [
              123.87290308600018,
              10.26858384100018
            ],
            [
              123.87029899800018,
              10.270766679000133
            ],
            [
              123.86635179300004,
              10.272754336000048
            ],
            [
              123.86563995000017,
              10.272075838000035
            ],
            [
              123.86511546900022,
              10.271579750000171
            ],
            [
              123.86396252500003,
              10.27047979300005
            ],
            [
              123.86303534600029,
              10.269618117000164
            ],
            [
              123.86277619200018,
              10.2697305800001
            ],
            [
              123.86265883900012,
              10.269843043000094
            ],
            [
              123.86248769900021,
              10.26994572700005
            ],
            [
              123.86228722100009,
              10.27008752900008
            ],
            [
              123.86209652200012,
              10.270219550999968
            ],
            [
              123.86195472100019,
              10.270288007000147
            ],
            [
              123.86183247800011,
              10.270332014000132
            ],
            [
              123.8617297940001,
              10.270278227000063
            ],
            [
              123.86161733100016,
              10.270239110000091
            ],
            [
              123.86153909600012,
              10.270160874
            ],
            [
              123.8614950890003,
              10.270077749000166
            ],
            [
              123.8613386180001,
              10.270038632000023
            ],
            [
              123.86119681600007,
              10.270077749000166
            ],
            [
              123.86106479400019,
              10.270146205000117
            ],
            [
              123.860967,
              10.270224441000039
            ],
            [
              123.86083008800006,
              10.270273338000095
            ],
            [
              123.86062961000005,
              10.270356463000155
            ],
            [
              123.86054483700002,
              10.270376142999964
            ],
            [
              123.86040036200006,
              10.270456406000164
            ],
            [
              123.86030003300004,
              10.27053265700016
            ],
            [
              123.86020371600011,
              10.270620947000168
            ],
            [
              123.8600913470002,
              10.270661079000092
            ],
            [
              123.8599910170002,
              10.270761409000045
            ],
            [
              123.85986660900005,
              10.270881804000169
            ],
            [
              123.85973818700006,
              10.270966081000097
            ],
            [
              123.85968988800005,
              10.27098767800004
            ],
            [
              123.85961931100019,
              10.27098767800004
            ],
            [
              123.85952782300012,
              10.270938013000091
            ],
            [
              123.85941803700007,
              10.270961539000098
            ],
            [
              123.85938144200009,
              10.27105302700005
            ],
            [
              123.85935530300003,
              10.271199408000143
            ],
            [
              123.85927265700013,
              10.271271083000158
            ],
            [
              123.85907601100018,
              10.271387466000078
            ],
            [
              123.85893153600023,
              10.271479769000166
            ],
            [
              123.8587669960001,
              10.27159615100004
            ],
            [
              123.85869877100004,
              10.271772731000056
            ],
            [
              123.85866265300012,
              10.271929246000127
            ],
            [
              123.8585663360002,
              10.272157996999965
            ],
            [
              123.85849008600007,
              10.272310498000081
            ],
            [
              123.85841784800016,
              10.272471026
            ],
            [
              123.85842583500005,
              10.2726240880001
            ],
            [
              123.85825810300003,
              10.272698632000015
            ],
            [
              123.85800383800006,
              10.272727970000176
            ],
            [
              123.85781802900021,
              10.272786647000146
            ],
            [
              123.85769089700011,
              10.27290889
            ],
            [
              123.85761755100009,
              10.27296756600009
            ],
            [
              123.85748063900019,
              10.27302624300006
            ],
            [
              123.85737795500017,
              10.273075140000117
            ],
            [
              123.85729972000001,
              10.273221831000058
            ],
            [
              123.85717747800004,
              10.273353853000174
            ],
            [
              123.85708946300008,
              10.273378301000037
            ],
            [
              123.85679672900005,
              10.273435440000071
            ],
            [
              123.85681765400011,
              10.273594839
            ],
            [
              123.8568518530002,
              10.27384657000016
            ],
            [
              123.85688732100004,
              10.274089877000108
            ],
            [
              123.85689848100014,
              10.274167860000091
            ],
            [
              123.85690896500012,
              10.27426823900015
            ],
            [
              123.8569449040001,
              10.274473336000142
            ],
            [
              123.85705391100021,
              10.275190928000029
            ],
            [
              123.85712263900007,
              10.275601426000037
            ],
            [
              123.85718495000015,
              10.275973883000063
            ],
            [
              123.85719942100002,
              10.276064146000124
            ],
            [
              123.85720280300006,
              10.2760807840001
            ],
            [
              123.85724438800003,
              10.276330716000189
            ]
          ]
        ]
      }
    },
    {
      "type": "Feature",
      "properties": {
        "adm4_name": "Kalubihan (Pob.)",
        "adm4_name1": null,
        "adm4_name2": null,
        "adm4_name3": null,
        "adm4_pcode": "PH0702217033",
        "adm3_name": "Cebu City (Capital)",
        "adm3_name1": null,
        "adm3_name2": null,
        "adm3_name3": null,
        "adm3_pcode": "PH0702217",
        "adm2_name": "Cebu",
        "adm2_name1": null,
        "adm2_name2": null,
        "adm2_name3": null,
        "adm2_pcode": "PH07022",
        "adm1_name": "Region VII (Central Visayas)",
        "adm1_name1": null,
        "adm1_name2": null,
        "adm1_name3": null,
        "adm1_pcode": "PH07",
        "adm0_name": "Philippines",
        "adm0_name1": null,
        "adm0_name2": null,
        "adm0_name3": null,
        "adm0_pcode": "PH",
        "valid_on": "2025-02-13",
        "valid_to": null,
        "area_sqkm": 0.16137985,
        "version": "v03",
        "lang": "en",
        "lang1": null,
        "lang2": null,
        "lang3": null,
        "adm4_ref_name": "Kalubihan (Pob.)",
        "center_lat": 10.2965049,
        "center_lon": 123.89750337
      },
      "geometry": {
        "type": "Polygon",
        "coordinates": [
          [
            [
              123.89705113200012,
              10.298921697000026
            ],
            [
              123.89683710500015,
              10.299551476000147
            ],
            [
              123.89553445900015,
              10.298907587000087
            ],
            [
              123.89562965000016,
              10.298737677000076
            ],
            [
              123.89580466900009,
              10.298069342000076
            ],
            [
              123.89604686800021,
              10.297285125000144
            ],
            [
              123.89654757300013,
              10.29541032200018
            ],
            [
              123.89681053700008,
              10.29437034700004
            ],
            [
              123.89705553600015,
              10.293469966000032
            ],
            [
              123.89727563400004,
              10.293464174000064
            ],
            [
              123.89785484100014,
              10.293620560000079
            ],
            [
              123.89810969200016,
              10.293788530000086
            ],
            [
              123.89907460900031,
              10.294300816000032
            ],
            [
              123.898413419,
              10.294577479999987
            ],
            [
              123.89788245300008,
              10.29479968600009
            ],
            [
              123.89777594600002,
              10.294891992000089
            ],
            [
              123.8982374740001,
              10.29618426899998
            ],
            [
              123.89842767200003,
              10.29630010500017
            ],
            [
              123.89907532400014,
              10.296709700000065
            ],
            [
              123.89981376800006,
              10.297171227000149
            ],
            [
              123.90024166600017,
              10.297439474000043
            ],
            [
              123.9006376860001,
              10.297602465000125
            ],
            [
              123.90055205300018,
              10.29783538700002
            ],
            [
              123.90042189100006,
              10.298064883000166
            ],
            [
              123.90032888200005,
              10.298255232000031
            ],
            [
              123.90026432600007,
              10.29838686300019
            ],
            [
              123.90019581700005,
              10.298517479000111
            ],
            [
              123.90018648200021,
              10.29853530700018
            ],
            [
              123.90001085300003,
              10.298869832000094
            ],
            [
              123.89968887300017,
              10.2987636470001
            ],
            [
              123.89834617300005,
              10.298170901000049
            ],
            [
              123.89746934400011,
              10.297706420999987
            ],
            [
              123.89724055700026,
              10.298355879999974
            ],
            [
              123.89715867300004,
              10.298599139000146
            ],
            [
              123.89705113200012,
              10.298921697000026
            ]
          ]
        ]
      }
    },
    {
      "type": "Feature",
      "properties": {
        "adm4_name": "Kalunasan",
        "adm4_name1": null,
        "adm4_name2": null,
        "adm4_name3": null,
        "adm4_pcode": "PH0702217034",
        "adm3_name": "Cebu City (Capital)",
        "adm3_name1": null,
        "adm3_name2": null,
        "adm3_name3": null,
        "adm3_pcode": "PH0702217",
        "adm2_name": "Cebu",
        "adm2_name1": null,
        "adm2_name2": null,
        "adm2_name3": null,
        "adm2_pcode": "PH07022",
        "adm1_name": "Region VII (Central Visayas)",
        "adm1_name1": null,
        "adm1_name2": null,
        "adm1_name3": null,
        "adm1_pcode": "PH07",
        "adm0_name": "Philippines",
        "adm0_name1": null,
        "adm0_name2": null,
        "adm0_name3": null,
        "adm0_pcode": "PH",
        "valid_on": "2025-02-13",
        "valid_to": null,
        "area_sqkm": 1.42011837,
        "version": "v03",
        "lang": "en",
        "lang1": null,
        "lang2": null,
        "lang3": null,
        "adm4_ref_name": "Kalunasan",
        "center_lat": 10.33343962,
        "center_lon": 123.88198571
      },
      "geometry": {
        "type": "Polygon",
        "coordinates": [
          [
            [
              123.88381249400004,
              10.339730146000079
            ],
            [
              123.88270034400011,
              10.342162470000119
            ],
            [
              123.88205947500023,
              10.342084998000075
            ],
            [
              123.88165686700017,
              10.342028315000107
            ],
            [
              123.8814507080001,
              10.342023376000157
            ],
            [
              123.878647924,
              10.34171140400008
            ],
            [
              123.87683909700013,
              10.341510067
            ],
            [
              123.87665246900019,
              10.341482073
            ],
            [
              123.87650994000035,
              10.341416151999965
            ],
            [
              123.87641120800004,
              10.341333925000185
            ],
            [
              123.87633429900029,
              10.341196647
            ],
            [
              123.87625234800021,
              10.341025705999982
            ],
            [
              123.87581896500012,
              10.340767338000148
            ],
            [
              123.87591006200012,
              10.33617132400019
            ],
            [
              123.87606985100012,
              10.335486306000178
            ],
            [
              123.87631673000021,
              10.334449949000089
            ],
            [
              123.87659527000017,
              10.333469490000084
            ],
            [
              123.87686823900003,
              10.33245003400009
            ],
            [
              123.87688269900002,
              10.33136709400003
            ],
            [
              123.87705532100006,
              10.331280783000068
            ],
            [
              123.87719557700018,
              10.331269993999967
            ],
            [
              123.87726570500013,
              10.331350911000015
            ],
            [
              123.87731425500021,
              10.331539717
            ],
            [
              123.87729807200003,
              10.331712339000092
            ],
            [
              123.87730346600006,
              10.331901145000074
            ],
            [
              123.87748687800001,
              10.332014429000026
            ],
            [
              123.87756356300008,
              10.332074148000117
            ],
            [
              123.8777030040003,
              10.332160468000154
            ],
            [
              123.87782252400007,
              10.332213588000059
            ],
            [
              123.8779287640001,
              10.332246789000067
            ],
            [
              123.87808148400018,
              10.332266709000123
            ],
            [
              123.87817444500013,
              10.332313189000047
            ],
            [
              123.87840020500016,
              10.33228662900018
            ],
            [
              123.87864588500008,
              10.332187028000021
            ],
            [
              123.87880524600018,
              10.332180387999983
            ],
            [
              123.87904428600007,
              10.332173748000173
            ],
            [
              123.87931652700013,
              10.332220228000097
            ],
            [
              123.87959540700012,
              10.332240149000086
            ],
            [
              123.87979460800034,
              10.332220228000097
            ],
            [
              123.88002700800007,
              10.332193668000059
            ],
            [
              123.8803523690002,
              10.33220030800004
            ],
            [
              123.88057812900024,
              10.332319829000085
            ],
            [
              123.88073748900013,
              10.33241942900014
            ],
            [
              123.88105621000011,
              10.332426069000178
            ],
            [
              123.88130189100013,
              10.332273349000161
            ],
            [
              123.88148781100006,
              10.332074148000117
            ],
            [
              123.88174677100017,
              10.331815188000178
            ],
            [
              123.88193269200019,
              10.331675747000077
            ],
            [
              123.88211861200011,
              10.331615987000134
            ],
            [
              123.88235765300021,
              10.33145662700008
            ],
            [
              123.88266973300028,
              10.331297267000025
            ],
            [
              123.88288564400011,
              10.331123611000066
            ],
            [
              123.88314814300008,
              10.330912484000066
            ],
            [
              123.88355285500018,
              10.330580147000035
            ],
            [
              123.8838981350001,
              10.330619985000112
            ],
            [
              123.88418365600023,
              10.330487185000152
            ],
            [
              123.88437621600019,
              10.330168465000042
            ],
            [
              123.88454885700003,
              10.329683744000022
            ],
            [
              123.8846617370001,
              10.329338463000113
            ],
            [
              123.88474805700014,
              10.329119343000116
            ],
            [
              123.88493397700006,
              10.328946702000167
            ],
            [
              123.88503233300003,
              10.328925138000159
            ],
            [
              123.88512682200007,
              10.328978052000082
            ],
            [
              123.88525154600029,
              10.329019627000037
            ],
            [
              123.88534225500007,
              10.329030965000072
            ],
            [
              123.88547845800008,
              10.329046302000052
            ],
            [
              123.88561816100002,
              10.32902340600009
            ],
            [
              123.88572776800027,
              10.328970493000043
            ],
            [
              123.88591674400027,
              10.328872225000111
            ],
            [
              123.88599989400007,
              10.328762617999985
            ],
            [
              123.88608270000032,
              10.32866782200017
            ],
            [
              123.88631586000008,
              10.328430303000118
            ],
            [
              123.88656820000017,
              10.328142754000055
            ],
            [
              123.88650364800003,
              10.3278493360001
            ],
            [
              123.88638628000001,
              10.327685022000026
            ],
            [
              123.88630999200029,
              10.327420945000085
            ],
            [
              123.88643322700011,
              10.32729184100009
            ],
            [
              123.88667383000006,
              10.32728597300013
            ],
            [
              123.88709635200019,
              10.32728597300013
            ],
            [
              123.88767732000008,
              10.32717447400006
            ],
            [
              123.8880939730002,
              10.326869320000014
            ],
            [
              123.88818115400022,
              10.326696626000114
            ],
            [
              123.88823481400004,
              10.326505481000027
            ],
            [
              123.88837565400001,
              10.325936250000098
            ],
            [
              123.88854583700015,
              10.325484387000131
            ],
            [
              123.88889207000011,
              10.325085338000065
            ],
            [
              123.88918548800018,
              10.32468042100004
            ],
            [
              123.89008769300017,
              10.324950300000069
            ],
            [
              123.89008769300017,
              10.325118853000049
            ],
            [
              123.89004736100003,
              10.325304152
            ],
            [
              123.88989993900009,
              10.325563411000076
            ],
            [
              123.88964068000018,
              10.327154549999989
            ],
            [
              123.88954979400012,
              10.32758532000014
            ],
            [
              123.88949325800024,
              10.327825574000087
            ],
            [
              123.88943225600019,
              10.328049248000127
            ],
            [
              123.88939667100021,
              10.328293257000155
            ],
            [
              123.89002033800034,
              10.328423218000182
            ],
            [
              123.88998082400008,
              10.328670458000033
            ],
            [
              123.88994262400013,
              10.328909404000058
            ],
            [
              123.88984936400004,
              10.32913051900016
            ],
            [
              123.88980495900023,
              10.329251093000039
            ],
            [
              123.88976753100007,
              10.329353821000154
            ],
            [
              123.88961724800004,
              10.329765561000102
            ],
            [
              123.8895824870001,
              10.329981081000028
            ],
            [
              123.88958943900013,
              10.330231362
            ],
            [
              123.88954596000019,
              10.330327016000126
            ],
            [
              123.88948515500022,
              10.330460787000106
            ],
            [
              123.88934611000002,
              10.33069021200015
            ],
            [
              123.88927432200012,
              10.331396920000032
            ],
            [
              123.88920830200016,
              10.33187706700005
            ],
            [
              123.88889620600003,
              10.332309199000065
            ],
            [
              123.88867413900005,
              10.332489254000166
            ],
            [
              123.88830202500003,
              10.332651303000148
            ],
            [
              123.88784588600004,
              10.332753335000064
            ],
            [
              123.88738849300012,
              10.333409742000129
            ],
            [
              123.88697579900008,
              10.334016045999988
            ],
            [
              123.8866904800002,
              10.334561209000071
            ],
            [
              123.88635930500004,
              10.335009568000146
            ],
            [
              123.88606379600003,
              10.335294887000032
            ],
            [
              123.88587767700017,
              10.3356282150001
            ],
            [
              123.8850704680001,
              10.337100198000087
            ],
            [
              123.88442454400013,
              10.338450581000188
            ],
            [
              123.88381249400004,
              10.339730146000079
            ]
          ]
        ]
      }
    },
    {
      "type": "Feature",
      "properties": {
        "adm4_name": "Kamagayan (Pob.)",
        "adm4_name1": null,
        "adm4_name2": null,
        "adm4_name3": null,
        "adm4_pcode": "PH0702217035",
        "adm3_name": "Cebu City (Capital)",
        "adm3_name1": null,
        "adm3_name2": null,
        "adm3_name3": null,
        "adm3_pcode": "PH0702217",
        "adm2_name": "Cebu",
        "adm2_name1": null,
        "adm2_name2": null,
        "adm2_name3": null,
        "adm2_pcode": "PH07022",
        "adm1_name": "Region VII (Central Visayas)",
        "adm1_name1": null,
        "adm1_name2": null,
        "adm1_name3": null,
        "adm1_pcode": "PH07",
        "adm0_name": "Philippines",
        "adm0_name1": null,
        "adm0_name2": null,
        "adm0_name3": null,
        "adm0_pcode": "PH",
        "valid_on": "2025-02-13",
        "valid_to": null,
        "area_sqkm": 0.11709258,
        "version": "v03",
        "lang": "en",
        "lang1": null,
        "lang2": null,
        "lang3": null,
        "adm4_ref_name": "Kamagayan (Pob.)",
        "center_lat": 10.29961441,
        "center_lon": 123.89932497
      },
      "geometry": {
        "type": "Polygon",
        "coordinates": [
          [
            [
              123.90102250700022,
              10.30118658200007
            ],
            [
              123.90085931900023,
              10.301633999000046
            ],
            [
              123.89977498600012,
              10.301090919999979
            ],
            [
              123.89929433600014,
              10.300834461000022
            ],
            [
              123.8990368560003,
              10.300695983000082
            ],
            [
              123.89858475600022,
              10.300457997000137
            ],
            [
              123.89808682300009,
              10.300196015000097
            ],
            [
              123.89746196400006,
              10.299876206000022
            ],
            [
              123.89683710500015,
              10.299551476000147
            ],
            [
              123.89705113200012,
              10.298921697000026
            ],
            [
              123.89715867300004,
              10.298599139000146
            ],
            [
              123.89724055700026,
              10.298355879999974
            ],
            [
              123.89746934400011,
              10.297706420999987
            ],
            [
              123.89834617300005,
              10.298170901000049
            ],
            [
              123.89968887300017,
              10.2987636470001
            ],
            [
              123.90001085300003,
              10.298869832000094
            ],
            [
              123.9003328330001,
              10.29898971800003
            ],
            [
              123.90069249100009,
              10.299075351000113
            ],
            [
              123.9008021420002,
              10.299103042000183
            ],
            [
              123.90103159700004,
              10.299160984000025
            ],
            [
              123.90139468100006,
              10.299184961000094
            ],
            [
              123.9017953440001,
              10.299226610000119
            ],
            [
              123.90167492500018,
              10.29967734500002
            ],
            [
              123.90154593700015,
              10.30014324900003
            ],
            [
              123.9014335810001,
              10.30039790100011
            ],
            [
              123.9013359830002,
              10.300677572000097
            ],
            [
              123.90130562000013,
              10.300762005000024
            ],
            [
              123.901153657,
              10.300978319000023
            ],
            [
              123.90102250700022,
              10.30118658200007
            ]
          ]
        ]
      }
    },
    {
      "type": "Feature",
      "properties": {
        "adm4_name": "Camputhaw (Pob.)",
        "adm4_name1": null,
        "adm4_name2": null,
        "adm4_name3": null,
        "adm4_pcode": "PH0702217036",
        "adm3_name": "Cebu City (Capital)",
        "adm3_name1": null,
        "adm3_name2": null,
        "adm3_name3": null,
        "adm3_pcode": "PH0702217",
        "adm2_name": "Cebu",
        "adm2_name1": null,
        "adm2_name2": null,
        "adm2_name3": null,
        "adm2_pcode": "PH07022",
        "adm1_name": "Region VII (Central Visayas)",
        "adm1_name1": null,
        "adm1_name2": null,
        "adm1_name3": null,
        "adm1_pcode": "PH07",
        "adm0_name": "Philippines",
        "adm0_name1": null,
        "adm0_name2": null,
        "adm0_name3": null,
        "adm0_pcode": "PH",
        "valid_on": "2025-02-13",
        "valid_to": null,
        "area_sqkm": 1.21550555,
        "version": "v03",
        "lang": "en",
        "lang1": null,
        "lang2": null,
        "lang3": null,
        "adm4_ref_name": "Camputhaw (Pob.)",
        "center_lat": 10.31596317,
        "center_lon": 123.89866126
      },
      "geometry": {
        "type": "Polygon",
        "coordinates": [
          [
            [
              123.89701189300001,
              10.322193093000124
            ],
            [
              123.89692980500013,
              10.322196662000124
            ],
            [
              123.896797751,
              10.322157403000176
            ],
            [
              123.89661930000011,
              10.322160972
            ],
            [
              123.89660859300022,
              10.322093160000065
            ],
            [
              123.89634863700019,
              10.322025347000078
            ],
            [
              123.8959317030002,
              10.32199755199997
            ],
            [
              123.89589041600004,
              10.321993711000118
            ],
            [
              123.89545361700004,
              10.321953079000139
            ],
            [
              123.89496758900032,
              10.321899661000145
            ],
            [
              123.89451564400031,
              10.321849099000076
            ],
            [
              123.89449367300006,
              10.321255883
            ],
            [
              123.89447170200003,
              10.320673653000142
            ],
            [
              123.89437283200004,
              10.32055830500019
            ],
            [
              123.89416410800004,
              10.320525348000047
            ],
            [
              123.89389496400008,
              10.32053084100005
            ],
            [
              123.89364229700004,
              10.320366059000094
            ],
            [
              123.89405827500002,
              10.319518179000113
            ],
            [
              123.89386750000017,
              10.319520177000072
            ],
            [
              123.8931699220002,
              10.319619046000184
            ],
            [
              123.89272308800014,
              10.319594313000039
            ],
            [
              123.89262281300012,
              10.319393762
            ],
            [
              123.89294677900011,
              10.318406437000135
            ],
            [
              123.89289278500007,
              10.318151892000117
            ],
            [
              123.89328617200022,
              10.317079718000059
            ],
            [
              123.89380297600019,
              10.315645010000026
            ],
            [
              123.89444319500012,
              10.313801488000081
            ],
            [
              123.89485630000013,
              10.312838839000108
            ],
            [
              123.89500279200013,
              10.312474283000142
            ],
            [
              123.89519176200008,
              10.311432990000014
            ],
            [
              123.89521743700004,
              10.311323421000111
            ],
            [
              123.89528441700008,
              10.311032461000025
            ],
            [
              123.89530170700004,
              10.310957232000078
            ],
            [
              123.89546137400009,
              10.310245574000021
            ],
            [
              123.89804318100005,
              10.311156797000024
            ],
            [
              123.89821508700004,
              10.311217472000124
            ],
            [
              123.89835735600002,
              10.311246628000049
            ],
            [
              123.89921917400011,
              10.311424093000085
            ],
            [
              123.89956289900022,
              10.311481380000146
            ],
            [
              123.89985478700021,
              10.311523585000145
            ],
            [
              123.90019942600009,
              10.311538668000082
            ],
            [
              123.90053042100033,
              10.31152593700017
            ],
            [
              123.90061084600018,
              10.31152423900005
            ],
            [
              123.90065489100016,
              10.311527144000024
            ],
            [
              123.90073085400013,
              10.311521630000072
            ],
            [
              123.90097599,
              10.311506842000085
            ],
            [
              123.90190532000031,
              10.31137953600006
            ],
            [
              123.90254865900022,
              10.311201085000107
            ],
            [
              123.90305743500016,
              10.311035811000124
            ],
            [
              123.90354800700004,
              10.31082553400006
            ],
            [
              123.90396130400006,
              10.310672991000104
            ],
            [
              123.9043673550002,
              10.310458764999964
            ],
            [
              123.90443233400015,
              10.310424744999978
            ],
            [
              123.9048977130002,
              10.310140096000168
            ],
            [
              123.90518942900019,
              10.309950300000082
            ],
            [
              123.9049217910001,
              10.311394535000147
            ],
            [
              123.9043385340002,
              10.312695072000167
            ],
            [
              123.9041873860001,
              10.313068497000074
            ],
            [
              123.90396511000006,
              10.31336190200011
            ],
            [
              123.9037653930003,
              10.313793178000083
            ],
            [
              123.90423502100009,
              10.313949720999972
            ],
            [
              123.90400964800017,
              10.31443322600012
            ],
            [
              123.90378594900005,
              10.315016442000058
            ],
            [
              123.9036820890002,
              10.315328023000177
            ],
            [
              123.90359624500002,
              10.315690545000109
            ],
            [
              123.90357822800001,
              10.31576743200003
            ],
            [
              123.90369007800007,
              10.31615890500018
            ],
            [
              123.90401763700004,
              10.316798045000098
            ],
            [
              123.90396215900023,
              10.316949618000137
            ],
            [
              123.90364214200031,
              10.317213486000128
            ],
            [
              123.90325066900016,
              10.317389250000076
            ],
            [
              123.9026035390001,
              10.317724799000075
            ],
            [
              123.90272045200004,
              10.317995422000138
            ],
            [
              123.90327079100007,
              10.319031776000088
            ],
            [
              123.90347806200009,
              10.319432023000104
            ],
            [
              123.90306686700023,
              10.32006483500004
            ],
            [
              123.90237023500015,
              10.321433259000116
            ],
            [
              123.90182704300014,
              10.321133074000045
            ],
            [
              123.90124096700015,
              10.320854330000088
            ],
            [
              123.90091064700005,
              10.321489632000066
            ],
            [
              123.9004734900002,
              10.321562492000055
            ],
            [
              123.90006061900021,
              10.321578683000041
            ],
            [
              123.89974489400026,
              10.321578683000041
            ],
            [
              123.8992834500001,
              10.32151391900004
            ],
            [
              123.89895558100011,
              10.32147640200003
            ],
            [
              123.89897791200008,
              10.321386190000055
            ],
            [
              123.89917646300023,
              10.320587616000068
            ],
            [
              123.89851368000018,
              10.320604698000011
            ],
            [
              123.89843950300019,
              10.320606661000113
            ],
            [
              123.89821006600027,
              10.320611308000025
            ],
            [
              123.89807546200018,
              10.320617368
            ],
            [
              123.89786114700007,
              10.320625197000027
            ],
            [
              123.89780664200009,
              10.32063146300004
            ],
            [
              123.8973657680001,
              10.320679859000109
            ],
            [
              123.89706707200003,
              10.320732789999965
            ],
            [
              123.89719570500029,
              10.32086856
            ],
            [
              123.89724993300001,
              10.320934525000041
            ],
            [
              123.89729580300002,
              10.320990110000139
            ],
            [
              123.89732078600002,
              10.321122302000049
            ],
            [
              123.89729951500021,
              10.321148041000129
            ],
            [
              123.89723134900021,
              10.321197399000141
            ],
            [
              123.89706701700015,
              10.321283231000109
            ],
            [
              123.89686693900012,
              10.32133688600004
            ],
            [
              123.8968812060001,
              10.321611931000177
            ],
            [
              123.89689907000002,
              10.321772759000112
            ],
            [
              123.8969383750001,
              10.321940706000078
            ],
            [
              123.8970312250002,
              10.32206936600005
            ],
            [
              123.89706683800023,
              10.322139938000078
            ],
            [
              123.89701189300001,
              10.322193093000124
            ]
          ]
        ]
      }
    },
    {
      "type": "Feature",
      "properties": {
        "adm4_name": "Kasambagan",
        "adm4_name1": null,
        "adm4_name2": null,
        "adm4_name3": null,
        "adm4_pcode": "PH0702217037",
        "adm3_name": "Cebu City (Capital)",
        "adm3_name1": null,
        "adm3_name2": null,
        "adm3_name3": null,
        "adm3_pcode": "PH0702217",
        "adm2_name": "Cebu",
        "adm2_name1": null,
        "adm2_name2": null,
        "adm2_name3": null,
        "adm2_pcode": "PH07022",
        "adm1_name": "Region VII (Central Visayas)",
        "adm1_name1": null,
        "adm1_name2": null,
        "adm1_name3": null,
        "adm1_pcode": "PH07",
        "adm0_name": "Philippines",
        "adm0_name1": null,
        "adm0_name2": null,
        "adm0_name3": null,
        "adm0_pcode": "PH",
        "valid_on": "2025-02-13",
        "valid_to": null,
        "area_sqkm": 1.83265724,
        "version": "v03",
        "lang": "en",
        "lang1": null,
        "lang2": null,
        "lang3": null,
        "adm4_ref_name": "Kasambagan",
        "center_lat": 10.33043442,
        "center_lon": 123.91543915
      },
      "geometry": {
        "type": "Polygon",
        "coordinates": [
          [
            [
              123.91183704900004,
              10.34018894900015
            ],
            [
              123.91173236700013,
              10.340192307000052
            ],
            [
              123.91172187100017,
              10.340045368000062
            ],
            [
              123.91170088000013,
              10.339898429000073
            ],
            [
              123.91135441100027,
              10.337973650000094
            ],
            [
              123.91128789000004,
              10.33760593400001
            ],
            [
              123.91128105400003,
              10.33756839400013
            ],
            [
              123.91125898000007,
              10.337409464000132
            ],
            [
              123.91122857500034,
              10.337190550000116
            ],
            [
              123.91114461000006,
              10.336728741
            ],
            [
              123.91103965400009,
              10.336088506000067
            ],
            [
              123.91091370600031,
              10.335395793000032
            ],
            [
              123.91070379300027,
              10.334272758000111
            ],
            [
              123.91059883600019,
              10.333601036000118
            ],
            [
              123.91059182700008,
              10.333566026000085
            ],
            [
              123.91054522100012,
              10.33332478300008
            ],
            [
              123.91047288800007,
              10.332950305
            ],
            [
              123.91037842700018,
              10.332331062000037
            ],
            [
              123.91032356300025,
              10.332146149000096
            ],
            [
              123.91009504500016,
              10.331375957000148
            ],
            [
              123.90960174900022,
              10.330043009000178
            ],
            [
              123.90925539200009,
              10.329192860999967
            ],
            [
              123.90901399200015,
              10.328668078000021
            ],
            [
              123.9089011860001,
              10.328410971000153
            ],
            [
              123.9088570450001,
              10.328309801000103
            ],
            [
              123.90868518200011,
              10.32793220800005
            ],
            [
              123.90843944800008,
              10.327393364000045
            ],
            [
              123.90833213300016,
              10.327156538000168
            ],
            [
              123.90814728200007,
              10.326732067000137
            ],
            [
              123.90791450800032,
              10.326239132000126
            ],
            [
              123.90763380900012,
              10.32593104800003
            ],
            [
              123.90827051600013,
              10.324801407000109
            ],
            [
              123.90886457300019,
              10.323856363000061
            ],
            [
              123.90900991700005,
              10.323623840999971
            ],
            [
              123.90915814400023,
              10.323389194000015
            ],
            [
              123.90965347100007,
              10.322596895000117
            ],
            [
              123.910208022,
              10.321665796000104
            ],
            [
              123.9108789600001,
              10.320645696000042
            ],
            [
              123.91142298300008,
              10.320964514000138
            ],
            [
              123.91176213500012,
              10.32116601600012
            ],
            [
              123.9122345300002,
              10.321439868000027
            ],
            [
              123.9123038780001,
              10.321478410000054
            ],
            [
              123.91259437600013,
              10.32169492800017
            ],
            [
              123.91275153200002,
              10.321799455000018
            ],
            [
              123.9129785890002,
              10.32201669300008
            ],
            [
              123.91349762200002,
              10.322513893000178
            ],
            [
              123.91391814500014,
              10.322934416000066
            ],
            [
              123.91452406100018,
              10.323531288000083
            ],
            [
              123.91513449800016,
              10.324164335000148
            ],
            [
              123.91590636500018,
              10.324954342000012
            ],
            [
              123.91604337200022,
              10.325104860000067
            ],
            [
              123.916248429,
              10.325319181000111
            ],
            [
              123.91644867800017,
              10.325530254000057
            ],
            [
              123.91664937700011,
              10.325743040000077
            ],
            [
              123.91674660500007,
              10.325842321000039
            ],
            [
              123.91685557900018,
              10.325952106000159
            ],
            [
              123.91697299900011,
              10.326009384000088
            ],
            [
              123.91717347400026,
              10.326035159000014
            ],
            [
              123.91740545100004,
              10.325977881000085
            ],
            [
              123.91770616200029,
              10.325891964000164
            ],
            [
              123.91798968900002,
              10.325811774000101
            ],
            [
              123.91822453100008,
              10.32574876800004
            ],
            [
              123.91850519400032,
              10.325688626000044
            ],
            [
              123.9187285800001,
              10.325639938999984
            ],
            [
              123.91899778800007,
              10.325559750000025
            ],
            [
              123.9191724860001,
              10.325525383000127
            ],
            [
              123.91938441600007,
              10.325493879000021
            ],
            [
              123.91951042900007,
              10.32550533500006
            ],
            [
              123.91965935200005,
              10.32557693300015
            ],
            [
              123.91974240600018,
              10.325628484000049
            ],
            [
              123.91981400400005,
              10.325734448000105
            ],
            [
              123.91988560100003,
              10.325837549000028
            ],
            [
              123.91995433500006,
              10.325957834000121
            ],
            [
              123.92001734200005,
              10.326060935000044
            ],
            [
              123.92010612300021,
              10.326244225000096
            ],
            [
              123.92019776800021,
              10.326407468000184
            ],
            [
              123.92032378000033,
              10.326613670000029
            ],
            [
              123.92041256200002,
              10.326774050000154
            ],
            [
              123.92051279900011,
              10.326905790000012
            ],
            [
              123.92071613700023,
              10.327089080000121
            ],
            [
              123.92088944800003,
              10.327189755000177
            ],
            [
              123.9208356150001,
              10.327282740000157
            ],
            [
              123.92069369100011,
              10.32735125400012
            ],
            [
              123.92056645000002,
              10.327424663000045
            ],
            [
              123.92042452700002,
              10.327473602000111
            ],
            [
              123.92018472500013,
              10.327600844000187
            ],
            [
              123.91999386300017,
              10.327684040000122
            ],
            [
              123.91980789400009,
              10.327654677000112
            ],
            [
              123.91966107700011,
              10.327732979000189
            ],
            [
              123.91959745600013,
              10.327894478000132
            ],
            [
              123.91964150100011,
              10.32797767500017
            ],
            [
              123.91981278800017,
              10.328051083000048
            ],
            [
              123.9198715150003,
              10.32811470400003
            ],
            [
              123.91993024200008,
              10.328222370000049
            ],
            [
              123.91993024200008,
              10.328349612000125
            ],
            [
              123.91993513600016,
              10.328516005000097
            ],
            [
              123.91997428700006,
              10.328657928000041
            ],
            [
              123.92000854400021,
              10.328750912000089
            ],
            [
              123.92009174100008,
              10.328883048000023
            ],
            [
              123.92017983100004,
              10.329069016000119
            ],
            [
              123.92025813400005,
              10.329240303000176
            ],
            [
              123.92027281500009,
              10.329289242000073
            ],
            [
              123.9203119670002,
              10.329333287000054
            ],
            [
              123.92037558700008,
              10.329450741000187
            ],
            [
              123.92044899600023,
              10.329529044000026
            ],
            [
              123.92054687400014,
              10.329617133999989
            ],
            [
              123.92048325300016,
              10.329739482000036
            ],
            [
              123.92043431400009,
              10.329847148000056
            ],
            [
              123.92048814700001,
              10.329935238000019
            ],
            [
              123.92056155600028,
              10.329969495000114
            ],
            [
              123.92067411600021,
              10.329969495000114
            ],
            [
              123.9208160390001,
              10.329969495000114
            ],
            [
              123.92088455400005,
              10.33001843400018
            ],
            [
              123.92096285600007,
              10.330135888000143
            ],
            [
              123.92103137100003,
              10.330243554000162
            ],
            [
              123.921075416,
              10.33035611400004
            ],
            [
              123.92118797600006,
              10.330512719000126
            ],
            [
              123.92120755200006,
              10.330698688000155
            ],
            [
              123.92119823100029,
              10.330876187000172
            ],
            [
              123.92127792600002,
              10.330972162000023
            ],
            [
              123.92136362800022,
              10.331075248000047
            ],
            [
              123.92140208100011,
              10.331247528000063
            ],
            [
              123.92141263300027,
              10.331255587000157
            ],
            [
              123.92157298500001,
              10.331378043000143
            ],
            [
              123.92160294200016,
              10.33161318100008
            ],
            [
              123.92170100800024,
              10.331759973000146
            ],
            [
              123.92154769500007,
              10.331923370000027
            ],
            [
              123.9216456580001,
              10.332082939000031
            ],
            [
              123.92183376400021,
              10.33231926700006
            ],
            [
              123.92186582700015,
              10.332461253000076
            ],
            [
              123.92175891100032,
              10.33259271300011
            ],
            [
              123.9217645970001,
              10.332756261000156
            ],
            [
              123.92180822600005,
              10.332951889000128
            ],
            [
              123.92199484700018,
              10.33302524800007
            ],
            [
              123.92207505200008,
              10.33313055900004
            ],
            [
              123.92213074700021,
              10.333313827999973
            ],
            [
              123.9201366420001,
              10.33406794300015
            ],
            [
              123.91951160400015,
              10.333022803000176
            ],
            [
              123.9193179240001,
              10.333426302000078
            ],
            [
              123.91914845500003,
              10.333684541000025
            ],
            [
              123.9188498650002,
              10.334096111000122
            ],
            [
              123.91872074600008,
              10.334201020000023
            ],
            [
              123.9188498650002,
              10.334418910000124
            ],
            [
              123.91886600500004,
              10.334733639000149
            ],
            [
              123.91874495600007,
              10.334935389000123
            ],
            [
              123.9185432060001,
              10.335153279000053
            ],
            [
              123.91838180600007,
              10.335282398000174
            ],
            [
              123.91790567700002,
              10.335387308000122
            ],
            [
              123.9173246380002,
              10.335556778000125
            ],
            [
              123.91715516900013,
              10.33587150700015
            ],
            [
              123.91708253900015,
              10.336113607000073
            ],
            [
              123.91723586800015,
              10.336420266000175
            ],
            [
              123.91733270800012,
              10.336710786000026
            ],
            [
              123.91723099100011,
              10.336796410000034
            ],
            [
              123.91724448600007,
              10.336940922000053
            ],
            [
              123.91729325600022,
              10.337092649000112
            ],
            [
              123.9172282300002,
              10.337222702000133
            ],
            [
              123.91719029800004,
              10.337369010000145
            ],
            [
              123.91712527200002,
              10.337580345000106
            ],
            [
              123.91700605700021,
              10.337840450000044
            ],
            [
              123.9169301930001,
              10.337992178000036
            ],
            [
              123.91687058600007,
              10.338122230000124
            ],
            [
              123.91653461800001,
              10.3382143500001
            ],
            [
              123.91639372800023,
              10.338241444
            ],
            [
              123.91633953900009,
              10.33818183700015
            ],
            [
              123.91613362300029,
              10.338241444
            ],
            [
              123.91592228900004,
              10.338295632999973
            ],
            [
              123.91581933000009,
              10.338398591000157
            ],
            [
              123.91556464500013,
              10.338566575000186
            ],
            [
              123.91539666100005,
              10.338637020000078
            ],
            [
              123.91523409500007,
              10.338664113999982
            ],
            [
              123.915049855,
              10.338739978000092
            ],
            [
              123.91492522100032,
              10.338821261000135
            ],
            [
              123.91468575300007,
              10.338938101000053
            ],
            [
              123.91464114200016,
              10.338984726000092
            ],
            [
              123.91452435400015,
              10.339107571
            ],
            [
              123.91429032400015,
              10.339244760999975
            ],
            [
              123.91387875500004,
              10.339430371000105
            ],
            [
              123.91351560500004,
              10.339527210000028
            ],
            [
              123.91299912600005,
              10.339696679999975
            ],
            [
              123.9129345670001,
              10.339720890000024
            ],
            [
              123.9128538670002,
              10.339753170000051
            ],
            [
              123.9124422970001,
              10.339971060000153
            ],
            [
              123.91203879800014,
              10.340148598999974
            ],
            [
              123.91183704900004,
              10.34018894900015
            ]
          ]
        ]
      }
    },
    {
      "type": "Feature",
      "properties": {
        "adm4_name": "Kinasang-an Pardo",
        "adm4_name1": null,
        "adm4_name2": null,
        "adm4_name3": null,
        "adm4_pcode": "PH0702217038",
        "adm3_name": "Cebu City (Capital)",
        "adm3_name1": null,
        "adm3_name2": null,
        "adm3_name3": null,
        "adm3_pcode": "PH0702217",
        "adm2_name": "Cebu",
        "adm2_name1": null,
        "adm2_name2": null,
        "adm2_name3": null,
        "adm2_pcode": "PH07022",
        "adm1_name": "Region VII (Central Visayas)",
        "adm1_name1": null,
        "adm1_name2": null,
        "adm1_name3": null,
        "adm1_pcode": "PH07",
        "adm0_name": "Philippines",
        "adm0_name1": null,
        "adm0_name2": null,
        "adm0_name3": null,
        "adm0_pcode": "PH",
        "valid_on": "2025-02-13",
        "valid_to": null,
        "area_sqkm": 1.50944748,
        "version": "v03",
        "lang": "en",
        "lang1": null,
        "lang2": null,
        "lang3": null,
        "adm4_ref_name": "Kinasang-an Pardo",
        "center_lat": 10.29116125,
        "center_lon": 123.85129887
      },
      "geometry": {
        "type": "Polygon",
        "coordinates": [
          [
            [
              123.84829239200008,
              10.298538802000053
            ],
            [
              123.84256370300011,
              10.30689102800011
            ],
            [
              123.84141057800002,
              10.30631556100019
            ],
            [
              123.84014531200012,
              10.305605777999972
            ],
            [
              123.84924619500009,
              10.290695715000084
            ],
            [
              123.85294694200013,
              10.285941527000034
            ],
            [
              123.85472612000024,
              10.28365589599997
            ],
            [
              123.85522699100022,
              10.283016243000077
            ],
            [
              123.85542964200022,
              10.282752386000027
            ],
            [
              123.85549098800016,
              10.282673123000109
            ],
            [
              123.85587912500011,
              10.282163348000154
            ],
            [
              123.85659222900006,
              10.281456030000072
            ],
            [
              123.85664249100012,
              10.281426633000024
            ],
            [
              123.8568653640001,
              10.281225735000078
            ],
            [
              123.85796237000011,
              10.281190697000056
            ],
            [
              123.85831650700004,
              10.281073023999966
            ],
            [
              123.8584540700001,
              10.281027387
            ],
            [
              123.85862155100006,
              10.280971200000067
            ],
            [
              123.85878281100008,
              10.28091382800011
            ],
            [
              123.858803899,
              10.280906708000089
            ],
            [
              123.8593738840002,
              10.280696115000126
            ],
            [
              123.85969016300021,
              10.280579259000092
            ],
            [
              123.85997116200008,
              10.28041137300005
            ],
            [
              123.8603167340001,
              10.280169974000046
            ],
            [
              123.860958707,
              10.279780249000055
            ],
            [
              123.86099414700004,
              10.279759487000092
            ],
            [
              123.86297451000007,
              10.278513738000129
            ],
            [
              123.86333889500008,
              10.27820930900009
            ],
            [
              123.86340179800004,
              10.278155735000098
            ],
            [
              123.86403638500008,
              10.27762825800005
            ],
            [
              123.86412431400015,
              10.277553719000025
            ],
            [
              123.86448975600001,
              10.277246078000076
            ],
            [
              123.8665187390003,
              10.275541750000059
            ],
            [
              123.86669545000007,
              10.27595774200006
            ],
            [
              123.86725820400011,
              10.276376056
            ],
            [
              123.8663965720001,
              10.276680520000184
            ],
            [
              123.86600850700017,
              10.27684160399997
            ],
            [
              123.86595359200021,
              10.276911163000136
            ],
            [
              123.86564240800021,
              10.277031975
            ],
            [
              123.86543373100005,
              10.27701000900015
            ],
            [
              123.86536417200011,
              10.277068585000052
            ],
            [
              123.86532024000019,
              10.277141805000042
            ],
            [
              123.86514085200008,
              10.27731387200015
            ],
            [
              123.86497610700007,
              10.277416379000044
            ],
            [
              123.86482966800008,
              10.277518887000156
            ],
            [
              123.86483699000019,
              10.277595768000026
            ],
            [
              123.86497244600002,
              10.278148578000128
            ],
            [
              123.86504200500019,
              10.278181527000072
            ],
            [
              123.86508227600007,
              10.278236441000047
            ],
            [
              123.86499075100016,
              10.278331627000057
            ],
            [
              123.86491020900007,
              10.278397525
            ],
            [
              123.86492119200022,
              10.27849271100007
            ],
            [
              123.86497244600002,
              10.27852566000007
            ],
            [
              123.86502003900011,
              10.278606202000162
            ],
            [
              123.86501637800006,
              10.278697726000075
            ],
            [
              123.86506397100004,
              10.278778268000167
            ],
            [
              123.86507129300026,
              10.278847827000163
            ],
            [
              123.86501271700001,
              10.278884437000158
            ],
            [
              123.86493949700002,
              10.278869793000013
            ],
            [
              123.86491753100017,
              10.27893935200018
            ],
            [
              123.86491753100017,
              10.279023555000151
            ],
            [
              123.86494315800007,
              10.27915168900006
            ],
            [
              123.86492302900012,
              10.279193705000182
            ],
            [
              123.86488151600008,
              10.279206915000032
            ],
            [
              123.86474104700017,
              10.279268311000124
            ],
            [
              123.86461657400002,
              10.27930660200019
            ],
            [
              123.86447886800022,
              10.279348400000117
            ],
            [
              123.86426236300008,
              10.27941036500016
            ],
            [
              123.86419631600006,
              10.279400637000094
            ],
            [
              123.86414013100011,
              10.279382642000087
            ],
            [
              123.8639657550001,
              10.279420093000056
            ],
            [
              123.8638889550001,
              10.279451218000077
            ],
            [
              123.86381023700005,
              10.279526274999967
            ],
            [
              123.86378565600023,
              10.27955470000012
            ],
            [
              123.86370625900008,
              10.27964471600012
            ],
            [
              123.8637027650002,
              10.279728222000074
            ],
            [
              123.86371787500002,
              10.279821651000077
            ],
            [
              123.86366379700019,
              10.280026058000033
            ],
            [
              123.86357031400019,
              10.280385144000093
            ],
            [
              123.86343921600019,
              10.280827226000042
            ],
            [
              123.8633553300001,
              10.281109572000162
            ],
            [
              123.86329322000017,
              10.28132400100003
            ],
            [
              123.86321678500008,
              10.281589893000046
            ],
            [
              123.86321102500017,
              10.281607977000078
            ],
            [
              123.86315293400025,
              10.28182421300005
            ],
            [
              123.86311266300004,
              10.282029228000056
            ],
            [
              123.86308703600014,
              10.282153702000016
            ],
            [
              123.86303944300005,
              10.28224522700009
            ],
            [
              123.86302846000012,
              10.28243193700007
            ],
            [
              123.86302535000004,
              10.282673076000037
            ],
            [
              123.86302118000003,
              10.282769679000126
            ],
            [
              123.86186807200022,
              10.283769526000128
            ],
            [
              123.86169617100006,
              10.283928082000102
            ],
            [
              123.86151837800003,
              10.284161080000047
            ],
            [
              123.86138564700013,
              10.284077289000152
            ],
            [
              123.86118782300014,
              10.283991279000134
            ],
            [
              123.86105020600019,
              10.283974077000096
            ],
            [
              123.8609824790002,
              10.284021987000187
            ],
            [
              123.86092573400003,
              10.284049030000176
            ],
            [
              123.86085359300034,
              10.28408841900017
            ],
            [
              123.86077381200005,
              10.284152958999982
            ],
            [
              123.86073467500012,
              10.284203671000114
            ],
            [
              123.86068466200015,
              10.284275113000149
            ],
            [
              123.86062445500022,
              10.284386926000082
            ],
            [
              123.86059865200014,
              10.284554646000117
            ],
            [
              123.86004037700002,
              10.28465914800006
            ],
            [
              123.85985097800005,
              10.284696656000108
            ],
            [
              123.85955799800001,
              10.284914831000151
            ],
            [
              123.85948156800009,
              10.284971399000028
            ],
            [
              123.85922127700007,
              10.285164005000183
            ],
            [
              123.85884792100012,
              10.285440853000125
            ],
            [
              123.85856499300019,
              10.285649395000178
            ],
            [
              123.85839054500013,
              10.285777975000144
            ],
            [
              123.8582006900001,
              10.286012224000103
            ],
            [
              123.85705339300011,
              10.287452792000067
            ],
            [
              123.85705055900007,
              10.287455390000105
            ],
            [
              123.85685015600029,
              10.287246315000118
            ],
            [
              123.85624704800011,
              10.286728687000107
            ],
            [
              123.85601459900022,
              10.286412325000072
            ],
            [
              123.85594943900014,
              10.286345338000103
            ],
            [
              123.85584833500013,
              10.286246061000156
            ],
            [
              123.85568815800025,
              10.286173906000158
            ],
            [
              123.85523532600007,
              10.286657009000066
            ],
            [
              123.85506936100012,
              10.286834368000086
            ],
            [
              123.85497559900023,
              10.286934523000127
            ],
            [
              123.85480811700018,
              10.287113530000056
            ],
            [
              123.8549418980001,
              10.287447991000136
            ],
            [
              123.85525708600017,
              10.288269213000035
            ],
            [
              123.85549630500009,
              10.28889418700004
            ],
            [
              123.8536972170001,
              10.291086970000038
            ],
            [
              123.85357419200011,
              10.291235532000087
            ],
            [
              123.85335152600021,
              10.291500577000079
            ],
            [
              123.85200482900007,
              10.293130861000122
            ],
            [
              123.85015728300016,
              10.2958218980001
            ],
            [
              123.85010655500002,
              10.295897097000022
            ],
            [
              123.84829239200008,
              10.298538802000053
            ]
          ]
        ]
      }
    },
    {
      "type": "Feature",
      "properties": {
        "adm4_name": "Labangon",
        "adm4_name1": null,
        "adm4_name2": null,
        "adm4_name3": null,
        "adm4_pcode": "PH0702217040",
        "adm3_name": "Cebu City (Capital)",
        "adm3_name1": null,
        "adm3_name2": null,
        "adm3_name3": null,
        "adm3_pcode": "PH0702217",
        "adm2_name": "Cebu",
        "adm2_name1": null,
        "adm2_name2": null,
        "adm2_name3": null,
        "adm2_pcode": "PH07022",
        "adm1_name": "Region VII (Central Visayas)",
        "adm1_name1": null,
        "adm1_name2": null,
        "adm1_name3": null,
        "adm1_pcode": "PH07",
        "adm0_name": "Philippines",
        "adm0_name1": null,
        "adm0_name2": null,
        "adm0_name3": null,
        "adm0_pcode": "PH",
        "valid_on": "2025-02-13",
        "valid_to": null,
        "area_sqkm": 1.12204112,
        "version": "v03",
        "lang": "en",
        "lang1": null,
        "lang2": null,
        "lang3": null,
        "adm4_ref_name": "Labangon",
        "center_lat": 10.30071203,
        "center_lon": 123.88092454
      },
      "geometry": {
        "type": "Polygon",
        "coordinates": [
          [
            [
              123.87572393800019,
              10.307983424000042
            ],
            [
              123.87524809700017,
              10.308079465000105
            ],
            [
              123.87551781600018,
              10.307619111
            ],
            [
              123.875625334,
              10.307251467000185
            ],
            [
              123.87563920800005,
              10.307161290000067
            ],
            [
              123.87563920800005,
              10.30694972100008
            ],
            [
              123.87560181900005,
              10.306792833000031
            ],
            [
              123.87558024600003,
              10.306665318000057
            ],
            [
              123.87541376500019,
              10.306436407000035
            ],
            [
              123.87528196900007,
              10.306193624000116
            ],
            [
              123.87521260300002,
              10.305940436000128
            ],
            [
              123.87520049300008,
              10.30591954
            ],
            [
              123.87516524700004,
              10.30585924800016
            ],
            [
              123.87509121000005,
              10.305732335000073
            ],
            [
              123.87509197400004,
              10.305691533000072
            ],
            [
              123.87509814700002,
              10.305440994000037
            ],
            [
              123.8750946780001,
              10.305198210000185
            ],
            [
              123.87521260200015,
              10.30505254000002
            ],
            [
              123.87535480400015,
              10.304913807
            ],
            [
              123.87557330900006,
              10.304511479000098
            ],
            [
              123.8755941190002,
              10.304348467000125
            ],
            [
              123.87553515700006,
              10.304164645000014
            ],
            [
              123.87544844900003,
              10.304071
            ],
            [
              123.87550741100006,
              10.303935735000096
            ],
            [
              123.8755663720001,
              10.303738040000155
            ],
            [
              123.87566238800002,
              10.303571386000044
            ],
            [
              123.87571204300014,
              10.303311434000022
            ],
            [
              123.87583343400001,
              10.303085992000035
            ],
            [
              123.87597216800009,
              10.302922980000062
            ],
            [
              123.87613171200019,
              10.302857082000116
            ],
            [
              123.87629819200004,
              10.30283627200015
            ],
            [
              123.8764161150001,
              10.302759968000089
            ],
            [
              123.8764924190001,
              10.30263164000013
            ],
            [
              123.87657219100004,
              10.302433944000086
            ],
            [
              123.87662461900015,
              10.302265532000035
            ],
            [
              123.87672373800012,
              10.302161907000027
            ],
            [
              123.87675978100015,
              10.302026745000035
            ],
            [
              123.87668769500021,
              10.301941141999976
            ],
            [
              123.87673274900021,
              10.301864550000062
            ],
            [
              123.8768634060001,
              10.301824002000046
            ],
            [
              123.8769129650002,
              10.301724883000134
            ],
            [
              123.87693549200003,
              10.301616753000076
            ],
            [
              123.87697604100015,
              10.301504118000082
            ],
            [
              123.87684087900016,
              10.301468074000127
            ],
            [
              123.87676428700001,
              10.301269836000074
            ],
            [
              123.87675978100015,
              10.301116653000065
            ],
            [
              123.87680483500014,
              10.301053577000175
            ],
            [
              123.87692648100005,
              10.300949953000156
            ],
            [
              123.8770841710002,
              10.300868854999976
            ],
            [
              123.87719680600003,
              10.300783252000087
            ],
            [
              123.87717878400008,
              10.300661606000176
            ],
            [
              123.8770391160001,
              10.300598531
            ],
            [
              123.87706164400004,
              10.30053095
            ],
            [
              123.87697153500005,
              10.300490401000104
            ],
            [
              123.8768634060001,
              10.300485896
            ],
            [
              123.87683637300006,
              10.300440841000125
            ],
            [
              123.87696252500007,
              10.300269636000053
            ],
            [
              123.87696703000017,
              10.300147990000141
            ],
            [
              123.87696595700015,
              10.30003219300005
            ],
            [
              123.87703461100011,
              10.299922720000154
            ],
            [
              123.87712021400023,
              10.299756019000142
            ],
            [
              123.87733647300013,
              10.299611846000175
            ],
            [
              123.87753471100018,
              10.299490200000037
            ],
            [
              123.87764734700022,
              10.299386576000188
            ],
            [
              123.87771943300015,
              10.299350533000165
            ],
            [
              123.87784558400006,
              10.29926042500017
            ],
            [
              123.87782756300021,
              10.299138779000032
            ],
            [
              123.87778701400032,
              10.298990100000083
            ],
            [
              123.87776448700015,
              10.298836916000027
            ],
            [
              123.87775998200004,
              10.29869274300006
            ],
            [
              123.87781855200012,
              10.29853505400007
            ],
            [
              123.8779627250002,
              10.298413408000158
            ],
            [
              123.87815645800015,
              10.298309784000082
            ],
            [
              123.87831293300007,
              10.298229518000028
            ],
            [
              123.87836997800002,
              10.298195290000024
            ],
            [
              123.87844756000004,
              10.29806750900002
            ],
            [
              123.87845133700012,
              10.298021764000055
            ],
            [
              123.878458969,
              10.297932882000168
            ],
            [
              123.878468096,
              10.297770874000093
            ],
            [
              123.87847722400022,
              10.29769785600007
            ],
            [
              123.87851601400007,
              10.297588329000178
            ],
            [
              123.87853655100025,
              10.297522156000127
            ],
            [
              123.87858331100006,
              10.297446948000129
            ],
            [
              123.87870540500023,
              10.297252902000025
            ],
            [
              123.87906136700019,
              10.296787413000175
            ],
            [
              123.87927963300012,
              10.296374658000047
            ],
            [
              123.87949565800011,
              10.295465553000042
            ],
            [
              123.87949093300017,
              10.295273818000055
            ],
            [
              123.87953715800018,
              10.29517458600003
            ],
            [
              123.87968286300008,
              10.294839650000029
            ],
            [
              123.88014373300018,
              10.29341331600017
            ],
            [
              123.88018692100002,
              10.293269044000112
            ],
            [
              123.88020087400002,
              10.293278310000176
            ],
            [
              123.88036687600004,
              10.293390881000164
            ],
            [
              123.88099813100018,
              10.293804346000172
            ],
            [
              123.88154319700016,
              10.294161357000121
            ],
            [
              123.88184516100011,
              10.294371721000118
            ],
            [
              123.88250293300018,
              10.294829958000093
            ],
            [
              123.8827653080001,
              10.295010052000123
            ],
            [
              123.88285793600016,
              10.295067772000095
            ],
            [
              123.88332822900009,
              10.295408512000051
            ],
            [
              123.88359449600011,
              10.295600262999983
            ],
            [
              123.88415673500003,
              10.295985475000066
            ],
            [
              123.8843844270001,
              10.296115771000188
            ],
            [
              123.88447237500009,
              10.296166198000037
            ],
            [
              123.8845926790001,
              10.296229754000137
            ],
            [
              123.8847845250001,
              10.296315556000138
            ],
            [
              123.88514437700007,
              10.296479836
            ],
            [
              123.88539862000005,
              10.296601091000014
            ],
            [
              123.88552093900012,
              10.29665442400011
            ],
            [
              123.8858831770001,
              10.296787541000185
            ],
            [
              123.88554955000006,
              10.297316064000142
            ],
            [
              123.88544190300001,
              10.297488257000055
            ],
            [
              123.88531550900018,
              10.297654566000062
            ],
            [
              123.88520685300011,
              10.297796483000184
            ],
            [
              123.88484227400022,
              10.298110611000027
            ],
            [
              123.88506568900016,
              10.298050743999966
            ],
            [
              123.88497080100012,
              10.298642702000109
            ],
            [
              123.88494220000007,
              10.298822687000154
            ],
            [
              123.8849317480001,
              10.298888040000179
            ],
            [
              123.88492208100013,
              10.298952728000188
            ],
            [
              123.88488201300004,
              10.299207468000134
            ],
            [
              123.88486051000007,
              10.299347240000145
            ],
            [
              123.88484769000013,
              10.29942348000003
            ],
            [
              123.88482820700017,
              10.299562871000148
            ],
            [
              123.88474670500023,
              10.300157444000035
            ],
            [
              123.88470916100027,
              10.300452599000039
            ],
            [
              123.88470686500011,
              10.300465478000092
            ],
            [
              123.88465380700018,
              10.300762455000097
            ],
            [
              123.88460416900011,
              10.30104031600007
            ],
            [
              123.88456659900021,
              10.301249510000162
            ],
            [
              123.88452307000011,
              10.30152358700019
            ],
            [
              123.88450142700015,
              10.301720195000087
            ],
            [
              123.88447933700013,
              10.301819894000062
            ],
            [
              123.88441382200006,
              10.302219846000128
            ],
            [
              123.88434991000008,
              10.302636128000131
            ],
            [
              123.8842695830001,
              10.303183549000039
            ],
            [
              123.88423567700022,
              10.303513888999987
            ],
            [
              123.88418920200002,
              10.303751809000175
            ],
            [
              123.88413936200016,
              10.304016274000105
            ],
            [
              123.88384843000006,
              10.30477466700006
            ],
            [
              123.88362160300017,
              10.305240705000074
            ],
            [
              123.8834026180001,
              10.305729189000147
            ],
            [
              123.8834002960001,
              10.30588952700009
            ],
            [
              123.88340053000013,
              10.305952369000124
            ],
            [
              123.88342019100003,
              10.305992034000155
            ],
            [
              123.88344902900008,
              10.306113277000122
            ],
            [
              123.88323633600021,
              10.306680966000101
            ],
            [
              123.88278604300001,
              10.307155755000053
            ],
            [
              123.88278190700032,
              10.307648246000042
            ],
            [
              123.88220296600014,
              10.307566320000035
            ],
            [
              123.88144378900006,
              10.307473471000037
            ],
            [
              123.8807774610002,
              10.307402469000067
            ],
            [
              123.88048645400022,
              10.307376084999987
            ],
            [
              123.8800401310001,
              10.307326005000107
            ],
            [
              123.87985365900033,
              10.30728350000004
            ],
            [
              123.87971789100015,
              10.307265926000014
            ],
            [
              123.8796773570001,
              10.307246921000171
            ],
            [
              123.87946119000014,
              10.307140307000054
            ],
            [
              123.87930826300033,
              10.307014688000038
            ],
            [
              123.87920892000022,
              10.306879069000104
            ],
            [
              123.87918810500003,
              10.30685083700007
            ],
            [
              123.8791280260001,
              10.306692447000103
            ],
            [
              123.87910071800013,
              10.30651767300003
            ],
            [
              123.87809715100013,
              10.306573188000073
            ],
            [
              123.87787144800006,
              10.306555626000033
            ],
            [
              123.87776293500019,
              10.306687311000019
            ],
            [
              123.87760397900001,
              10.306805509000014
            ],
            [
              123.87749635700015,
              10.306860294000046
            ],
            [
              123.87740426500022,
              10.306907404000015
            ],
            [
              123.87730768100005,
              10.307001044000117
            ],
            [
              123.87726033100034,
              10.30710598000013
            ],
            [
              123.87728520900009,
              10.307387666000182
            ],
            [
              123.8770665290001,
              10.30740189300019
            ],
            [
              123.87686016400005,
              10.307420302000025
            ],
            [
              123.87690754400023,
              10.307621591000043
            ],
            [
              123.87689053400004,
              10.30778602099997
            ],
            [
              123.87678847300003,
              10.307922102000134
            ],
            [
              123.87651631200004,
              10.307967461999965
            ],
            [
              123.87597032200028,
              10.308003918000168
            ],
            [
              123.87596919400005,
              10.308002972999986
            ],
            [
              123.87572393800019,
              10.307983424000042
            ]
          ]
        ]
      }
    },
    {
      "type": "Feature",
      "properties": {
        "adm4_name": "Lahug (Pob.)",
        "adm4_name1": null,
        "adm4_name2": null,
        "adm4_name3": null,
        "adm4_pcode": "PH0702217041",
        "adm3_name": "Cebu City (Capital)",
        "adm3_name1": null,
        "adm3_name2": null,
        "adm3_name3": null,
        "adm3_pcode": "PH0702217",
        "adm2_name": "Cebu",
        "adm2_name1": null,
        "adm2_name2": null,
        "adm2_name3": null,
        "adm2_pcode": "PH07022",
        "adm1_name": "Region VII (Central Visayas)",
        "adm1_name1": null,
        "adm1_name2": null,
        "adm1_name3": null,
        "adm1_pcode": "PH07",
        "adm0_name": "Philippines",
        "adm0_name1": null,
        "adm0_name2": null,
        "adm0_name3": null,
        "adm0_pcode": "PH",
        "valid_on": "2025-02-13",
        "valid_to": null,
        "area_sqkm": 4.23926424,
        "version": "v03",
        "lang": "en",
        "lang1": null,
        "lang2": null,
        "lang3": null,
        "adm4_ref_name": "Lahug (Pob.)",
        "center_lat": 10.33257028,
        "center_lon": 123.89603843
      },
      "geometry": {
        "type": "Polygon",
        "coordinates": [
          [
            [
              123.89342099300006,
              10.345342401000039
            ],
            [
              123.89342900800011,
              10.345614927000042
            ],
            [
              123.8931917750001,
              10.345562693000147
            ],
            [
              123.89286919500012,
              10.345422706000022
            ],
            [
              123.89266225600011,
              10.345221854000101
            ],
            [
              123.89265617000012,
              10.34502100200018
            ],
            [
              123.89282050300017,
              10.344923619000042
            ],
            [
              123.89306396000006,
              10.344832323000105
            ],
            [
              123.89311265200001,
              10.344692335000047
            ],
            [
              123.8930578740003,
              10.344558434000078
            ],
            [
              123.89291180000009,
              10.344467137000095
            ],
            [
              123.89258313300002,
              10.344345409000141
            ],
            [
              123.89210230500021,
              10.344168903000082
            ],
            [
              123.89170668800011,
              10.344108038000115
            ],
            [
              123.89140236700007,
              10.343803717000071
            ],
            [
              123.89119542800006,
              10.343554174000133
            ],
            [
              123.89089110700002,
              10.343402013000059
            ],
            [
              123.8904407120001,
              10.343402013000059
            ],
            [
              123.89014856400013,
              10.34346896400018
            ],
            [
              123.88949123000009,
              10.342933359000028
            ],
            [
              123.88903690300003,
              10.342567723000116
            ],
            [
              123.88881838500015,
              10.342505608000067
            ],
            [
              123.88871878500004,
              10.34271808900013
            ],
            [
              123.88483928400012,
              10.34235605800012
            ],
            [
              123.88428562900003,
              10.342309920000048
            ],
            [
              123.88270034400011,
              10.342162470000119
            ],
            [
              123.88381249400004,
              10.339730146000079
            ],
            [
              123.88442454400013,
              10.338450581000188
            ],
            [
              123.8850704680001,
              10.337100198000087
            ],
            [
              123.88587767700017,
              10.3356282150001
            ],
            [
              123.88606379600003,
              10.335294887000032
            ],
            [
              123.88635930500004,
              10.335009568000146
            ],
            [
              123.8866904800002,
              10.334561209000071
            ],
            [
              123.88697579900008,
              10.334016045999988
            ],
            [
              123.88738849300012,
              10.333409742000129
            ],
            [
              123.88784588600004,
              10.332753335000064
            ],
            [
              123.88830202500003,
              10.332651303000148
            ],
            [
              123.88867413900005,
              10.332489254000166
            ],
            [
              123.88889620600003,
              10.332309199000065
            ],
            [
              123.88920830200016,
              10.33187706700005
            ],
            [
              123.88927432200012,
              10.331396920000032
            ],
            [
              123.88934611000002,
              10.33069021200015
            ],
            [
              123.88948515500022,
              10.330460787000106
            ],
            [
              123.88954596000019,
              10.330327016000126
            ],
            [
              123.88958943900013,
              10.330231362
            ],
            [
              123.8895824870001,
              10.329981081000028
            ],
            [
              123.88961724800004,
              10.329765561000102
            ],
            [
              123.88976753100007,
              10.329353821000154
            ],
            [
              123.88980495900023,
              10.329251093000039
            ],
            [
              123.88984936400004,
              10.32913051900016
            ],
            [
              123.88994262400013,
              10.328909404000058
            ],
            [
              123.88998082400008,
              10.328670458000033
            ],
            [
              123.89002033800034,
              10.328423218000182
            ],
            [
              123.88939667100021,
              10.328293257000155
            ],
            [
              123.88943225600019,
              10.328049248000127
            ],
            [
              123.88949325800024,
              10.327825574000087
            ],
            [
              123.88954979400012,
              10.32758532000014
            ],
            [
              123.88964068000018,
              10.327154549999989
            ],
            [
              123.88989993900009,
              10.325563411000076
            ],
            [
              123.89004736100003,
              10.325304152
            ],
            [
              123.89008769300017,
              10.325118853000049
            ],
            [
              123.89008769300017,
              10.324950300000069
            ],
            [
              123.8901561990001,
              10.324845517000028
            ],
            [
              123.89032826500011,
              10.324892360000035
            ],
            [
              123.89035682000008,
              10.324982255000123
            ],
            [
              123.8904938820001,
              10.325038440000071
            ],
            [
              123.8905681230001,
              10.325007538000023
            ],
            [
              123.8905747780002,
              10.325022814000022
            ],
            [
              123.89057669000022,
              10.325027203000104
            ],
            [
              123.8906280880002,
              10.325032821000036
            ],
            [
              123.8906880520002,
              10.324959782000121
            ],
            [
              123.89072802900023,
              10.324912025000174
            ],
            [
              123.89084510200018,
              10.32496820900002
            ],
            [
              123.890916489,
              10.32494011700004
            ],
            [
              123.89093076600022,
              10.32491483400014
            ],
            [
              123.89093076600022,
              10.324909216000037
            ],
            [
              123.89092791000007,
              10.324875505000023
            ],
            [
              123.89093362100016,
              10.324833367000053
            ],
            [
              123.89092106800013,
              10.32479414300019
            ],
            [
              123.89078982400008,
              10.324630088000049
            ],
            [
              123.8907570130001,
              10.324413535000133
            ],
            [
              123.89092262300017,
              10.32411039900012
            ],
            [
              123.89102827500017,
              10.323479728000052
            ],
            [
              123.89169120800022,
              10.322253206000028
            ],
            [
              123.8917381010001,
              10.322041488000082
            ],
            [
              123.8918894840001,
              10.321357996000188
            ],
            [
              123.89206081100019,
              10.320953464000127
            ],
            [
              123.8922578380002,
              10.320652874000132
            ],
            [
              123.89264166800001,
              10.319960911000123
            ],
            [
              123.89265474600018,
              10.319936514000176
            ],
            [
              123.89270899900009,
              10.31979324200006
            ],
            [
              123.89272308800014,
              10.319594313000039
            ],
            [
              123.8931699220002,
              10.319619046000184
            ],
            [
              123.89386750000017,
              10.319520177000072
            ],
            [
              123.89405827500002,
              10.319518179000113
            ],
            [
              123.89364229700004,
              10.320366059000094
            ],
            [
              123.89389496400008,
              10.32053084100005
            ],
            [
              123.89416410800004,
              10.320525348000047
            ],
            [
              123.89437283200004,
              10.32055830500019
            ],
            [
              123.89447170200003,
              10.320673653000142
            ],
            [
              123.89449367300006,
              10.321255883
            ],
            [
              123.89451564400031,
              10.321849099000076
            ],
            [
              123.89496758900032,
              10.321899661000145
            ],
            [
              123.89545361700004,
              10.321953079000139
            ],
            [
              123.89589041600004,
              10.321993711000118
            ],
            [
              123.8959317030002,
              10.32199755199997
            ],
            [
              123.89634863700019,
              10.322025347000078
            ],
            [
              123.89660859300022,
              10.322093160000065
            ],
            [
              123.89661930000011,
              10.322160972
            ],
            [
              123.896797751,
              10.322157403000176
            ],
            [
              123.89692980500013,
              10.322196662000124
            ],
            [
              123.89701189300001,
              10.322193093000124
            ],
            [
              123.89706683800023,
              10.322139938000078
            ],
            [
              123.8970312250002,
              10.32206936600005
            ],
            [
              123.8969383750001,
              10.321940706000078
            ],
            [
              123.89689907000002,
              10.321772759000112
            ],
            [
              123.8968812060001,
              10.321611931000177
            ],
            [
              123.89686693900012,
              10.32133688600004
            ],
            [
              123.89706701700015,
              10.321283231000109
            ],
            [
              123.89723134900021,
              10.321197399000141
            ],
            [
              123.89729951500021,
              10.321148041000129
            ],
            [
              123.89732078600002,
              10.321122302000049
            ],
            [
              123.89729580300002,
              10.320990110000139
            ],
            [
              123.89724993300001,
              10.320934525000041
            ],
            [
              123.89719570500029,
              10.32086856
            ],
            [
              123.89706707200003,
              10.320732789999965
            ],
            [
              123.8973657680001,
              10.320679859000109
            ],
            [
              123.89780664200009,
              10.32063146300004
            ],
            [
              123.89786114700007,
              10.320625197000027
            ],
            [
              123.89807546200018,
              10.320617368
            ],
            [
              123.89821006600027,
              10.320611308000025
            ],
            [
              123.89843950300019,
              10.320606661000113
            ],
            [
              123.89851368000018,
              10.320604698000011
            ],
            [
              123.89917646300023,
              10.320587616000068
            ],
            [
              123.89897791200008,
              10.321386190000055
            ],
            [
              123.89895558100011,
              10.32147640200003
            ],
            [
              123.8992834500001,
              10.32151391900004
            ],
            [
              123.89974489400026,
              10.321578683000041
            ],
            [
              123.90006061900021,
              10.321578683000041
            ],
            [
              123.9004734900002,
              10.321562492000055
            ],
            [
              123.90091064700005,
              10.321489632000066
            ],
            [
              123.90124096700015,
              10.320854330000088
            ],
            [
              123.90182704300014,
              10.321133074000045
            ],
            [
              123.90237023500015,
              10.321433259000116
            ],
            [
              123.90306686700023,
              10.32006483500004
            ],
            [
              123.90347806200009,
              10.319432023000104
            ],
            [
              123.90382113100009,
              10.32016104500019
            ],
            [
              123.90398551800013,
              10.320439788000044
            ],
            [
              123.90413561100002,
              10.320697090000067
            ],
            [
              123.90434559100004,
              10.321046887000136
            ],
            [
              123.90450862100033,
              10.321318472000144
            ],
            [
              123.90463746500018,
              10.321533109000029
            ],
            [
              123.90474598000003,
              10.321713879000072
            ],
            [
              123.90482891500005,
              10.321853941000086
            ],
            [
              123.90490504500008,
              10.321980973000109
            ],
            [
              123.9051965220001,
              10.322446276000164
            ],
            [
              123.90529317100004,
              10.322605802000055
            ],
            [
              123.90548539500014,
              10.32291847800019
            ],
            [
              123.90576856300015,
              10.323347840000167
            ],
            [
              123.90593561900027,
              10.32360191400005
            ],
            [
              123.90597758000013,
              10.323665289000076
            ],
            [
              123.906031772,
              10.323747075000085
            ],
            [
              123.90610202800008,
              10.323851227000148
            ],
            [
              123.9061546910001,
              10.323929394000118
            ],
            [
              123.90677725600005,
              10.324851530000046
            ],
            [
              123.90681225100002,
              10.324904102000119
            ],
            [
              123.90688912100029,
              10.325013027000182
            ],
            [
              123.90699884800006,
              10.325168449999978
            ],
            [
              123.90709128600008,
              10.325312925000105
            ],
            [
              123.90733257100021,
              10.325643503000151
            ],
            [
              123.90763380900012,
              10.32593104800003
            ],
            [
              123.90791450800032,
              10.326239132000126
            ],
            [
              123.90814728200007,
              10.326732067000137
            ],
            [
              123.90833213300016,
              10.327156538000168
            ],
            [
              123.90843944800008,
              10.327393364000045
            ],
            [
              123.90868518200011,
              10.32793220800005
            ],
            [
              123.9088570450001,
              10.328309801000103
            ],
            [
              123.9089011860001,
              10.328410971000153
            ],
            [
              123.90901399200015,
              10.328668078000021
            ],
            [
              123.90925539200009,
              10.329192860999967
            ],
            [
              123.90960174900022,
              10.330043009000178
            ],
            [
              123.90878337900017,
              10.330688504000022
            ],
            [
              123.9084494870001,
              10.330960025000024
            ],
            [
              123.90697907700007,
              10.331845622
            ],
            [
              123.9066755030002,
              10.332128260000104
            ],
            [
              123.90537222500006,
              10.332724941000038
            ],
            [
              123.90485509200016,
              10.33294247100008
            ],
            [
              123.90444212900002,
              10.33196360400018
            ],
            [
              123.90317634300004,
              10.33286349500014
            ],
            [
              123.9024525960001,
              10.333353775000035
            ],
            [
              123.90159496200022,
              10.333948837000037
            ],
            [
              123.90039808800009,
              10.33477014100015
            ],
            [
              123.90013349200012,
              10.335096994000082
            ],
            [
              123.89943871100024,
              10.335610654000163
            ],
            [
              123.89924818100008,
              10.335750678000181
            ],
            [
              123.89899728700016,
              10.335937475000094
            ],
            [
              123.89841888500007,
              10.338717906
            ],
            [
              123.8977329510002,
              10.34144071600008
            ],
            [
              123.89690591600004,
              10.34233129200004
            ],
            [
              123.89533397100013,
              10.344235487000105
            ],
            [
              123.89506841900015,
              10.344524369000055
            ],
            [
              123.89376565800012,
              10.343891601000053
            ],
            [
              123.8936162560002,
              10.34452048500009
            ],
            [
              123.89342099300006,
              10.345342401000039
            ]
          ]
        ]
      }
    },
    {
      "type": "Feature",
      "properties": {
        "adm4_name": "Lorega (Lorega San Miguel)",
        "adm4_name1": null,
        "adm4_name2": null,
        "adm4_name3": null,
        "adm4_pcode": "PH0702217042",
        "adm3_name": "Cebu City (Capital)",
        "adm3_name1": null,
        "adm3_name2": null,
        "adm3_name3": null,
        "adm3_pcode": "PH0702217",
        "adm2_name": "Cebu",
        "adm2_name1": null,
        "adm2_name2": null,
        "adm2_name3": null,
        "adm2_pcode": "PH07022",
        "adm1_name": "Region VII (Central Visayas)",
        "adm1_name1": null,
        "adm1_name2": null,
        "adm1_name3": null,
        "adm1_pcode": "PH07",
        "adm0_name": "Philippines",
        "adm0_name1": null,
        "adm0_name2": null,
        "adm0_name3": null,
        "adm0_pcode": "PH",
        "valid_on": "2025-02-13",
        "valid_to": null,
        "area_sqkm": 0.1996301,
        "version": "v03",
        "lang": "en",
        "lang1": null,
        "lang2": null,
        "lang3": null,
        "adm4_ref_name": "Lorega (Lorega San Miguel)",
        "center_lat": 10.30736048,
        "center_lon": 123.90463899
      },
      "geometry": {
        "type": "Polygon",
        "coordinates": [
          [
            [
              123.9043673550002,
              10.310458764999964
            ],
            [
              123.90396130400006,
              10.310672991000104
            ],
            [
              123.90380392800023,
              10.310181512000042
            ],
            [
              123.90321614200002,
              10.308312757000067
            ],
            [
              123.90310199200007,
              10.307961384
            ],
            [
              123.9025961960001,
              10.306856167000149
            ],
            [
              123.90256018200012,
              10.306784956
            ],
            [
              123.90261916100019,
              10.306718375000116
            ],
            [
              123.90262465300009,
              10.306542625000134
            ],
            [
              123.90261916100019,
              10.306394337000143
            ],
            [
              123.9025752230001,
              10.306300969000063
            ],
            [
              123.90251480900008,
              10.306207602000029
            ],
            [
              123.90249284100003,
              10.30598791500006
            ],
            [
              123.90256973100031,
              10.305894548000083
            ],
            [
              123.9027290050002,
              10.305861595000124
            ],
            [
              123.90282786400007,
              10.305779212000118
            ],
            [
              123.90292123100005,
              10.305707814000073
            ],
            [
              123.90296516800004,
              10.305592478000108
            ],
            [
              123.90301459800025,
              10.305471650000072
            ],
            [
              123.90307501200016,
              10.305400251000094
            ],
            [
              123.90317387100004,
              10.305251962
            ],
            [
              123.90323977800006,
              10.305169580000154
            ],
            [
              123.90328920700017,
              10.30503227500003
            ],
            [
              123.90328920700017,
              10.304873002000079
            ],
            [
              123.90327273100002,
              10.304774142000099
            ],
            [
              123.90326723900012,
              10.304680775000122
            ],
            [
              123.90325076200008,
              10.304609377000077
            ],
            [
              123.90314091800008,
              10.304581916000188
            ],
            [
              123.90297615300005,
              10.304581916000188
            ],
            [
              123.90280589500014,
              10.304614869000147
            ],
            [
              123.9027290050002,
              10.304598392000116
            ],
            [
              123.90269605100013,
              10.304532485999971
            ],
            [
              123.9027290050002,
              10.304444611000122
            ],
            [
              123.90284983300023,
              10.304329275000157
            ],
            [
              123.90295418400024,
              10.30428533800017
            ],
            [
              123.90310247300033,
              10.304230416000053
            ],
            [
              123.90328920700017,
              10.304197463000094
            ],
            [
              123.90345397300007,
              10.304126065000048
            ],
            [
              123.90356533700026,
              10.304007147000164
            ],
            [
              123.90362737000021,
              10.304089858000168
            ],
            [
              123.90390121700034,
              10.304473905
            ],
            [
              123.90469979500017,
              10.305519759000049
            ],
            [
              123.90476561800006,
              10.305616506000149
            ],
            [
              123.90503625200006,
              10.306014310000023
            ],
            [
              123.9053322000002,
              10.30577477200012
            ],
            [
              123.90555325300011,
              10.30573868200014
            ],
            [
              123.90577950600004,
              10.305742804000147
            ],
            [
              123.90613069600033,
              10.30575672700013
            ],
            [
              123.90617129700001,
              10.306437929000026
            ],
            [
              123.90622543200004,
              10.306546200000184
            ],
            [
              123.90626603400017,
              10.306708606000086
            ],
            [
              123.90628302100004,
              10.30677276299997
            ],
            [
              123.90631114700011,
              10.306889057000035
            ],
            [
              123.90634272600016,
              10.307074019000027
            ],
            [
              123.90639686100008,
              10.307263492000175
            ],
            [
              123.90650513100002,
              10.307457477000185
            ],
            [
              123.90662242400003,
              10.307692063000047
            ],
            [
              123.90674874000001,
              10.307899582000061
            ],
            [
              123.90682994300005,
              10.308093566000139
            ],
            [
              123.90692468000009,
              10.308301085000153
            ],
            [
              123.90693996200002,
              10.30834860400006
            ],
            [
              123.90697797400014,
              10.308466797
            ],
            [
              123.90717939400008,
              10.308725290000154
            ],
            [
              123.90682757000013,
              10.308957271999986
            ],
            [
              123.90655297100022,
              10.309118963000117
            ],
            [
              123.90598619400009,
              10.309452695000061
            ],
            [
              123.90539657500005,
              10.309812973000021
            ],
            [
              123.90518942900019,
              10.309950300000082
            ],
            [
              123.9048977130002,
              10.310140096000168
            ],
            [
              123.90443233400015,
              10.310424744999978
            ],
            [
              123.9043673550002,
              10.310458764999964
            ]
          ]
        ]
      }
    },
    {
      "type": "Feature",
      "properties": {
        "adm4_name": "Lusaran",
        "adm4_name1": null,
        "adm4_name2": null,
        "adm4_name3": null,
        "adm4_pcode": "PH0702217043",
        "adm3_name": "Cebu City (Capital)",
        "adm3_name1": null,
        "adm3_name2": null,
        "adm3_name3": null,
        "adm3_pcode": "PH0702217",
        "adm2_name": "Cebu",
        "adm2_name1": null,
        "adm2_name2": null,
        "adm2_name3": null,
        "adm2_pcode": "PH07022",
        "adm1_name": "Region VII (Central Visayas)",
        "adm1_name1": null,
        "adm1_name2": null,
        "adm1_name3": null,
        "adm1_pcode": "PH07",
        "adm0_name": "Philippines",
        "adm0_name1": null,
        "adm0_name2": null,
        "adm0_name3": null,
        "adm0_pcode": "PH",
        "valid_on": "2025-02-13",
        "valid_to": null,
        "area_sqkm": 11.20600335,
        "version": "v03",
        "lang": "en",
        "lang1": null,
        "lang2": null,
        "lang3": null,
        "adm4_ref_name": "Lusaran",
        "center_lat": 10.47673497,
        "center_lon": 123.87686035
      },
      "geometry": {
        "type": "Polygon",
        "coordinates": [
          [
            [
              123.8902792250002,
              10.492567503000146
            ],
            [
              123.88797746700016,
              10.493494774
            ],
            [
              123.88308496400009,
              10.492284096000049
            ],
            [
              123.86900688100013,
              10.488801537000086
            ],
            [
              123.86708097300027,
              10.488325346000067
            ],
            [
              123.85813219500005,
              10.477735393000046
            ],
            [
              123.85644142400008,
              10.47573453900003
            ],
            [
              123.86935594100021,
              10.467286483
            ],
            [
              123.87330319600005,
              10.464770179000027
            ],
            [
              123.87480827300033,
              10.463768440000024
            ],
            [
              123.87616103200025,
              10.462892488000023
            ],
            [
              123.87972671200009,
              10.460767808000071
            ],
            [
              123.88128531500013,
              10.459840232000033
            ],
            [
              123.88131108000005,
              10.459665668000184
            ],
            [
              123.88161255300008,
              10.459540641000046
            ],
            [
              123.8819280920003,
              10.459568387000047
            ],
            [
              123.88221737500021,
              10.459386509000069
            ],
            [
              123.88235968600009,
              10.459178269000063
            ],
            [
              123.88257155600024,
              10.459181197000134
            ],
            [
              123.88268936000009,
              10.459096725999984
            ],
            [
              123.88276937800026,
              10.458967201
            ],
            [
              123.89173309300008,
              10.474446124999986
            ],
            [
              123.90433715700021,
              10.480583094
            ],
            [
              123.90459105800016,
              10.480714496000019
            ],
            [
              123.90617143800011,
              10.482025055
            ],
            [
              123.91168239300009,
              10.485650218000046
            ],
            [
              123.90159947400002,
              10.487374688000102
            ],
            [
              123.89639813500003,
              10.490289982999968
            ],
            [
              123.89533244300014,
              10.490852926000116
            ],
            [
              123.89187304400002,
              10.4919254510001
            ],
            [
              123.8902792250002,
              10.492567503000146
            ]
          ]
        ]
      }
    },
    {
      "type": "Feature",
      "properties": {
        "adm4_name": "Luz",
        "adm4_name1": null,
        "adm4_name2": null,
        "adm4_name3": null,
        "adm4_pcode": "PH0702217044",
        "adm3_name": "Cebu City (Capital)",
        "adm3_name1": null,
        "adm3_name2": null,
        "adm3_name3": null,
        "adm3_pcode": "PH0702217",
        "adm2_name": "Cebu",
        "adm2_name1": null,
        "adm2_name2": null,
        "adm2_name3": null,
        "adm2_pcode": "PH07022",
        "adm1_name": "Region VII (Central Visayas)",
        "adm1_name1": null,
        "adm1_name2": null,
        "adm1_name3": null,
        "adm1_pcode": "PH07",
        "adm0_name": "Philippines",
        "adm0_name1": null,
        "adm0_name2": null,
        "adm0_name3": null,
        "adm0_pcode": "PH",
        "valid_on": "2025-02-13",
        "valid_to": null,
        "area_sqkm": 0.56024067,
        "version": "v03",
        "lang": "en",
        "lang1": null,
        "lang2": null,
        "lang3": null,
        "adm4_ref_name": "Luz",
        "center_lat": 10.31989974,
        "center_lon": 123.90748413
      },
      "geometry": {
        "type": "Polygon",
        "coordinates": [
          [
            [
              123.90827051600013,
              10.324801407000109
            ],
            [
              123.90763380900012,
              10.32593104800003
            ],
            [
              123.90733257100021,
              10.325643503000151
            ],
            [
              123.90709128600008,
              10.325312925000105
            ],
            [
              123.90699884800006,
              10.325168449999978
            ],
            [
              123.90688912100029,
              10.325013027000182
            ],
            [
              123.90681225100002,
              10.324904102000119
            ],
            [
              123.90677725600005,
              10.324851530000046
            ],
            [
              123.9061546910001,
              10.323929394000118
            ],
            [
              123.90610202800008,
              10.323851227000148
            ],
            [
              123.906031772,
              10.323747075000085
            ],
            [
              123.90597758000013,
              10.323665289000076
            ],
            [
              123.90593561900027,
              10.32360191400005
            ],
            [
              123.90576856300015,
              10.323347840000167
            ],
            [
              123.90548539500014,
              10.32291847800019
            ],
            [
              123.90529317100004,
              10.322605802000055
            ],
            [
              123.9051965220001,
              10.322446276000164
            ],
            [
              123.90490504500008,
              10.321980973000109
            ],
            [
              123.90482891500005,
              10.321853941000086
            ],
            [
              123.90474598000003,
              10.321713879000072
            ],
            [
              123.90463746500018,
              10.321533109000029
            ],
            [
              123.90450862100033,
              10.321318472000144
            ],
            [
              123.90434559100004,
              10.321046887000136
            ],
            [
              123.90413561100002,
              10.320697090000067
            ],
            [
              123.90398551800013,
              10.320439788000044
            ],
            [
              123.90382113100009,
              10.32016104500019
            ],
            [
              123.90347806200009,
              10.319432023000104
            ],
            [
              123.90327079100007,
              10.319031776000088
            ],
            [
              123.90272045200004,
              10.317995422000138
            ],
            [
              123.9026035390001,
              10.317724799000075
            ],
            [
              123.90325066900016,
              10.317389250000076
            ],
            [
              123.90364214200031,
              10.317213486000128
            ],
            [
              123.90396215900023,
              10.316949618000137
            ],
            [
              123.90401763700004,
              10.316798045000098
            ],
            [
              123.90369007800007,
              10.31615890500018
            ],
            [
              123.90357822800001,
              10.31576743200003
            ],
            [
              123.90359624500002,
              10.315690545000109
            ],
            [
              123.9036820890002,
              10.315328023000177
            ],
            [
              123.90378594900005,
              10.315016442000058
            ],
            [
              123.90400964800017,
              10.31443322600012
            ],
            [
              123.90423502100009,
              10.313949720999972
            ],
            [
              123.9045481070001,
              10.314081015
            ],
            [
              123.90489654200019,
              10.31425270699998
            ],
            [
              123.90510358200027,
              10.314429449000045
            ],
            [
              123.90523992600004,
              10.314666788000068
            ],
            [
              123.90538132000017,
              10.314919277000115
            ],
            [
              123.90547726600028,
              10.31522731299998
            ],
            [
              123.90557321100016,
              10.315464652000173
            ],
            [
              123.9055861490001,
              10.315507923000098
            ],
            [
              123.90565400800017,
              10.31573734
            ],
            [
              123.9058315010002,
              10.316215413000066
            ],
            [
              123.90603905900014,
              10.31668546900005
            ],
            [
              123.9062116240001,
              10.31686467000003
            ],
            [
              123.90643064800008,
              10.317043872000113
            ],
            [
              123.90673595500004,
              10.317196525000043
            ],
            [
              123.90697489000001,
              10.317296082000041
            ],
            [
              123.90722710000011,
              10.317382364000025
            ],
            [
              123.9074129390001,
              10.317528380000056
            ],
            [
              123.907592141,
              10.317694308000114
            ],
            [
              123.9078310760002,
              10.317999614000144
            ],
            [
              123.90802355200015,
              10.31823191300009
            ],
            [
              123.90813638300028,
              10.318397840000046
            ],
            [
              123.9084143340001,
              10.318743466000058
            ],
            [
              123.90847765300009,
              10.318680117000042
            ],
            [
              123.90862402900018,
              10.318590112000152
            ],
            [
              123.90871002400002,
              10.31852957700005
            ],
            [
              123.90878022300012,
              10.318415728000105
            ],
            [
              123.90887706300009,
              10.318263867000042
            ],
            [
              123.9092314610001,
              10.317835807000165
            ],
            [
              123.9094110530001,
              10.31805058000009
            ],
            [
              123.90952845900006,
              10.31810617800005
            ],
            [
              123.90952845900006,
              10.318106084000078
            ],
            [
              123.9095902590002,
              10.318168572000104
            ],
            [
              123.90957595400016,
              10.318185826000104
            ],
            [
              123.91011536300005,
              10.318621138000026
            ],
            [
              123.91054121200023,
              10.318961817000059
            ],
            [
              123.91106642600016,
              10.319373471000063
            ],
            [
              123.9114071050002,
              10.31963844400019
            ],
            [
              123.9108789600001,
              10.320645696000042
            ],
            [
              123.910208022,
              10.321665796000104
            ],
            [
              123.90965347100007,
              10.322596895000117
            ],
            [
              123.90915814400023,
              10.323389194000015
            ],
            [
              123.90900991700005,
              10.323623840999971
            ],
            [
              123.90886457300019,
              10.323856363000061
            ],
            [
              123.90827051600013,
              10.324801407000109
            ]
          ]
        ]
      }
    },
    {
      "type": "Feature",
      "properties": {
        "adm4_name": "Mabini",
        "adm4_name1": null,
        "adm4_name2": null,
        "adm4_name3": null,
        "adm4_pcode": "PH0702217045",
        "adm3_name": "Cebu City (Capital)",
        "adm3_name1": null,
        "adm3_name2": null,
        "adm3_name3": null,
        "adm3_pcode": "PH0702217",
        "adm2_name": "Cebu",
        "adm2_name1": null,
        "adm2_name2": null,
        "adm2_name3": null,
        "adm2_pcode": "PH07022",
        "adm1_name": "Region VII (Central Visayas)",
        "adm1_name1": null,
        "adm1_name2": null,
        "adm1_name3": null,
        "adm1_pcode": "PH07",
        "adm0_name": "Philippines",
        "adm0_name1": null,
        "adm0_name2": null,
        "adm0_name3": null,
        "adm0_pcode": "PH",
        "valid_on": "2025-02-13",
        "valid_to": null,
        "area_sqkm": 5.61110799,
        "version": "v03",
        "lang": "en",
        "lang1": null,
        "lang2": null,
        "lang3": null,
        "adm4_ref_name": "Mabini",
        "center_lat": 10.45163529,
        "center_lon": 123.91533628
      },
      "geometry": {
        "type": "Polygon",
        "coordinates": [
          [
            [
              123.92466289200001,
              10.466891
            ],
            [
              123.92058663900013,
              10.467281913000022
            ],
            [
              123.9197293100002,
              10.467098502
            ],
            [
              123.91958133800006,
              10.46703416600019
            ],
            [
              123.91938950700023,
              10.4661043750001
            ],
            [
              123.9174521650001,
              10.465360436000083
            ],
            [
              123.91705250300015,
              10.465211725000131
            ],
            [
              123.91303526800004,
              10.463791895999975
            ],
            [
              123.91008678800029,
              10.465911660000074
            ],
            [
              123.90916858500009,
              10.46659356300006
            ],
            [
              123.90752470300015,
              10.462859409000032
            ],
            [
              123.90622391600004,
              10.45334619099998
            ],
            [
              123.90544432700017,
              10.450060354000186
            ],
            [
              123.90496159400004,
              10.449278067000023
            ],
            [
              123.90470632700021,
              10.44886458200017
            ],
            [
              123.91091758500022,
              10.445912076000127
            ],
            [
              123.91323639500001,
              10.437504582000088
            ],
            [
              123.91377802700003,
              10.435547944000064
            ],
            [
              123.91818431300032,
              10.436457571000062
            ],
            [
              123.91919609400009,
              10.436694092000039
            ],
            [
              123.92330781400017,
              10.437007509000125
            ],
            [
              123.9250210990001,
              10.453210232
            ],
            [
              123.92498414200008,
              10.454438727000138
            ],
            [
              123.92472404500018,
              10.464474200000154
            ],
            [
              123.92466289200001,
              10.466891
            ]
          ]
        ]
      }
    },
    {
      "type": "Feature",
      "properties": {
        "adm4_name": "Mabolo",
        "adm4_name1": null,
        "adm4_name2": null,
        "adm4_name3": null,
        "adm4_pcode": "PH0702217046",
        "adm3_name": "Cebu City (Capital)",
        "adm3_name1": null,
        "adm3_name2": null,
        "adm3_name3": null,
        "adm3_pcode": "PH0702217",
        "adm2_name": "Cebu",
        "adm2_name1": null,
        "adm2_name2": null,
        "adm2_name3": null,
        "adm2_pcode": "PH07022",
        "adm1_name": "Region VII (Central Visayas)",
        "adm1_name1": null,
        "adm1_name2": null,
        "adm1_name3": null,
        "adm1_pcode": "PH07",
        "adm0_name": "Philippines",
        "adm0_name1": null,
        "adm0_name2": null,
        "adm0_name3": null,
        "adm0_pcode": "PH",
        "valid_on": "2025-02-13",
        "valid_to": null,
        "area_sqkm": 1.94630841,
        "version": "v03",
        "lang": "en",
        "lang1": null,
        "lang2": null,
        "lang3": null,
        "adm4_ref_name": "Mabolo",
        "center_lat": 10.31676403,
        "center_lon": 123.91490558
      },
      "geometry": {
        "type": "Polygon",
        "coordinates": [
          [
            [
              123.92092370500018,
              10.327082090000033
            ],
            [
              123.92088944800003,
              10.327189755000177
            ],
            [
              123.92071613700023,
              10.327089080000121
            ],
            [
              123.92051279900011,
              10.326905790000012
            ],
            [
              123.92041256200002,
              10.326774050000154
            ],
            [
              123.92032378000033,
              10.326613670000029
            ],
            [
              123.92019776800021,
              10.326407468000184
            ],
            [
              123.92010612300021,
              10.326244225000096
            ],
            [
              123.92001734200005,
              10.326060935000044
            ],
            [
              123.91995433500006,
              10.325957834000121
            ],
            [
              123.91988560100003,
              10.325837549000028
            ],
            [
              123.91981400400005,
              10.325734448000105
            ],
            [
              123.91974240600018,
              10.325628484000049
            ],
            [
              123.91965935200005,
              10.32557693300015
            ],
            [
              123.91951042900007,
              10.32550533500006
            ],
            [
              123.91938441600007,
              10.325493879000021
            ],
            [
              123.9191724860001,
              10.325525383000127
            ],
            [
              123.91899778800007,
              10.325559750000025
            ],
            [
              123.9187285800001,
              10.325639938999984
            ],
            [
              123.91850519400032,
              10.325688626000044
            ],
            [
              123.91822453100008,
              10.32574876800004
            ],
            [
              123.91798968900002,
              10.325811774000101
            ],
            [
              123.91770616200029,
              10.325891964000164
            ],
            [
              123.91740545100004,
              10.325977881000085
            ],
            [
              123.91717347400026,
              10.326035159000014
            ],
            [
              123.91697299900011,
              10.326009384000088
            ],
            [
              123.91685557900018,
              10.325952106000159
            ],
            [
              123.91674660500007,
              10.325842321000039
            ],
            [
              123.91664937700011,
              10.325743040000077
            ],
            [
              123.91644867800017,
              10.325530254000057
            ],
            [
              123.916248429,
              10.325319181000111
            ],
            [
              123.91604337200022,
              10.325104860000067
            ],
            [
              123.91590636500018,
              10.324954342000012
            ],
            [
              123.91513449800016,
              10.324164335000148
            ],
            [
              123.91452406100018,
              10.323531288000083
            ],
            [
              123.91391814500014,
              10.322934416000066
            ],
            [
              123.91349762200002,
              10.322513893000178
            ],
            [
              123.9129785890002,
              10.32201669300008
            ],
            [
              123.91275153200002,
              10.321799455000018
            ],
            [
              123.91259437600013,
              10.32169492800017
            ],
            [
              123.9123038780001,
              10.321478410000054
            ],
            [
              123.9122345300002,
              10.321439868000027
            ],
            [
              123.91176213500012,
              10.32116601600012
            ],
            [
              123.91142298300008,
              10.320964514000138
            ],
            [
              123.9108789600001,
              10.320645696000042
            ],
            [
              123.9114071050002,
              10.31963844400019
            ],
            [
              123.91106642600016,
              10.319373471000063
            ],
            [
              123.91054121200023,
              10.318961817000059
            ],
            [
              123.91011536300005,
              10.318621138000026
            ],
            [
              123.90957595400016,
              10.318185826000104
            ],
            [
              123.9095902590002,
              10.318168572000104
            ],
            [
              123.90952845900006,
              10.318106084000078
            ],
            [
              123.90952845900006,
              10.31810617800005
            ],
            [
              123.9094110530001,
              10.31805058000009
            ],
            [
              123.9092314610001,
              10.317835807000165
            ],
            [
              123.90936650700007,
              10.317627995
            ],
            [
              123.90945716600004,
              10.316957590000072
            ],
            [
              123.90955609900016,
              10.316726238000115
            ],
            [
              123.90971287900004,
              10.314964355000086
            ],
            [
              123.90973081900006,
              10.314762722000182
            ],
            [
              123.90983065900014,
              10.314288482000052
            ],
            [
              123.9097807390001,
              10.31403888300008
            ],
            [
              123.9094728990002,
              10.31363120399999
            ],
            [
              123.90943900200011,
              10.313545313000077
            ],
            [
              123.90947631000006,
              10.31346730600012
            ],
            [
              123.90952040000013,
              10.313396082999986
            ],
            [
              123.90952379200007,
              10.31328416000008
            ],
            [
              123.90950344200019,
              10.31319597900017
            ],
            [
              123.909493268,
              10.31311458100015
            ],
            [
              123.90947625000001,
              10.313060674000042
            ],
            [
              123.90944564200004,
              10.31296283600011
            ],
            [
              123.90943561100016,
              10.31293143500011
            ],
            [
              123.90941187000021,
              10.312843254000029
            ],
            [
              123.90937117100032,
              10.312734723000176
            ],
            [
              123.90934742900015,
              10.312632976000032
            ],
            [
              123.9093236880002,
              10.312517662000062
            ],
            [
              123.9093236880002,
              10.312429481000152
            ],
            [
              123.90937117100032,
              10.312351473999968
            ],
            [
              123.90943221900022,
              10.312266684000065
            ],
            [
              123.90956788300025,
              10.31216154499998
            ],
            [
              123.90970693800011,
              10.312069972000131
            ],
            [
              123.9098731250001,
              10.31186647700008
            ],
            [
              123.90996086900009,
              10.311821956000074
            ],
            [
              123.91005684900006,
              10.311757968999984
            ],
            [
              123.91017682400013,
              10.31169198300006
            ],
            [
              123.91027080500032,
              10.311623997000083
            ],
            [
              123.91040188400007,
              10.311581045000082
            ],
            [
              123.91052861800006,
              10.311485994000122
            ],
            [
              123.91062366900007,
              10.311410745000046
            ],
            [
              123.91071079900019,
              10.311327576
            ],
            [
              123.91075832500019,
              10.311240446000056
            ],
            [
              123.91086129700011,
              10.311105790000113
            ],
            [
              123.91103159600016,
              10.31084440100011
            ],
            [
              123.91113060700002,
              10.310689943000114
            ],
            [
              123.91122169800008,
              10.310511722000172
            ],
            [
              123.91132467000023,
              10.3103731060001
            ],
            [
              123.91145536500028,
              10.31021072800013
            ],
            [
              123.91155041600007,
              10.310111716000108
            ],
            [
              123.91171675500004,
              10.310127558000033
            ],
            [
              123.91182764700022,
              10.310190926000132
            ],
            [
              123.91193061900003,
              10.310246372000051
            ],
            [
              123.91205339300006,
              10.310309739000104
            ],
            [
              123.9121761670001,
              10.310365186000126
            ],
            [
              123.91233458500005,
              10.310460235999983
            ],
            [
              123.9124375570002,
              10.310539446000178
            ],
            [
              123.91256825200026,
              10.310626576000118
            ],
            [
              123.91268310500004,
              10.310697864000133
            ],
            [
              123.91280311600019,
              10.310778698999968
            ],
            [
              123.9128534050003,
              10.310812717000147
            ],
            [
              123.91294053500008,
              10.310895885999969
            ],
            [
              123.91304350700022,
              10.310994898
            ],
            [
              123.91313459700018,
              10.311089949000177
            ],
            [
              123.91325737100021,
              10.311208762000149
            ],
            [
              123.91338410600008,
              10.311299853000094
            ],
            [
              123.91350291900005,
              10.311406785000088
            ],
            [
              123.91363757500005,
              10.311529559000121
            ],
            [
              123.9137128230002,
              10.311612729000046
            ],
            [
              123.91378411200014,
              10.31173550300008
            ],
            [
              123.91391876700004,
              10.311929565000185
            ],
            [
              123.91402966000021,
              10.312032537000164
            ],
            [
              123.91414055300004,
              10.312115706000043
            ],
            [
              123.91430689200001,
              10.312274124000169
            ],
            [
              123.91440194300003,
              10.312385017
            ],
            [
              123.91452075600012,
              10.312519673000168
            ],
            [
              123.91459787300005,
              10.312599382000087
            ],
            [
              123.91491031700002,
              10.312281979000034
            ],
            [
              123.91508389600006,
              10.31205880500005
            ],
            [
              123.91522276,
              10.311895145000165
            ],
            [
              123.91533682700026,
              10.31176124000018
            ],
            [
              123.91542224900002,
              10.311660356000175
            ],
            [
              123.9162581720002,
              10.312344935000056
            ],
            [
              123.91673715200022,
              10.311749673
            ],
            [
              123.91735846700021,
              10.310994814000026
            ],
            [
              123.91795911200006,
              10.310271914000054
            ],
            [
              123.9182774760003,
              10.30989460000012
            ],
            [
              123.91855444100008,
              10.309564961000092
            ],
            [
              123.91920824000022,
              10.308826115000045
            ],
            [
              123.92048926100006,
              10.30731121500014
            ],
            [
              123.92079874500007,
              10.306734322000125
            ],
            [
              123.92072257500001,
              10.306672368000136
            ],
            [
              123.9207235,
              10.306670304000136
            ],
            [
              123.92073982200009,
              10.30668343700006
            ],
            [
              123.92096916800006,
              10.30641092000019
            ],
            [
              123.92158242900007,
              10.30693765600006
            ],
            [
              123.92241326700014,
              10.307596533000094
            ],
            [
              123.923658036,
              10.308604328000115
            ],
            [
              123.9258398830001,
              10.310380561000102
            ],
            [
              123.92572663400006,
              10.310523574000115
            ],
            [
              123.92561969200028,
              10.310435080000047
            ],
            [
              123.92535254200004,
              10.310777419000033
            ],
            [
              123.92544640500012,
              10.310853140000177
            ],
            [
              123.92526498300003,
              10.311077799000032
            ],
            [
              123.92548647600006,
              10.311265924000054
            ],
            [
              123.92535093700019,
              10.31140748700011
            ],
            [
              123.92506881700012,
              10.311702146000073
            ],
            [
              123.92472400300016,
              10.312084576000132
            ],
            [
              123.92442307500016,
              10.312410581000165
            ],
            [
              123.92414984900006,
              10.31271026799999
            ],
            [
              123.92403453300017,
              10.312849074000155
            ],
            [
              123.92391494600008,
              10.312970796000059
            ],
            [
              123.92378468200002,
              10.313116009000112
            ],
            [
              123.92365655400022,
              10.313244137000027
            ],
            [
              123.92352415400012,
              10.313382942999965
            ],
            [
              123.92337894200034,
              10.313526019999983
            ],
            [
              123.92330206400004,
              10.313628523000034
            ],
            [
              123.92318247800006,
              10.313763058000063
            ],
            [
              123.92308211000011,
              10.313891187000138
            ],
            [
              123.92294116900007,
              10.314010773000064
            ],
            [
              123.92283866600008,
              10.314074838000124
            ],
            [
              123.92277033100004,
              10.314138902000082
            ],
            [
              123.92272762100004,
              10.314173070000095
            ],
            [
              123.92268064100006,
              10.314243540000064
            ],
            [
              123.92261871200014,
              10.314311876000033
            ],
            [
              123.92256959600002,
              10.314399430000151
            ],
            [
              123.92253969900014,
              10.314457088000154
            ],
            [
              123.92251834500007,
              10.314516881000031
            ],
            [
              123.92249699000001,
              10.314598028999967
            ],
            [
              123.92247136400022,
              10.314679178
            ],
            [
              123.92244360300015,
              10.31475178400018
            ],
            [
              123.92239662200006,
              10.314835067000047
            ],
            [
              123.92227917100001,
              10.314922622000097
            ],
            [
              123.92214250100005,
              10.314950383000166
            ],
            [
              123.92203359100017,
              10.314939706000075
            ],
            [
              123.92192895300002,
              10.31492048600012
            ],
            [
              123.92183285700003,
              10.31486923500006
            ],
            [
              123.92173676000004,
              10.314832932000115
            ],
            [
              123.92166842500012,
              10.314800899999966
            ],
            [
              123.9215274830002,
              10.314734700000031
            ],
            [
              123.92137586500007,
              10.314662094000028
            ],
            [
              123.92120502600005,
              10.314565997000159
            ],
            [
              123.92101924000019,
              10.31448698500003
            ],
            [
              123.92075230500018,
              10.314397295000049
            ],
            [
              123.9205430290001,
              10.314346043000114
            ],
            [
              123.92034442900001,
              10.31430546900009
            ],
            [
              123.92026541700022,
              10.314303334000044
            ],
            [
              123.92020562300002,
              10.314303334000044
            ],
            [
              123.92009671400001,
              10.31430974
            ],
            [
              123.91984555000022,
              10.314369813000098
            ],
            [
              123.91958914300005,
              10.31443884600003
            ],
            [
              123.91946363200009,
              10.314452605000042
            ],
            [
              123.91937218300006,
              10.31445856900018
            ],
            [
              123.91907094600003,
              10.314492101000099
            ],
            [
              123.91886923100014,
              10.314547326000138
            ],
            [
              123.91875088900031,
              10.31464594400012
            ],
            [
              123.91866213300011,
              10.314803733000133
            ],
            [
              123.9187466840001,
              10.314833616000044
            ],
            [
              123.91882565500009,
              10.314936886000055
            ],
            [
              123.91889551400016,
              10.315037117999964
            ],
            [
              123.91898359700019,
              10.315155574000187
            ],
            [
              123.91905345600003,
              10.31521935800015
            ],
            [
              123.91911420300016,
              10.315234545000067
            ],
            [
              123.91922051000017,
              10.315258844000027
            ],
            [
              123.91932377900014,
              10.315313516000117
            ],
            [
              123.91952728100011,
              10.315474495000046
            ],
            [
              123.91970041000013,
              10.31563547400009
            ],
            [
              123.91998592000004,
              10.31586935000007
            ],
            [
              123.92012563800006,
              10.315987806000123
            ],
            [
              123.92027446700024,
              10.31603336600017
            ],
            [
              123.92043544700005,
              10.316051590000086
            ],
            [
              123.92050018500026,
              10.316065977000108
            ],
            [
              123.92065413500006,
              10.316100188000178
            ],
            [
              123.92087282400007,
              10.316212570000062
            ],
            [
              123.92094268300013,
              10.31637051100006
            ],
            [
              123.92087282400007,
              10.316485930000113
            ],
            [
              123.92076348000012,
              10.316531491000092
            ],
            [
              123.92063894900002,
              10.316577051000138
            ],
            [
              123.9203898860003,
              10.316665134000061
            ],
            [
              123.92022587000008,
              10.316801814000144
            ],
            [
              123.92016816000012,
              10.316968868000117
            ],
            [
              123.92019853400006,
              10.317072138000128
            ],
            [
              123.92021372100021,
              10.317251341000144
            ],
            [
              123.92022587000008,
              10.317354610000052
            ],
            [
              123.92017727200016,
              10.317509514999983
            ],
            [
              123.91997680800023,
              10.31776465200005
            ],
            [
              123.91987050100022,
              10.317904370000065
            ],
            [
              123.91968826000016,
              10.318116982999982
            ],
            [
              123.91955461700002,
              10.318256701
            ],
            [
              123.91937237700006,
              10.318426792000139
            ],
            [
              123.91925695800035,
              10.31855739800011
            ],
            [
              123.91919411500021,
              10.318658191
            ],
            [
              123.91915065100034,
              10.318718377000039
            ],
            [
              123.91911420300016,
              10.31887328200014
            ],
            [
              123.91903826900011,
              10.318994776000068
            ],
            [
              123.91896841000028,
              10.319110195000121
            ],
            [
              123.9189380370002,
              10.319298510000124
            ],
            [
              123.9189319620001,
              10.319435190000092
            ],
            [
              123.9189319620001,
              10.319538460000103
            ],
            [
              123.91892892500016,
              10.319647804000113
            ],
            [
              123.91888640200011,
              10.319744999000022
            ],
            [
              123.91889247600022,
              10.319830045000174
            ],
            [
              123.91894714900002,
              10.319863456000178
            ],
            [
              123.91905953000003,
              10.319875605
            ],
            [
              123.9192478460003,
              10.319902941000123
            ],
            [
              123.91931770400004,
              10.319987987000104
            ],
            [
              123.91932074200008,
              10.32007606999997
            ],
            [
              123.91929340600018,
              10.32018237699998
            ],
            [
              123.91932681700018,
              10.32026438500003
            ],
            [
              123.91943616100002,
              10.32037069200004
            ],
            [
              123.91948172100001,
              10.32050737200018
            ],
            [
              123.91947868400007,
              10.320601530000147
            ],
            [
              123.91949083300005,
              10.320698725000113
            ],
            [
              123.91958195300015,
              10.320780733000106
            ],
            [
              123.91966396200007,
              10.320838443000127
            ],
            [
              123.91982494100023,
              10.320923488000119
            ],
            [
              123.91996162100008,
              10.32100245900017
            ],
            [
              123.92009526400011,
              10.321017646000087
            ],
            [
              123.92021372100021,
              10.320962974
            ],
            [
              123.92028965400004,
              10.320850592000113
            ],
            [
              123.920347364,
              10.320747322000102
            ],
            [
              123.92044152100004,
              10.320726061000016
            ],
            [
              123.92057516400018,
              10.320774658000062
            ],
            [
              123.92070577000015,
              10.320801995000124
            ],
            [
              123.92082726400008,
              10.320893115
            ],
            [
              123.92083637600012,
              10.321011571000042
            ],
            [
              123.92075133000003,
              10.3211604010001
            ],
            [
              123.92066922200013,
              10.321287702000063
            ],
            [
              123.92060070700006,
              10.321429626000054
            ],
            [
              123.92056645000002,
              10.321542186000158
            ],
            [
              123.92056155600028,
              10.32171836599997
            ],
            [
              123.92052729900001,
              10.32185539600016
            ],
            [
              123.92049793500007,
              10.321948380000038
            ],
            [
              123.92046857200023,
              10.322075622000057
            ],
            [
              123.92043920800029,
              10.322232227000143
            ],
            [
              123.92044410200003,
              10.322383937999973
            ],
            [
              123.92044899600023,
              10.32262373900005
            ],
            [
              123.92038537500002,
              10.322848858999976
            ],
            [
              123.92038048100017,
              10.323054403000128
            ],
            [
              123.92040984500011,
              10.323255053000025
            ],
            [
              123.9205126170001,
              10.32336761300013
            ],
            [
              123.92062517700015,
              10.323411658000111
            ],
            [
              123.92069369100011,
              10.32350953700012
            ],
            [
              123.92070837300014,
              10.323592733000112
            ],
            [
              123.92065454000021,
              10.323671036000064
            ],
            [
              123.92056155600028,
              10.323759126000084
            ],
            [
              123.92048325300016,
              10.323881474000075
            ],
            [
              123.9205126170001,
              10.323979352000038
            ],
            [
              123.92057623800008,
              10.324038079000161
            ],
            [
              123.92070837300014,
              10.324072336000086
            ],
            [
              123.92081114500024,
              10.324091912000085
            ],
            [
              123.92087476600011,
              10.324184896000133
            ],
            [
              123.92087476600011,
              10.324326819000078
            ],
            [
              123.92084050900019,
              10.324414909999973
            ],
            [
              123.92076220600006,
              10.32447363600005
            ],
            [
              123.92058602500026,
              10.324483424000164
            ],
            [
              123.92043431400009,
              10.324576409000144
            ],
            [
              123.92038048100017,
              10.324733014
            ],
            [
              123.92049793500007,
              10.324904300000185
            ],
            [
              123.92060560100015,
              10.325016860000062
            ],
            [
              123.9207768880002,
              10.32518814700012
            ],
            [
              123.92082582700004,
              10.325334964000092
            ],
            [
              123.92080625100004,
              10.325442630000111
            ],
            [
              123.92073284300034,
              10.325569872000187
            ],
            [
              123.92076710000003,
              10.325633493
            ],
            [
              123.92088455400005,
              10.325633493
            ],
            [
              123.92103626500023,
              10.325633493
            ],
            [
              123.921114568,
              10.325721583000188
            ],
            [
              123.921114568,
              10.325829249000037
            ],
            [
              123.92107052200015,
              10.325897764000104
            ],
            [
              123.92093349300023,
              10.32597606600001
            ],
            [
              123.92086008400008,
              10.326088626000114
            ],
            [
              123.92082093300019,
              10.326201186000162
            ],
            [
              123.92084050900019,
              10.326323533999982
            ],
            [
              123.92094817500004,
              10.32636757900002
            ],
            [
              123.92104605300017,
              10.326362685000106
            ],
            [
              123.9211830820002,
              10.326480139000068
            ],
            [
              123.92124670300007,
              10.32659759300003
            ],
            [
              123.92124670300007,
              10.326700365000022
            ],
            [
              123.92117818800011,
              10.326768879000156
            ],
            [
              123.921075416,
              10.326759092000145
            ],
            [
              123.92096285600007,
              10.326773773000014
            ],
            [
              123.92093349300023,
              10.326866758000165
            ],
            [
              123.92093349300023,
              10.32700378700008
            ],
            [
              123.92092370500018,
              10.327082090000033
            ]
          ]
        ]
      }
    },
    {
      "type": "Feature",
      "properties": {
        "adm4_name": "Malubog",
        "adm4_name1": null,
        "adm4_name2": null,
        "adm4_name3": null,
        "adm4_pcode": "PH0702217048",
        "adm3_name": "Cebu City (Capital)",
        "adm3_name1": null,
        "adm3_name2": null,
        "adm3_name3": null,
        "adm3_pcode": "PH0702217",
        "adm2_name": "Cebu",
        "adm2_name1": null,
        "adm2_name2": null,
        "adm2_name3": null,
        "adm2_pcode": "PH07022",
        "adm1_name": "Region VII (Central Visayas)",
        "adm1_name1": null,
        "adm1_name2": null,
        "adm1_name3": null,
        "adm1_pcode": "PH07",
        "adm0_name": "Philippines",
        "adm0_name1": null,
        "adm0_name2": null,
        "adm0_name3": null,
        "adm0_pcode": "PH",
        "valid_on": "2025-02-13",
        "valid_to": null,
        "area_sqkm": 8.55566013,
        "version": "v03",
        "lang": "en",
        "lang1": null,
        "lang2": null,
        "lang3": null,
        "adm4_ref_name": "Malubog",
        "center_lat": 10.38897092,
        "center_lon": 123.87358866
      },
      "geometry": {
        "type": "Polygon",
        "coordinates": [
          [
            [
              123.87975891300016,
              10.400530791000051
            ],
            [
              123.86477637700023,
              10.4050279060001
            ],
            [
              123.8646669650002,
              10.404709616000048
            ],
            [
              123.86458739300019,
              10.404162556000074
            ],
            [
              123.86462717900008,
              10.40397357200004
            ],
            [
              123.8647465380003,
              10.403784587000132
            ],
            [
              123.86476643100013,
              10.403575709999984
            ],
            [
              123.8646570190001,
              10.403346939000187
            ],
            [
              123.86419947700006,
              10.402789933000065
            ],
            [
              123.86417958400011,
              10.402581055000041
            ],
            [
              123.86417958400011,
              10.402382123999985
            ],
            [
              123.86400054700016,
              10.402063835000035
            ],
            [
              123.86371209700008,
              10.40168586600015
            ],
            [
              123.8631849300001,
              10.401238272000057
            ],
            [
              123.86310535700011,
              10.401009501000033
            ],
            [
              123.8630257850001,
              10.400492281000027
            ],
            [
              123.8629462130001,
              10.400353029000087
            ],
            [
              123.86276717500004,
              10.400243617000058
            ],
            [
              123.86201123700005,
              10.399825862000057
            ],
            [
              123.86172278700019,
              10.39969655700014
            ],
            [
              123.86142217000008,
              10.399644838000029
            ],
            [
              123.86043399600021,
              10.399411115000134
            ],
            [
              123.85896419400024,
              10.3989162580001
            ],
            [
              123.85874701900013,
              10.398843139
            ],
            [
              123.85856120000017,
              10.397719058000177
            ],
            [
              123.8586284280002,
              10.397613898000031
            ],
            [
              123.85897365700009,
              10.397077767000155
            ],
            [
              123.85905707600011,
              10.396500617000186
            ],
            [
              123.85927911100009,
              10.395961949000025
            ],
            [
              123.85945871500007,
              10.395712166000067
            ],
            [
              123.85949084800029,
              10.39543707700011
            ],
            [
              123.85922518900009,
              10.394759171000146
            ],
            [
              123.8590965950001,
              10.394319161000169
            ],
            [
              123.85864309900023,
              10.392770182000163
            ],
            [
              123.8581726870002,
              10.391632458000174
            ],
            [
              123.85810343600008,
              10.391464971000062
            ],
            [
              123.85778807600013,
              10.391070771000159
            ],
            [
              123.85770642400007,
              10.390593195000065
            ],
            [
              123.85791023500019,
              10.389968585000076
            ],
            [
              123.8578026020001,
              10.389195464000181
            ],
            [
              123.85792786400009,
              10.388746371000025
            ],
            [
              123.85783654500028,
              10.388217248000046
            ],
            [
              123.85701558900007,
              10.387558302000059
            ],
            [
              123.85658586500006,
              10.386865039000156
            ],
            [
              123.85677564600019,
              10.386849199000096
            ],
            [
              123.85694520900006,
              10.386939204000157
            ],
            [
              123.85712665100004,
              10.387027443000079
            ],
            [
              123.85724819300015,
              10.38692926900012
            ],
            [
              123.8571442360003,
              10.386444778000111
            ],
            [
              123.85727937800016,
              10.386121790000061
            ],
            [
              123.85766613800013,
              10.385447648000024
            ],
            [
              123.85898389800013,
              10.38340129
            ],
            [
              123.86110232600004,
              10.378728551
            ],
            [
              123.86385314600011,
              10.372660908000057
            ],
            [
              123.86728295500029,
              10.374674387000141
            ],
            [
              123.87003248500002,
              10.376262902000178
            ],
            [
              123.87071264400015,
              10.376744681000162
            ],
            [
              123.8713361230001,
              10.377906619000044
            ],
            [
              123.87275460900003,
              10.378218967000123
            ],
            [
              123.873632745,
              10.378412229000105
            ],
            [
              123.873739827,
              10.378408037000156
            ],
            [
              123.88025508700002,
              10.378156269000101
            ],
            [
              123.88359484600005,
              10.381589936000069
            ],
            [
              123.88697186100012,
              10.385541111000066
            ],
            [
              123.892154075,
              10.393136096000092
            ],
            [
              123.89319931500006,
              10.396435429000121
            ],
            [
              123.87975891300016,
              10.400530791000051
            ]
          ]
        ]
      }
    },
    {
      "type": "Feature",
      "properties": {
        "adm4_name": "Mambaling",
        "adm4_name1": null,
        "adm4_name2": null,
        "adm4_name3": null,
        "adm4_pcode": "PH0702217049",
        "adm3_name": "Cebu City (Capital)",
        "adm3_name1": null,
        "adm3_name2": null,
        "adm3_name3": null,
        "adm3_pcode": "PH0702217",
        "adm2_name": "Cebu",
        "adm2_name1": null,
        "adm2_name2": null,
        "adm2_name3": null,
        "adm2_pcode": "PH07022",
        "adm1_name": "Region VII (Central Visayas)",
        "adm1_name1": null,
        "adm1_name2": null,
        "adm1_name3": null,
        "adm1_pcode": "PH07",
        "adm0_name": "Philippines",
        "adm0_name1": null,
        "adm0_name2": null,
        "adm0_name3": null,
        "adm0_pcode": "PH",
        "valid_on": "2025-02-13",
        "valid_to": null,
        "area_sqkm": 1.24905686,
        "version": "v03",
        "lang": "en",
        "lang1": null,
        "lang2": null,
        "lang3": null,
        "adm4_ref_name": "Mambaling",
        "center_lat": 10.2874912,
        "center_lon": 123.88097886
      },
      "geometry": {
        "type": "Polygon",
        "coordinates": [
          [
            [
              123.88014373300018,
              10.29341331600017
            ],
            [
              123.87968286300008,
              10.294839650000029
            ],
            [
              123.87914718700017,
              10.294567653000172
            ],
            [
              123.87877989100014,
              10.294272549000084
            ],
            [
              123.87801701100011,
              10.293717998000147
            ],
            [
              123.87795900400033,
              10.293679455000074
            ],
            [
              123.87759077500016,
              10.293434883999964
            ],
            [
              123.8775257750001,
              10.293391719000056
            ],
            [
              123.87714604500013,
              10.29318970200012
            ],
            [
              123.87692582900002,
              10.293086807000066
            ],
            [
              123.87671041700014,
              10.292948624000076
            ],
            [
              123.87631914700012,
              10.292931818000113
            ],
            [
              123.87616823400015,
              10.292933506000054
            ],
            [
              123.87528457800022,
              10.292807155000162
            ],
            [
              123.8751793350001,
              10.292800064
            ],
            [
              123.87497350700016,
              10.292787029000124
            ],
            [
              123.87476529900016,
              10.292740915000024
            ],
            [
              123.8745624070001,
              10.292771872000174
            ],
            [
              123.87439831900019,
              10.29279613100016
            ],
            [
              123.87439970900027,
              10.292483483000012
            ],
            [
              123.87440125800015,
              10.292175930999974
            ],
            [
              123.87440180700014,
              10.291931268999974
            ],
            [
              123.87435995900023,
              10.291875471000026
            ],
            [
              123.87430365600005,
              10.291648390000148
            ],
            [
              123.87429258400005,
              10.291603913000074
            ],
            [
              123.87426969600006,
              10.29123096900014
            ],
            [
              123.87426870100012,
              10.29121223300018
            ],
            [
              123.8742621990001,
              10.29091654400014
            ],
            [
              123.8742591470002,
              10.29079667000019
            ],
            [
              123.87426616400012,
              10.290626506000137
            ],
            [
              123.87427726700014,
              10.290358839000078
            ],
            [
              123.87428780700009,
              10.290108841
            ],
            [
              123.87417598900004,
              10.290085661000035
            ],
            [
              123.87419724800009,
              10.289638911000054
            ],
            [
              123.87420149300021,
              10.289549117999968
            ],
            [
              123.87434899300001,
              10.289041208000071
            ],
            [
              123.8744030810002,
              10.288856589000147
            ],
            [
              123.87441493500012,
              10.288810787000102
            ],
            [
              123.87449152900001,
              10.288543349000179
            ],
            [
              123.87467397000012,
              10.287939887000164
            ],
            [
              123.87470671600022,
              10.287865039000167
            ],
            [
              123.87470671600022,
              10.287771479000071
            ],
            [
              123.87466461500003,
              10.287579682000114
            ],
            [
              123.87464507100015,
              10.28741828200009
            ],
            [
              123.87464122500023,
              10.287392562000093
            ],
            [
              123.87472542800015,
              10.287182052000048
            ],
            [
              123.87474083500013,
              10.28715198500015
            ],
            [
              123.87480808700013,
              10.287019929000053
            ],
            [
              123.87484705600025,
              10.286943474000054
            ],
            [
              123.87491546500019,
              10.286812558000065
            ],
            [
              123.87497298400001,
              10.28669994600017
            ],
            [
              123.87511838000012,
              10.28641485999998
            ],
            [
              123.87521585800005,
              10.286243533000118
            ],
            [
              123.87531709300015,
              10.286100084000054
            ],
            [
              123.87563291700019,
              10.285852147000071
            ],
            [
              123.87616382500005,
              10.285256881
            ],
            [
              123.87715005200005,
              10.284161644000108
            ],
            [
              123.87780863200032,
              10.285038156000155
            ],
            [
              123.87922245300001,
              10.283545030000028
            ],
            [
              123.8798552070001,
              10.282831487000067
            ],
            [
              123.88217057600014,
              10.280340532000139
            ],
            [
              123.8823301020002,
              10.280209060000061
            ],
            [
              123.88247314700004,
              10.280406826000103
            ],
            [
              123.88284494700008,
              10.280868909000048
            ],
            [
              123.88319484700003,
              10.28124537500014
            ],
            [
              123.883286827,
              10.281351186000052
            ],
            [
              123.88410460800026,
              10.28221979000017
            ],
            [
              123.88498250700002,
              10.283141766000085
            ],
            [
              123.88755898200009,
              10.285861896000085
            ],
            [
              123.88750979900021,
              10.286221341000044
            ],
            [
              123.8872919910001,
              10.287564111000165
            ],
            [
              123.88726388900011,
              10.287598672000058
            ],
            [
              123.88724047100015,
              10.287621713000135
            ],
            [
              123.88723110300009,
              10.287628624999968
            ],
            [
              123.8872070450002,
              10.287653218000173
            ],
            [
              123.88720139300005,
              10.28766434
            ],
            [
              123.88717501700023,
              10.28769770800011
            ],
            [
              123.88710154000012,
              10.287760731000049
            ],
            [
              123.88707704800004,
              10.28777741500005
            ],
            [
              123.8870356000001,
              10.287801511000055
            ],
            [
              123.88702618100001,
              10.287805219
            ],
            [
              123.88697908000006,
              10.28783117100005
            ],
            [
              123.88690937200033,
              10.287855266000179
            ],
            [
              123.88684154900011,
              10.287884924000139
            ],
            [
              123.88683212900003,
              10.287890486000038
            ],
            [
              123.88678126100012,
              10.287905314000056
            ],
            [
              123.8867454660001,
              10.287912728000151
            ],
            [
              123.88672097400001,
              10.287921996000023
            ],
            [
              123.88670967000019,
              10.28792384999997
            ],
            [
              123.88665315100002,
              10.287942385000179
            ],
            [
              123.88657025500004,
              10.287972043000138
            ],
            [
              123.88655706700001,
              10.287975749999987
            ],
            [
              123.8865514150001,
              10.287975749999987
            ],
            [
              123.88651979000008,
              10.287985019000132
            ],
            [
              123.88651413800017,
              10.287990578000176
            ],
            [
              123.88650095000014,
              10.288018384000168
            ],
            [
              123.88648587700004,
              10.288044335000109
            ],
            [
              123.8864595020001,
              10.288079554999968
            ],
            [
              123.88641616900009,
              10.288122189000148
            ],
            [
              123.88637472200014,
              10.288146284999982
            ],
            [
              123.88636530100018,
              10.28815370000018
            ],
            [
              123.88634457700005,
              10.288164821000123
            ],
            [
              123.8863332740001,
              10.288168530000178
            ],
            [
              123.88631254900008,
              10.28817965100012
            ],
            [
              123.88628240600019,
              10.28819077300011
            ],
            [
              123.88625226200031,
              10.288200040000106
            ],
            [
              123.88623342200003,
              10.288203747000125
            ],
            [
              123.88620139500028,
              10.288203746000022
            ],
            [
              123.88619197500009,
              10.28820560100013
            ],
            [
              123.88616428400019,
              10.28820477100004
            ],
            [
              123.88584103300013,
              10.288403453000114
            ],
            [
              123.88504669100018,
              10.288906246000067
            ],
            [
              123.88540903000023,
              10.28930643700005
            ],
            [
              123.88536567200015,
              10.289332665000131
            ],
            [
              123.88528653000003,
              10.289444112000183
            ],
            [
              123.88522015200022,
              10.28952769500006
            ],
            [
              123.88518255500003,
              10.28957504300007
            ],
            [
              123.885025659,
              10.289714077000042
            ],
            [
              123.88492932600013,
              10.289785083000083
            ],
            [
              123.88481887900014,
              10.28985231200005
            ],
            [
              123.88466041000004,
              10.289924343000052
            ],
            [
              123.88453555600006,
              10.289962759
            ],
            [
              123.8843818900001,
              10.289996374000054
            ],
            [
              123.88420421400019,
              10.29000117600009
            ],
            [
              123.88406015100009,
              10.29000117600009
            ],
            [
              123.88396146000014,
              10.290001239
            ],
            [
              123.88393049500019,
              10.29000117600009
            ],
            [
              123.88380084000016,
              10.289957957000126
            ],
            [
              123.88370479800005,
              10.289943551000022
            ],
            [
              123.88353672600022,
              10.289933947000122
            ],
            [
              123.88335904900009,
              10.289986770000155
            ],
            [
              123.88322459100004,
              10.290068405000056
            ],
            [
              123.88314775800018,
              10.290140436000058
            ],
            [
              123.88308411900016,
              10.290213620999964
            ],
            [
              123.88305171600018,
              10.290250884000159
            ],
            [
              123.88295087300014,
              10.29035172700003
            ],
            [
              123.88284042500004,
              10.290447768000092
            ],
            [
              123.88273478000008,
              10.290539008000167
            ],
            [
              123.8826243320002,
              10.290611039
            ],
            [
              123.88245626000014,
              10.290697476000162
            ],
            [
              123.88227378100021,
              10.290735893000033
            ],
            [
              123.8821297190002,
              10.290750298999967
            ],
            [
              123.8819520420002,
              10.290764705000129
            ],
            [
              123.8818277920002,
              10.29076726500017
            ],
            [
              123.8817311470001,
              10.290764705000129
            ],
            [
              123.88157748100002,
              10.290774309000028
            ],
            [
              123.88144782500012,
              10.290774309000028
            ],
            [
              123.88130376300023,
              10.290779111000063
            ],
            [
              123.88121252300016,
              10.290822329999969
            ],
            [
              123.88113088800003,
              10.290884757000072
            ],
            [
              123.88106846100015,
              10.290961590000165
            ],
            [
              123.88102524200019,
              10.291076840000073
            ],
            [
              123.88098202400022,
              10.291220902000134
            ],
            [
              123.88095801300005,
              10.291331350000178
            ],
            [
              123.88090519100012,
              10.291480214000046
            ],
            [
              123.88088120800023,
              10.291571256000168
            ],
            [
              123.88084678100006,
              10.291653685000142
            ],
            [
              123.88080109500004,
              10.29166381300007
            ],
            [
              123.8807842020002,
              10.2916735820001
            ],
            [
              123.88076808700032,
              10.291685972000039
            ],
            [
              123.88071884700003,
              10.291738707000036
            ],
            [
              123.88066515000003,
              10.291764061000038
            ],
            [
              123.88063114500005,
              10.29178840700007
            ],
            [
              123.88056854600006,
              10.2918253630001
            ],
            [
              123.88048389600021,
              10.29184387500004
            ],
            [
              123.8803943070003,
              10.29187602200011
            ],
            [
              123.88032994700018,
              10.291896500000064
            ],
            [
              123.88027826300015,
              10.291938432000165
            ],
            [
              123.88022670600003,
              10.29196975300016
            ],
            [
              123.88016111800016,
              10.292046841000172
            ],
            [
              123.88012692500001,
              10.292135497
            ],
            [
              123.88006939100012,
              10.292263276000028
            ],
            [
              123.8800132660001,
              10.292431808000117
            ],
            [
              123.88002464700014,
              10.29258378600008
            ],
            [
              123.88007602400035,
              10.292744370000037
            ],
            [
              123.88018985200017,
              10.292954101000078
            ],
            [
              123.88019538000015,
              10.29306288500004
            ],
            [
              123.88018692100002,
              10.293269044000112
            ],
            [
              123.88014373300018,
              10.29341331600017
            ]
          ]
        ]
      }
    },
    {
      "type": "Feature",
      "properties": {
        "adm4_name": "Pahina Central (Pob.)",
        "adm4_name1": null,
        "adm4_name2": null,
        "adm4_name3": null,
        "adm4_pcode": "PH0702217050",
        "adm3_name": "Cebu City (Capital)",
        "adm3_name1": null,
        "adm3_name2": null,
        "adm3_name3": null,
        "adm3_pcode": "PH0702217",
        "adm2_name": "Cebu",
        "adm2_name1": null,
        "adm2_name2": null,
        "adm2_name3": null,
        "adm2_pcode": "PH07022",
        "adm1_name": "Region VII (Central Visayas)",
        "adm1_name1": null,
        "adm1_name2": null,
        "adm1_name3": null,
        "adm1_pcode": "PH07",
        "adm0_name": "Philippines",
        "adm0_name1": null,
        "adm0_name2": null,
        "adm0_name3": null,
        "adm0_pcode": "PH",
        "valid_on": "2025-02-13",
        "valid_to": null,
        "area_sqkm": 0.25759844,
        "version": "v03",
        "lang": "en",
        "lang1": null,
        "lang2": null,
        "lang3": null,
        "adm4_ref_name": "Pahina Central (Pob.)",
        "center_lat": 10.29581073,
        "center_lon": 123.89445194
      },
      "geometry": {
        "type": "Polygon",
        "coordinates": [
          [
            [
              123.89562965000016,
              10.298737677000076
            ],
            [
              123.89553445900015,
              10.298907587000087
            ],
            [
              123.89525747700031,
              10.298762695000164
            ],
            [
              123.89483355800019,
              10.298673086000122
            ],
            [
              123.89437172800012,
              10.298621389
            ],
            [
              123.89383407500031,
              10.29854901300007
            ],
            [
              123.89330331500014,
              10.298486976
            ],
            [
              123.89284148500008,
              10.29843527800017
            ],
            [
              123.89243479900006,
              10.29834567000006
            ],
            [
              123.89206602400031,
              10.298221596000076
            ],
            [
              123.89176273300018,
              10.298087183000064
            ],
            [
              123.89152305800019,
              10.297971699000072
            ],
            [
              123.89133305600024,
              10.297876378000126
            ],
            [
              123.89119385200013,
              10.297808525999983
            ],
            [
              123.8909393350001,
              10.29768446900016
            ],
            [
              123.89048736300003,
              10.29752228700005
            ],
            [
              123.89014586400003,
              10.297453212000107
            ],
            [
              123.89006444000006,
              10.29744032299999
            ],
            [
              123.8899203650002,
              10.297417516000166
            ],
            [
              123.8896504390002,
              10.29737457300007
            ],
            [
              123.88957180000023,
              10.297364088
            ],
            [
              123.88961374000007,
              10.297269721000077
            ],
            [
              123.88988781900014,
              10.297072662000062
            ],
            [
              123.89028946600001,
              10.296795851000127
            ],
            [
              123.89064769100014,
              10.296595028000127
            ],
            [
              123.89094078500023,
              10.296448481000027
            ],
            [
              123.89120674000014,
              10.296361638
            ],
            [
              123.89160296000023,
              10.296247658000027
            ],
            [
              123.89185806000012,
              10.296160815000178
            ],
            [
              123.89192861900005,
              10.296090255000024
            ],
            [
              123.89299786900006,
              10.295531206000078
            ],
            [
              123.89325296900006,
              10.295346666000057
            ],
            [
              123.89348093000001,
              10.295129559000145
            ],
            [
              123.8938717220002,
              10.294630214000108
            ],
            [
              123.89394770900014,
              10.294461957000124
            ],
            [
              123.89403998000023,
              10.29421771200009
            ],
            [
              123.89441448800017,
              10.293723795000176
            ],
            [
              123.89475100300001,
              10.293338431000052
            ],
            [
              123.89495725400013,
              10.293186457000104
            ],
            [
              123.89510058200005,
              10.293075272000067
            ],
            [
              123.89523603900011,
              10.293107354000028
            ],
            [
              123.89544592100015,
              10.293131378000112
            ],
            [
              123.8956459750001,
              10.29314656500003
            ],
            [
              123.89628761200004,
              10.293289151000067
            ],
            [
              123.89659608300008,
              10.29337407200012
            ],
            [
              123.89705553600015,
              10.293469966000032
            ],
            [
              123.89681053700008,
              10.29437034700004
            ],
            [
              123.89654757300013,
              10.29541032200018
            ],
            [
              123.89604686800021,
              10.297285125000144
            ],
            [
              123.89580466900009,
              10.298069342000076
            ],
            [
              123.89562965000016,
              10.298737677000076
            ]
          ]
        ]
      }
    },
    {
      "type": "Feature",
      "properties": {
        "adm4_name": "Pahina San Nicolas",
        "adm4_name1": null,
        "adm4_name2": null,
        "adm4_name3": null,
        "adm4_pcode": "PH0702217051",
        "adm3_name": "Cebu City (Capital)",
        "adm3_name1": null,
        "adm3_name2": null,
        "adm3_name3": null,
        "adm3_pcode": "PH0702217",
        "adm2_name": "Cebu",
        "adm2_name1": null,
        "adm2_name2": null,
        "adm2_name3": null,
        "adm2_pcode": "PH07022",
        "adm1_name": "Region VII (Central Visayas)",
        "adm1_name1": null,
        "adm1_name2": null,
        "adm1_name3": null,
        "adm1_pcode": "PH07",
        "adm0_name": "Philippines",
        "adm0_name1": null,
        "adm0_name2": null,
        "adm0_name3": null,
        "adm0_pcode": "PH",
        "valid_on": "2025-02-13",
        "valid_to": null,
        "area_sqkm": 0.07540324,
        "version": "v03",
        "lang": "en",
        "lang1": null,
        "lang2": null,
        "lang3": null,
        "adm4_ref_name": "Pahina San Nicolas",
        "center_lat": 10.29433983,
        "center_lon": 123.89298046
      },
      "geometry": {
        "type": "Polygon",
        "coordinates": [
          [
            [
              123.89299786900006,
              10.295531206000078
            ],
            [
              123.89192861900005,
              10.296090255000024
            ],
            [
              123.89166291200002,
              10.2960081760001
            ],
            [
              123.89157693700008,
              10.295980881000048
            ],
            [
              123.89157889100011,
              10.295836381000186
            ],
            [
              123.89178315400022,
              10.295023136000111
            ],
            [
              123.89205303300002,
              10.294020501000034
            ],
            [
              123.89216279600032,
              10.293638423
            ],
            [
              123.89228879700022,
              10.293114883000044
            ],
            [
              123.89240809700016,
              10.292552075
            ],
            [
              123.89360138900008,
              10.292816904000176
            ],
            [
              123.89376358100003,
              10.292844611000078
            ],
            [
              123.89376891600034,
              10.292845476000082
            ],
            [
              123.89377439500004,
              10.292846486000144
            ],
            [
              123.89393245700012,
              10.292873662999966
            ],
            [
              123.89438591300018,
              10.292951010000081
            ],
            [
              123.89466515900017,
              10.2929987280001
            ],
            [
              123.89488644200026,
              10.293037308000123
            ],
            [
              123.8949581810001,
              10.293050632000131
            ],
            [
              123.89510058200005,
              10.293075272000067
            ],
            [
              123.89495725400013,
              10.293186457000104
            ],
            [
              123.89475100300001,
              10.293338431000052
            ],
            [
              123.89441448800017,
              10.293723795000176
            ],
            [
              123.89403998000023,
              10.29421771200009
            ],
            [
              123.89394770900014,
              10.294461957000124
            ],
            [
              123.8938717220002,
              10.294630214000108
            ],
            [
              123.89348093000001,
              10.295129559000145
            ],
            [
              123.89325296900006,
              10.295346666000057
            ],
            [
              123.89299786900006,
              10.295531206000078
            ]
          ]
        ]
      }
    },
    {
      "type": "Feature",
      "properties": {
        "adm4_name": "Pamutan",
        "adm4_name1": null,
        "adm4_name2": null,
        "adm4_name3": null,
        "adm4_pcode": "PH0702217052",
        "adm3_name": "Cebu City (Capital)",
        "adm3_name1": null,
        "adm3_name2": null,
        "adm3_name3": null,
        "adm3_pcode": "PH0702217",
        "adm2_name": "Cebu",
        "adm2_name1": null,
        "adm2_name2": null,
        "adm2_name3": null,
        "adm2_pcode": "PH07022",
        "adm1_name": "Region VII (Central Visayas)",
        "adm1_name1": null,
        "adm1_name2": null,
        "adm1_name3": null,
        "adm1_pcode": "PH07",
        "adm0_name": "Philippines",
        "adm0_name1": null,
        "adm0_name2": null,
        "adm0_name3": null,
        "adm0_pcode": "PH",
        "valid_on": "2025-02-13",
        "valid_to": null,
        "area_sqkm": 11.37517869,
        "version": "v03",
        "lang": "en",
        "lang1": null,
        "lang2": null,
        "lang3": null,
        "adm4_ref_name": "Pamutan",
        "center_lat": 10.34539303,
        "center_lon": 123.83518722
      },
      "geometry": {
        "type": "Polygon",
        "coordinates": [
          [
            [
              123.84342489100015,
              10.361596255
            ],
            [
              123.84047077800005,
              10.366180751000059
            ],
            [
              123.835526705,
              10.364799797000046
            ],
            [
              123.82750599600013,
              10.358471645000122
            ],
            [
              123.82259448800016,
              10.356478911000067
            ],
            [
              123.81980289700005,
              10.347385781000185
            ],
            [
              123.81769501800011,
              10.340519727000128
            ],
            [
              123.81754547700007,
              10.34003489700018
            ],
            [
              123.8198696640003,
              10.334963086000016
            ],
            [
              123.81999622700005,
              10.3346869020001
            ],
            [
              123.82017442800009,
              10.334300491000022
            ],
            [
              123.82101013000033,
              10.332486343000028
            ],
            [
              123.83188517300016,
              10.330806240000186
            ],
            [
              123.83244501800004,
              10.33071576400016
            ],
            [
              123.83439658700013,
              10.33040948700011
            ],
            [
              123.83718767700009,
              10.32598008399998
            ],
            [
              123.83726479600023,
              10.325860230000046
            ],
            [
              123.83803207000005,
              10.324643321000167
            ],
            [
              123.8388809170001,
              10.325270404000094
            ],
            [
              123.83903150100014,
              10.325388131000125
            ],
            [
              123.84086522200005,
              10.326759930000037
            ],
            [
              123.84151590700014,
              10.327246135000053
            ],
            [
              123.844634229,
              10.329575702000113
            ],
            [
              123.85279143800005,
              10.335669109000094
            ],
            [
              123.8533404860002,
              10.336082155000156
            ],
            [
              123.85423450000008,
              10.336747930000115
            ],
            [
              123.85185619800006,
              10.34340028600019
            ],
            [
              123.84823010200012,
              10.354139035000117
            ],
            [
              123.84342489100015,
              10.361596255
            ]
          ]
        ]
      }
    },
    {
      "type": "Feature",
      "properties": {
        "adm4_name": "Pardo (Pob.)",
        "adm4_name1": null,
        "adm4_name2": null,
        "adm4_name3": null,
        "adm4_pcode": "PH0702217053",
        "adm3_name": "Cebu City (Capital)",
        "adm3_name1": null,
        "adm3_name2": null,
        "adm3_name3": null,
        "adm3_pcode": "PH0702217",
        "adm2_name": "Cebu",
        "adm2_name1": null,
        "adm2_name2": null,
        "adm2_name3": null,
        "adm2_pcode": "PH07022",
        "adm1_name": "Region VII (Central Visayas)",
        "adm1_name1": null,
        "adm1_name2": null,
        "adm1_name3": null,
        "adm1_pcode": "PH07",
        "adm0_name": "Philippines",
        "adm0_name1": null,
        "adm0_name2": null,
        "adm0_name3": null,
        "adm0_pcode": "PH",
        "valid_on": "2025-02-13",
        "valid_to": null,
        "area_sqkm": 2.03465246,
        "version": "v03",
        "lang": "en",
        "lang1": null,
        "lang2": null,
        "lang3": null,
        "adm4_ref_name": "Pardo (Pob.)",
        "center_lat": 10.28961775,
        "center_lon": 123.8474571
      },
      "geometry": {
        "type": "Polygon",
        "coordinates": [
          [
            [
              123.84924619500009,
              10.290695715000084
            ],
            [
              123.84014531200012,
              10.305605777999972
            ],
            [
              123.83866974700004,
              10.304230652000058
            ],
            [
              123.83664069400004,
              10.303238153000109
            ],
            [
              123.8364150760001,
              10.303127824000114
            ],
            [
              123.83575491500005,
              10.30284334800001
            ],
            [
              123.83473497500006,
              10.302377395000121
            ],
            [
              123.83505430300022,
              10.301786276000144
            ],
            [
              123.8360688250001,
              10.299908125000115
            ],
            [
              123.83794205500021,
              10.296449173000042
            ],
            [
              123.83890093400021,
              10.294677917000058
            ],
            [
              123.83957772000008,
              10.29402827000007
            ],
            [
              123.84367690600016,
              10.290064220000147
            ],
            [
              123.8459808990001,
              10.289171271999976
            ],
            [
              123.84645555500026,
              10.288568853000129
            ],
            [
              123.84827305700003,
              10.286245839000117
            ],
            [
              123.84850588000018,
              10.28594648800015
            ],
            [
              123.84959524200008,
              10.284324691000165
            ],
            [
              123.85087186100009,
              10.282420725
            ],
            [
              123.8514738890002,
              10.280925503000105
            ],
            [
              123.85242743500021,
              10.279682488000049
            ],
            [
              123.85283342900004,
              10.279057864000038
            ],
            [
              123.85332838700015,
              10.27828875199998
            ],
            [
              123.85363909800003,
              10.277820121000047
            ],
            [
              123.85372201000007,
              10.277895495000053
            ],
            [
              123.85403802600001,
              10.277429269000038
            ],
            [
              123.85417705500004,
              10.277096592000134
            ],
            [
              123.85425207300023,
              10.276804587000015
            ],
            [
              123.85429697700022,
              10.276608458000055
            ],
            [
              123.85430928700009,
              10.276555463000022
            ],
            [
              123.85455142300009,
              10.275853010000105
            ],
            [
              123.85484162700016,
              10.275352782000084
            ],
            [
              123.85499346900008,
              10.275087810000173
            ],
            [
              123.85530806600025,
              10.27454273
            ],
            [
              123.85544021900012,
              10.274315414000057
            ],
            [
              123.85578160000034,
              10.274776129000088
            ],
            [
              123.8562017800001,
              10.275343721000127
            ],
            [
              123.85634194900013,
              10.275533267000185
            ],
            [
              123.85676385700003,
              10.276104310999983
            ],
            [
              123.85679973200001,
              10.276173649000043
            ],
            [
              123.85698201400021,
              10.276405920000173
            ],
            [
              123.85733840200021,
              10.276881246000073
            ],
            [
              123.85737024700006,
              10.277161354000157
            ],
            [
              123.8573828640001,
              10.277272329000027
            ],
            [
              123.85742823400017,
              10.277627543999984
            ],
            [
              123.85749115300018,
              10.278158673000178
            ],
            [
              123.85749826300002,
              10.278234679000036
            ],
            [
              123.85754014700012,
              10.278516099000058
            ],
            [
              123.85763211900007,
              10.279114865000054
            ],
            [
              123.85765310200009,
              10.279237395000052
            ],
            [
              123.85783084800005,
              10.280304749000095
            ],
            [
              123.85786913400023,
              10.280553505000057
            ],
            [
              123.85796237000011,
              10.281190697000056
            ],
            [
              123.8568653640001,
              10.281225735000078
            ],
            [
              123.85664249100012,
              10.281426633000024
            ],
            [
              123.85659222900006,
              10.281456030000072
            ],
            [
              123.85587912500011,
              10.282163348000154
            ],
            [
              123.85549098800016,
              10.282673123000109
            ],
            [
              123.85542964200022,
              10.282752386000027
            ],
            [
              123.85522699100022,
              10.283016243000077
            ],
            [
              123.85472612000024,
              10.28365589599997
            ],
            [
              123.85294694200013,
              10.285941527000034
            ],
            [
              123.84924619500009,
              10.290695715000084
            ]
          ]
        ]
      }
    },
    {
      "type": "Feature",
      "properties": {
        "adm4_name": "Pari-an",
        "adm4_name1": null,
        "adm4_name2": null,
        "adm4_name3": null,
        "adm4_pcode": "PH0702217054",
        "adm3_name": "Cebu City (Capital)",
        "adm3_name1": null,
        "adm3_name2": null,
        "adm3_name3": null,
        "adm3_pcode": "PH0702217",
        "adm2_name": "Cebu",
        "adm2_name1": null,
        "adm2_name2": null,
        "adm2_name3": null,
        "adm2_pcode": "PH07022",
        "adm1_name": "Region VII (Central Visayas)",
        "adm1_name1": null,
        "adm1_name2": null,
        "adm1_name3": null,
        "adm1_pcode": "PH07",
        "adm0_name": "Philippines",
        "adm0_name1": null,
        "adm0_name2": null,
        "adm0_name3": null,
        "adm0_pcode": "PH",
        "valid_on": "2025-02-13",
        "valid_to": null,
        "area_sqkm": 0.09730525,
        "version": "v03",
        "lang": "en",
        "lang1": null,
        "lang2": null,
        "lang3": null,
        "adm4_ref_name": "Pari-an",
        "center_lat": 10.29892978,
        "center_lon": 123.90200809
      },
      "geometry": {
        "type": "Polygon",
        "coordinates": [
          [
            [
              123.90382665500022,
              10.300284488000045
            ],
            [
              123.90314159200011,
              10.300407799000027
            ],
            [
              123.90307877200007,
              10.300407799000027
            ],
            [
              123.902564374,
              10.30038971100015
            ],
            [
              123.90246197900012,
              10.300387268
            ],
            [
              123.90215111200007,
              10.300319508000086
            ],
            [
              123.90154593700015,
              10.30014324900003
            ],
            [
              123.90167492500018,
              10.29967734500002
            ],
            [
              123.9017953440001,
              10.299226610000119
            ],
            [
              123.90139468100006,
              10.299184961000094
            ],
            [
              123.90103159700004,
              10.299160984000025
            ],
            [
              123.9008021420002,
              10.299103042000183
            ],
            [
              123.90069249100009,
              10.299075351000113
            ],
            [
              123.9003328330001,
              10.29898971800003
            ],
            [
              123.90001085300003,
              10.298869832000094
            ],
            [
              123.90018648200021,
              10.29853530700018
            ],
            [
              123.90019581700005,
              10.298517479000111
            ],
            [
              123.90026432600007,
              10.29838686300019
            ],
            [
              123.90032888200005,
              10.298255232000031
            ],
            [
              123.90042189100006,
              10.298064883000166
            ],
            [
              123.90055205300018,
              10.29783538700002
            ],
            [
              123.9006376860001,
              10.297602465000125
            ],
            [
              123.90211057200008,
              10.297766880000097
            ],
            [
              123.9021379740002,
              10.297420924000107
            ],
            [
              123.90215510100029,
              10.29734556700015
            ],
            [
              123.902206954,
              10.297348022000108
            ],
            [
              123.90244466100012,
              10.297402153000064
            ],
            [
              123.90274120700008,
              10.297458638000023
            ],
            [
              123.90308011600018,
              10.29750100200016
            ],
            [
              123.90338372300016,
              10.297541012000067
            ],
            [
              123.90374852100001,
              10.297606911000116
            ],
            [
              123.9038120670001,
              10.297623386000168
            ],
            [
              123.90380218900032,
              10.297709995000105
            ],
            [
              123.90375891200006,
              10.297970250000049
            ],
            [
              123.90373922000003,
              10.298191528000075
            ],
            [
              123.9037169820001,
              10.298444056
            ],
            [
              123.90380723200008,
              10.298774146000142
            ],
            [
              123.90386433300012,
              10.299013695000156
            ],
            [
              123.90392243800011,
              10.299496494000039
            ],
            [
              123.90387212200017,
              10.29989482700006
            ],
            [
              123.90382665500022,
              10.300284488000045
            ]
          ]
        ]
      }
    },
    {
      "type": "Feature",
      "properties": {
        "adm4_name": "Paril",
        "adm4_name1": null,
        "adm4_name2": null,
        "adm4_name3": null,
        "adm4_pcode": "PH0702217055",
        "adm3_name": "Cebu City (Capital)",
        "adm3_name1": null,
        "adm3_name2": null,
        "adm3_name3": null,
        "adm3_pcode": "PH0702217",
        "adm2_name": "Cebu",
        "adm2_name1": null,
        "adm2_name2": null,
        "adm2_name3": null,
        "adm2_pcode": "PH07022",
        "adm1_name": "Region VII (Central Visayas)",
        "adm1_name1": null,
        "adm1_name2": null,
        "adm1_name3": null,
        "adm1_pcode": "PH07",
        "adm0_name": "Philippines",
        "adm0_name1": null,
        "adm0_name2": null,
        "adm0_name3": null,
        "adm0_pcode": "PH",
        "valid_on": "2025-02-13",
        "valid_to": null,
        "area_sqkm": 3.22332821,
        "version": "v03",
        "lang": "en",
        "lang1": null,
        "lang2": null,
        "lang3": null,
        "adm4_ref_name": "Paril",
        "center_lat": 10.47454446,
        "center_lon": 123.91292151
      },
      "geometry": {
        "type": "Polygon",
        "coordinates": [
          [
            [
              123.91372234200003,
              10.485117247000062
            ],
            [
              123.91168239300009,
              10.485650218000046
            ],
            [
              123.90617143800011,
              10.482025055
            ],
            [
              123.90459105800016,
              10.480714496000019
            ],
            [
              123.90775803600002,
              10.468093010000075
            ],
            [
              123.90778152300004,
              10.467978040000162
            ],
            [
              123.90916858500009,
              10.46659356300006
            ],
            [
              123.91008678800029,
              10.465911660000074
            ],
            [
              123.91303526800004,
              10.463791895999975
            ],
            [
              123.91705250300015,
              10.465211725000131
            ],
            [
              123.9174521650001,
              10.465360436000083
            ],
            [
              123.91938950700023,
              10.4661043750001
            ],
            [
              123.91958133800006,
              10.46703416600019
            ],
            [
              123.9197293100002,
              10.467098502
            ],
            [
              123.92058663900013,
              10.467281913000022
            ],
            [
              123.92466289200001,
              10.466891
            ],
            [
              123.92498325500014,
              10.46983726700006
            ],
            [
              123.92521606100001,
              10.471264041000154
            ],
            [
              123.92520801300009,
              10.471628656
            ],
            [
              123.92511225800001,
              10.47204359400007
            ],
            [
              123.92509629900007,
              10.47255428700015
            ],
            [
              123.92495266700007,
              10.473144776000083
            ],
            [
              123.92481701400015,
              10.473424061000173
            ],
            [
              123.92436217800002,
              10.473599612000044
            ],
            [
              123.9238834030001,
              10.473599612000044
            ],
            [
              123.92358815900002,
              10.47348789800003
            ],
            [
              123.9227322720003,
              10.472697076000145
            ],
            [
              123.92148927400012,
              10.472655085000156
            ],
            [
              123.91998627900023,
              10.473296046000144
            ],
            [
              123.91971928300018,
              10.47415098800019
            ],
            [
              123.9196882870001,
              10.474937933000035
            ],
            [
              123.91968029300028,
              10.476280839000083
            ],
            [
              123.91912462900018,
              10.477573464000045
            ],
            [
              123.91855930700012,
              10.479030651000073
            ],
            [
              123.91816284000004,
              10.479556023000043
            ],
            [
              123.91372234200003,
              10.485117247000062
            ]
          ]
        ]
      }
    },
    {
      "type": "Feature",
      "properties": {
        "adm4_name": "Pasil",
        "adm4_name1": null,
        "adm4_name2": null,
        "adm4_name3": null,
        "adm4_pcode": "PH0702217056",
        "adm3_name": "Cebu City (Capital)",
        "adm3_name1": null,
        "adm3_name2": null,
        "adm3_name3": null,
        "adm3_pcode": "PH0702217",
        "adm2_name": "Cebu",
        "adm2_name1": null,
        "adm2_name2": null,
        "adm2_name3": null,
        "adm2_pcode": "PH07022",
        "adm1_name": "Region VII (Central Visayas)",
        "adm1_name1": null,
        "adm1_name2": null,
        "adm1_name3": null,
        "adm1_pcode": "PH07",
        "adm0_name": "Philippines",
        "adm0_name1": null,
        "adm0_name2": null,
        "adm0_name3": null,
        "adm0_pcode": "PH",
        "valid_on": "2025-02-13",
        "valid_to": null,
        "area_sqkm": 0.07995138,
        "version": "v03",
        "lang": "en",
        "lang1": null,
        "lang2": null,
        "lang3": null,
        "adm4_ref_name": "Pasil",
        "center_lat": 10.29118268,
        "center_lon": 123.89496268
      },
      "geometry": {
        "type": "Polygon",
        "coordinates": [
          [
            [
              123.89517043700005,
              10.292971126000168
            ],
            [
              123.89510058200005,
              10.293075272000067
            ],
            [
              123.8949581810001,
              10.293050632000131
            ],
            [
              123.89488644200026,
              10.293037308000123
            ],
            [
              123.89466515900017,
              10.2929987280001
            ],
            [
              123.89438591300018,
              10.292951010000081
            ],
            [
              123.89393245700012,
              10.292873662999966
            ],
            [
              123.8940250610001,
              10.292457859000024
            ],
            [
              123.89397758400003,
              10.292381130000024
            ],
            [
              123.89395819000003,
              10.292349463000164
            ],
            [
              123.89401587400005,
              10.292069488000152
            ],
            [
              123.89405569600012,
              10.291853887000173
            ],
            [
              123.89412238100022,
              10.291715987000146
            ],
            [
              123.89410925300001,
              10.291609624000102
            ],
            [
              123.89410722000014,
              10.291404804000024
            ],
            [
              123.89409297300006,
              10.29134560500006
            ],
            [
              123.89407341200001,
              10.291264448000163
            ],
            [
              123.89407796600017,
              10.291202203000068
            ],
            [
              123.89407836800001,
              10.291195119
            ],
            [
              123.89407704000007,
              10.291170245000103
            ],
            [
              123.89403118400003,
              10.291101828000023
            ],
            [
              123.89400914300006,
              10.291020993000188
            ],
            [
              123.89399165600014,
              10.290971620999983
            ],
            [
              123.89396636800018,
              10.290846472000055
            ],
            [
              123.89388044900011,
              10.29016470900001
            ],
            [
              123.89387227200007,
              10.290079303000084
            ],
            [
              123.8938552970003,
              10.289864285000021
            ],
            [
              123.89384963800012,
              10.289700193000158
            ],
            [
              123.89390056400009,
              10.289519125000083
            ],
            [
              123.89399484400008,
              10.289377704
            ],
            [
              123.89399669400018,
              10.289381751000064
            ],
            [
              123.89401808400021,
              10.289396485000054
            ],
            [
              123.89403091800023,
              10.289409111000055
            ],
            [
              123.89404803000002,
              10.289430157000027
            ],
            [
              123.89405658700025,
              10.289434367000183
            ],
            [
              123.89406514200016,
              10.289442786000052
            ],
            [
              123.8940908100002,
              10.289459623000141
            ],
            [
              123.8941057830001,
              10.289472250000188
            ],
            [
              123.89413358900003,
              10.289480669999989
            ],
            [
              123.89419134200011,
              10.289510133000022
            ],
            [
              123.89421701000015,
              10.28951855300005
            ],
            [
              123.89425765200008,
              10.289524867000011
            ],
            [
              123.89431112600005,
              10.289524868000115
            ],
            [
              123.89433037700019,
              10.289526971000043
            ],
            [
              123.89434748900021,
              10.289531182000076
            ],
            [
              123.89438385300002,
              10.289531182000076
            ],
            [
              123.89439882500017,
              10.28952697200009
            ],
            [
              123.89445444000023,
              10.289520659
            ],
            [
              123.89448866400005,
              10.289518554000097
            ],
            [
              123.89450149800007,
              10.289514346000146
            ],
            [
              123.8945207490001,
              10.289512240000136
            ],
            [
              123.89454427800001,
              10.289518554000097
            ],
            [
              123.89455925100015,
              10.28951855500003
            ],
            [
              123.89460844800021,
              10.289512241000068
            ],
            [
              123.89462769900013,
              10.289505928000153
            ],
            [
              123.89466620100006,
              10.289501718000167
            ],
            [
              123.89468973000032,
              10.289491195999972
            ],
            [
              123.89470470300023,
              10.289489092000167
            ],
            [
              123.89471325900001,
              10.289484883000114
            ],
            [
              123.89473464900004,
              10.289478569000096
            ],
            [
              123.89476887300009,
              10.289474360000042
            ],
            [
              123.89480737500003,
              10.289455418000045
            ],
            [
              123.89481807000016,
              10.289455418000045
            ],
            [
              123.8948458770002,
              10.289459628000031
            ],
            [
              123.89487796300023,
              10.289455419000149
            ],
            [
              123.89488224200011,
              10.289444896000077
            ],
            [
              123.89488224200011,
              10.289425955000183
            ],
            [
              123.89487796300023,
              10.289409118000151
            ],
            [
              123.89488224200011,
              10.28939438600014
            ],
            [
              123.89489293600013,
              10.289388072000179
            ],
            [
              123.89491004900003,
              10.289388072000179
            ],
            [
              123.89493571600008,
              10.289381758000161
            ],
            [
              123.89496397800008,
              10.289383119000036
            ],
            [
              123.89497628800007,
              10.289380598000093
            ],
            [
              123.89499615800014,
              10.289383531000055
            ],
            [
              123.89500460300019,
              10.289387931000078
            ],
            [
              123.89501255200003,
              10.28940015000012
            ],
            [
              123.8950185120002,
              10.289406014000065
            ],
            [
              123.89502447300003,
              10.28941041400003
            ],
            [
              123.89503242100022,
              10.289412369000104
            ],
            [
              123.89505427900008,
              10.289410903000032
            ],
            [
              123.89507315600008,
              10.28940650300018
            ],
            [
              123.89508309100006,
              10.289407970000013
            ],
            [
              123.89510047800002,
              10.289405037000051
            ],
            [
              123.895114884,
              10.289406016000044
            ],
            [
              123.89512879300003,
              10.289403572000026
            ],
            [
              123.89513832800014,
              10.289406715000041
            ],
            [
              123.89515218500014,
              10.289402170000074
            ],
            [
              123.89518913800009,
              10.289395354000078
            ],
            [
              123.89520068600018,
              10.289390810000043
            ],
            [
              123.89523532900012,
              10.289390811000146
            ],
            [
              123.8952722810003,
              10.289393085000142
            ],
            [
              123.89530692500011,
              10.28938626900009
            ],
            [
              123.89538143700008,
              10.289368281
            ],
            [
              123.89541608100012,
              10.289356920000046
            ],
            [
              123.89544148600021,
              10.289352377000114
            ],
            [
              123.89548767700023,
              10.289352378000046
            ],
            [
              123.89551077300018,
              10.289345562
            ],
            [
              123.89553617800004,
              10.289341017000083
            ],
            [
              123.89562394000018,
              10.289341019000062
            ],
            [
              123.89564703600013,
              10.289345565000133
            ],
            [
              123.89568860700012,
              10.289350111000147
            ],
            [
              123.89571401200021,
              10.289350112000022
            ],
            [
              123.89573941700007,
              10.289352386000076
            ],
            [
              123.895801774,
              10.289352388000054
            ],
            [
              123.89585951300023,
              10.289345572
            ],
            [
              123.89591956100003,
              10.289347847000101
            ],
            [
              123.89594034700019,
              10.289345574000038
            ],
            [
              123.89597499000013,
              10.289338758000156
            ],
            [
              123.89600039500033,
              10.28933194200016
            ],
            [
              123.89601194200009,
              10.28933194200016
            ],
            [
              123.8960419660001,
              10.289343305000102
            ],
            [
              123.89608815700012,
              10.289347851000116
            ],
            [
              123.89611587100012,
              10.289347852000049
            ],
            [
              123.89612741900021,
              10.289345581000134
            ],
            [
              123.89614820600002,
              10.28933194700005
            ],
            [
              123.89617822900016,
              10.289320586000088
            ],
            [
              123.89624289700032,
              10.289302409000072
            ],
            [
              123.89626599200005,
              10.289300138000158
            ],
            [
              123.89631911100003,
              10.28930013900009
            ],
            [
              123.89633758700018,
              10.289304685000104
            ],
            [
              123.8963560630001,
              10.28931604700017
            ],
            [
              123.89636299200004,
              10.289325136000116
            ],
            [
              123.89636761000008,
              10.28933422700004
            ],
            [
              123.8963699200001,
              10.28934331500011
            ],
            [
              123.89637684800016,
              10.289345589000106
            ],
            [
              123.89639412000031,
              10.289343700000018
            ],
            [
              123.8961762370003,
              10.290215235000119
            ],
            [
              123.89608095500012,
              10.290510833000042
            ],
            [
              123.8960343880002,
              10.29065496700008
            ],
            [
              123.89590802300017,
              10.29104669600008
            ],
            [
              123.8958664050001,
              10.291138421000142
            ],
            [
              123.89583426500008,
              10.291214329000184
            ],
            [
              123.89573157400002,
              10.291488170000036
            ],
            [
              123.895713569,
              10.291536184999984
            ],
            [
              123.8954453550001,
              10.292267065999965
            ],
            [
              123.89532465900004,
              10.292615744000045
            ],
            [
              123.89517043700005,
              10.292971126000168
            ]
          ]
        ]
      }
    },
    {
      "type": "Feature",
      "properties": {
        "adm4_name": "Pit-os",
        "adm4_name1": null,
        "adm4_name2": null,
        "adm4_name3": null,
        "adm4_pcode": "PH0702217057",
        "adm3_name": "Cebu City (Capital)",
        "adm3_name1": null,
        "adm3_name2": null,
        "adm3_name3": null,
        "adm3_pcode": "PH0702217",
        "adm2_name": "Cebu",
        "adm2_name1": null,
        "adm2_name2": null,
        "adm2_name3": null,
        "adm2_pcode": "PH07022",
        "adm1_name": "Region VII (Central Visayas)",
        "adm1_name1": null,
        "adm1_name2": null,
        "adm1_name3": null,
        "adm1_pcode": "PH07",
        "adm0_name": "Philippines",
        "adm0_name1": null,
        "adm0_name2": null,
        "adm0_name3": null,
        "adm0_pcode": "PH",
        "valid_on": "2025-02-13",
        "valid_to": null,
        "area_sqkm": 1.65356755,
        "version": "v03",
        "lang": "en",
        "lang1": null,
        "lang2": null,
        "lang3": null,
        "adm4_ref_name": "Pit-os",
        "center_lat": 10.40010916,
        "center_lon": 123.92072508
      },
      "geometry": {
        "type": "Polygon",
        "coordinates": [
          [
            [
              123.92247203400007,
              10.407533594000085
            ],
            [
              123.92341573400006,
              10.410396202000186
            ],
            [
              123.92070321500023,
              10.409677222000028
            ],
            [
              123.92009736400007,
              10.409387325000068
            ],
            [
              123.91857164400017,
              10.408700731000124
            ],
            [
              123.91843155800007,
              10.408778024000014
            ],
            [
              123.91826840700003,
              10.408577337000054
            ],
            [
              123.9180184180002,
              10.408499597000173
            ],
            [
              123.9176760910002,
              10.408602545000178
            ],
            [
              123.91736493600013,
              10.408676122000145
            ],
            [
              123.91703977800023,
              10.408627218000163
            ],
            [
              123.91649584200002,
              10.407905076000077
            ],
            [
              123.91621413600012,
              10.407471839000038
            ],
            [
              123.9161530590003,
              10.407260685000153
            ],
            [
              123.916181649,
              10.407131064
            ],
            [
              123.9161862110002,
              10.406901143000084
            ],
            [
              123.91614073800008,
              10.406857184999978
            ],
            [
              123.91609526400009,
              10.406808680000154
            ],
            [
              123.9160513060001,
              10.406796554000039
            ],
            [
              123.91594368500023,
              10.40684960599998
            ],
            [
              123.91563294900004,
              10.407248258000095
            ],
            [
              123.91551623300006,
              10.407437731000073
            ],
            [
              123.91542831800007,
              10.4076378150001
            ],
            [
              123.91538683500016,
              10.40775744900003
            ],
            [
              123.91535737700019,
              10.407920810000178
            ],
            [
              123.91528701300001,
              10.408046364000086
            ],
            [
              123.91529125300008,
              10.408215960000064
            ],
            [
              123.91530397300005,
              10.40835587700019
            ],
            [
              123.91534637200004,
              10.40853819299997
            ],
            [
              123.91531245300007,
              10.408695069000032
            ],
            [
              123.91512589700005,
              10.408754427000133
            ],
            [
              123.91500718000009,
              10.408720508000044
            ],
            [
              123.91490542200006,
              10.408622991000072
            ],
            [
              123.91486726300013,
              10.408474594000154
            ],
            [
              123.91483334400004,
              10.408288037999966
            ],
            [
              123.91477398500024,
              10.408135402000141
            ],
            [
              123.9146236380002,
              10.408034327000053
            ],
            [
              123.91453266700034,
              10.408032673000093
            ],
            [
              123.91445492900016,
              10.408054175000075
            ],
            [
              123.91414066600032,
              10.408184841999969
            ],
            [
              123.9140811210001,
              10.408196420000024
            ],
            [
              123.9140083450003,
              10.408184841999969
            ],
            [
              123.91396203200009,
              10.408148454000184
            ],
            [
              123.91393226000014,
              10.408052521000116
            ],
            [
              123.91395541600014,
              10.407976436000126
            ],
            [
              123.91412412600005,
              10.407670444000075
            ],
            [
              123.91415224400009,
              10.407597667000175
            ],
            [
              123.91415886000004,
              10.407544739000059
            ],
            [
              123.91415886000004,
              10.407488502000092
            ],
            [
              123.91413239600001,
              10.407248670000172
            ],
            [
              123.91409104500008,
              10.40721228200016
            ],
            [
              123.91355349100002,
              10.407192433000034
            ],
            [
              123.91338808900014,
              10.40718085500015
            ],
            [
              123.91333185300016,
              10.40717754700006
            ],
            [
              123.91328057800001,
              10.407164314999989
            ],
            [
              123.91321607200007,
              10.407122965000156
            ],
            [
              123.91318464500023,
              10.407079960000033
            ],
            [
              123.91318960700005,
              10.407003876000147
            ],
            [
              123.91323757400005,
              10.406906289000176
            ],
            [
              123.91330869600006,
              10.406866593000075
            ],
            [
              123.91344763400002,
              10.406818626000074
            ],
            [
              123.91356383100015,
              10.406748950000178
            ],
            [
              123.91360978000012,
              10.406704838999985
            ],
            [
              123.91363918800005,
              10.406642348000048
            ],
            [
              123.91368329900001,
              10.40649347100009
            ],
            [
              123.91371638300018,
              10.406331729000044
            ],
            [
              123.91373292500009,
              10.406236154000055
            ],
            [
              123.91375498100012,
              10.406067060000055
            ],
            [
              123.9137421150001,
              10.40595494400003
            ],
            [
              123.91370351700016,
              10.405885101000024
            ],
            [
              123.91360426600022,
              10.405800554000052
            ],
            [
              123.91346090400009,
              10.405747252000083
            ],
            [
              123.91332673200009,
              10.40571968300003
            ],
            [
              123.91308595600015,
              10.405732548000117
            ],
            [
              123.91273866900008,
              10.4057734860001
            ],
            [
              123.91239541800019,
              10.40575666000018
            ],
            [
              123.91228100100022,
              10.405738152000026
            ],
            [
              123.91214975800006,
              10.405706182000074
            ],
            [
              123.91196972000012,
              10.405630465000115
            ],
            [
              123.91184352400012,
              10.40552109600003
            ],
            [
              123.91176275900011,
              10.40543191800009
            ],
            [
              123.91170555100007,
              10.405330962000107
            ],
            [
              123.91163488100005,
              10.405014632000018
            ],
            [
              123.9116347270002,
              10.404966829000102
            ],
            [
              123.91166012000008,
              10.404888437000182
            ],
            [
              123.91172910700004,
              10.404822815000045
            ],
            [
              123.91196298900002,
              10.404632681000123
            ],
            [
              123.91292712100005,
              10.403924305000146
            ],
            [
              123.91317109900012,
              10.403729123000176
            ],
            [
              123.91321484600007,
              10.403687058000173
            ],
            [
              123.91327373700005,
              10.403579371000035
            ],
            [
              123.91334499200002,
              10.403478376000123
            ],
            [
              123.91342627100028,
              10.403436833000171
            ],
            [
              123.91350393800008,
              10.403415159000133
            ],
            [
              123.91359786000021,
              10.403429608000181
            ],
            [
              123.91363217800017,
              10.403453089000095
            ],
            [
              123.91365927100003,
              10.403501856000105
            ],
            [
              123.91367552700012,
              10.403543399000057
            ],
            [
              123.91372248800019,
              10.403584941000133
            ],
            [
              123.91375680600004,
              10.403586748
            ],
            [
              123.9138091860001,
              10.403579523000076
            ],
            [
              123.91385975900005,
              10.403556042000162
            ],
            [
              123.9139247820001,
              10.403516306000085
            ],
            [
              123.91397716200015,
              10.403462120000029
            ],
            [
              123.91403857300031,
              10.403397097000038
            ],
            [
              123.91408553400004,
              10.403335686000048
            ],
            [
              123.9141324950001,
              10.403258019000077
            ],
            [
              123.9142498980001,
              10.40301598800005
            ],
            [
              123.91437452600019,
              10.40268003500006
            ],
            [
              123.91450818500027,
              10.402136369
            ],
            [
              123.91458743000021,
              10.401962106999974
            ],
            [
              123.91460438900003,
              10.401830670000038
            ],
            [
              123.91458743000021,
              10.401635635000162
            ],
            [
              123.91444327300007,
              10.401550837000059
            ],
            [
              123.91426095800011,
              10.401449078999974
            ],
            [
              123.91398960400011,
              10.401326122000057
            ],
            [
              123.91393448500003,
              10.401173486
            ],
            [
              123.91390480600035,
              10.400999650000188
            ],
            [
              123.91376912900023,
              10.400897892000103
            ],
            [
              123.91371578000019,
              10.40078887900006
            ],
            [
              123.91381595700022,
              10.40080429
            ],
            [
              123.91408566300015,
              10.40078887900006
            ],
            [
              123.9144401330002,
              10.400781173000155
            ],
            [
              123.91474451500028,
              10.400754202000144
            ],
            [
              123.91514907400006,
              10.400727231000133
            ],
            [
              123.91543804500009,
              10.400711820000026
            ],
            [
              123.91561528000011,
              10.400677143000053
            ],
            [
              123.91590039800008,
              10.400549996000109
            ],
            [
              123.91689060300007,
              10.400222496000026
            ],
            [
              123.91724176000002,
              10.400127105000024
            ],
            [
              123.91746431700005,
              10.400091209000095
            ],
            [
              123.91764738800009,
              10.400067877000083
            ],
            [
              123.91779815300004,
              10.40003736500006
            ],
            [
              123.91791840500002,
              10.400008648000096
            ],
            [
              123.91817326900014,
              10.399924291000104
            ],
            [
              123.91823070300006,
              10.399893780000184
            ],
            [
              123.91827557300007,
              10.399859678000041
            ],
            [
              123.91831326400006,
              10.399829166000188
            ],
            [
              123.91833839200001,
              10.399793270000032
            ],
            [
              123.91837069800022,
              10.399739426
            ],
            [
              123.91837608300023,
              10.39969635
            ],
            [
              123.9183689030001,
              10.39964250600002
            ],
            [
              123.91830608500027,
              10.399533022000185
            ],
            [
              123.91826659900005,
              10.399470204000124
            ],
            [
              123.9181607050001,
              10.39930328600019
            ],
            [
              123.9180637850003,
              10.399168675000112
            ],
            [
              123.91797904900022,
              10.399025651000045
            ],
            [
              123.91785034200018,
              10.398831630000075
            ],
            [
              123.91782825100017,
              10.39881146000016
            ],
            [
              123.91780231700034,
              10.39878936800011
            ],
            [
              123.91777350200005,
              10.398766316000149
            ],
            [
              123.91774468700021,
              10.398736541000062
            ],
            [
              123.91772739800012,
              10.398711568000067
            ],
            [
              123.91770434600016,
              10.398678911000104
            ],
            [
              123.9176784130002,
              10.398628004000102
            ],
            [
              123.91764959800003,
              10.39857901900001
            ],
            [
              123.91762366400008,
              10.398525231000178
            ],
            [
              123.9175871650001,
              10.39842918100004
            ],
            [
              123.91758236300007,
              10.398381156000085
            ],
            [
              123.91757948100019,
              10.39835330200009
            ],
            [
              123.91757563900023,
              10.398318724000092
            ],
            [
              123.91756603400006,
              10.398282225000173
            ],
            [
              123.91754970600016,
              10.39825052800012
            ],
            [
              123.91751801000021,
              10.398199622000163
            ],
            [
              123.91745269600005,
              10.398094927000102
            ],
            [
              123.91742292000015,
              10.398054586000057
            ],
            [
              123.91738450000014,
              10.39802000800006
            ],
            [
              123.91734512000005,
              10.397989272000189
            ],
            [
              123.91729805500017,
              10.397954694000134
            ],
            [
              123.91724618800004,
              10.397922998000183
            ],
            [
              123.91721257100005,
              10.397906669000179
            ],
            [
              123.91718951900009,
              10.39789322200005
            ],
            [
              123.91717223000012,
              10.397874973000057
            ],
            [
              123.91715974300007,
              10.397856724
            ],
            [
              123.91715013800012,
              10.397840395
            ],
            [
              123.91713957300021,
              10.397811580000052
            ],
            [
              123.91712324400021,
              10.39777892300009
            ],
            [
              123.91711171800011,
              10.397743385000183
            ],
            [
              123.91705793000017,
              10.397595468000077
            ],
            [
              123.91704256200012,
              10.39756953400007
            ],
            [
              123.91702431300007,
              10.397539758999983
            ],
            [
              123.91697340700011,
              10.397480208000161
            ],
            [
              123.91676786000028,
              10.397246807000101
            ],
            [
              123.91668081200021,
              10.397177963000104
            ],
            [
              123.91664651300027,
              10.39714461699998
            ],
            [
              123.9166343500001,
              10.39713634900005
            ],
            [
              123.91662490100009,
              10.397129261000146
            ],
            [
              123.91654886600008,
              10.39711041600009
            ],
            [
              123.91644916100029,
              10.397087175000024
            ],
            [
              123.91642584300018,
              10.397081487000094
            ],
            [
              123.91640536800014,
              10.397068975000138
            ],
            [
              123.91639115000021,
              10.397054188000084
            ],
            [
              123.91637693200005,
              10.397035420000122
            ],
            [
              123.91636555700029,
              10.397012669999981
            ],
            [
              123.91633598300018,
              10.396923379000157
            ],
            [
              123.91630697700009,
              10.396846031000166
            ],
            [
              123.91627455900004,
              10.396770389000096
            ],
            [
              123.91624839700023,
              10.396711240000116
            ],
            [
              123.9162008310002,
              10.396552471
            ],
            [
              123.91619274900006,
              10.39650801800019
            ],
            [
              123.91618870800016,
              10.396458176000124
            ],
            [
              123.91618466700004,
              10.396419111
            ],
            [
              123.91618197200012,
              10.396380046000047
            ],
            [
              123.91618601400012,
              10.396350411000185
            ],
            [
              123.91618870800016,
              10.396314040000107
            ],
            [
              123.9162008310002,
              10.396277669000028
            ],
            [
              123.91621564900015,
              10.39624129800012
            ],
            [
              123.91623854900013,
              10.396215704000156
            ],
            [
              123.91625606100013,
              10.396202233
            ],
            [
              123.91640019800002,
              10.396089079000035
            ],
            [
              123.91656184600015,
              10.395988049000039
            ],
            [
              123.91662111700009,
              10.395963802000097
            ],
            [
              123.91666422300011,
              10.395953024999983
            ],
            [
              123.91670059400008,
              10.39594629000004
            ],
            [
              123.91675986500002,
              10.39594629000004
            ],
            [
              123.91679084800023,
              10.395944943000018
            ],
            [
              123.91683395400003,
              10.39594090200012
            ],
            [
              123.91687301900004,
              10.395938207000029
            ],
            [
              123.91693363700006,
              10.395928778000041
            ],
            [
              123.91699156100003,
              10.39590857200011
            ],
            [
              123.91720978600006,
              10.395771171000035
            ],
            [
              123.91732024600014,
              10.39570381699997
            ],
            [
              123.91741184600005,
              10.39564724100012
            ],
            [
              123.91747246500006,
              10.395597399000053
            ],
            [
              123.91756675900001,
              10.39550849200009
            ],
            [
              123.91757768900004,
              10.39549501800019
            ],
            [
              123.91758292400004,
              10.395482898000068
            ],
            [
              123.91758831200013,
              10.395466733000092
            ],
            [
              123.91758561800009,
              10.395443833000115
            ],
            [
              123.91757960600012,
              10.395424566000031
            ],
            [
              123.9175721480002,
              10.395406115000014
            ],
            [
              123.91756137100015,
              10.395372437999981
            ],
            [
              123.9175465530003,
              10.39531990300003
            ],
            [
              123.91754116500022,
              10.39525659000003
            ],
            [
              123.91754251200007,
              10.395228301999964
            ],
            [
              123.91754924700001,
              10.39520270800017
            ],
            [
              123.91755598300006,
              10.39518519600017
            ],
            [
              123.91758023000034,
              10.395150172000115
            ],
            [
              123.91758823300006,
              10.395133170000122
            ],
            [
              123.91759504800018,
              10.395113801000036
            ],
            [
              123.91759733900005,
              10.395091953000133
            ],
            [
              123.91759504800018,
              10.395074736000083
            ],
            [
              123.91759302600019,
              10.395057445000134
            ],
            [
              123.91758696500028,
              10.395034324000108
            ],
            [
              123.9175772100001,
              10.395016228000031
            ],
            [
              123.9175586770001,
              10.394991218000087
            ],
            [
              123.91751961200009,
              10.394942723000042
            ],
            [
              123.91745630000003,
              10.394856511000057
            ],
            [
              123.91733580400023,
              10.394693078000103
            ],
            [
              123.91732012000011,
              10.394669552000096
            ],
            [
              123.91730639600007,
              10.394636223000134
            ],
            [
              123.9172946330001,
              10.394604855000182
            ],
            [
              123.91728090900006,
              10.394559763000188
            ],
            [
              123.91727404700032,
              10.394521533000045
            ],
            [
              123.91727012600006,
              10.394465658000115
            ],
            [
              123.91726032400004,
              10.39428038900013
            ],
            [
              123.91724212200006,
              10.393724247000137
            ],
            [
              123.91724464000015,
              10.393703997000046
            ],
            [
              123.917254436,
              10.393673965000062
            ],
            [
              123.91726572400012,
              10.393651390000059
            ],
            [
              123.91727535600035,
              10.393636754000113
            ],
            [
              123.91729650900004,
              10.393607265000071
            ],
            [
              123.91731395300008,
              10.393581611000059
            ],
            [
              123.9173283560001,
              10.393568610000159
            ],
            [
              123.91735089500014,
              10.39355082600008
            ],
            [
              123.91738270600001,
              10.393531328999984
            ],
            [
              123.91740407100008,
              10.393523182000138
            ],
            [
              123.91742991000001,
              10.393512858000179
            ],
            [
              123.91747506100012,
              10.393499518000112
            ],
            [
              123.91760948800015,
              10.39345334
            ],
            [
              123.91764027300007,
              10.393434869000032
            ],
            [
              123.91778906700017,
              10.393364064000082
            ],
            [
              123.91789681400007,
              10.393303520000075
            ],
            [
              123.91793375600014,
              10.39326965700019
            ],
            [
              123.91797890700002,
              10.393214244000148
            ],
            [
              123.91810048100001,
              10.392925335000143
            ],
            [
              123.91815677800014,
              10.392763480000156
            ],
            [
              123.91817507500014,
              10.392712812000013
            ],
            [
              123.91819618700004,
              10.39268888600003
            ],
            [
              123.91823418700005,
              10.392666367
            ],
            [
              123.91835100500009,
              10.39260584699997
            ],
            [
              123.91845093300003,
              10.392556587000172
            ],
            [
              123.9185311560002,
              10.392521401000124
            ],
            [
              123.91857619400002,
              10.3925073260001
            ],
            [
              123.91862967700001,
              10.39250310400007
            ],
            [
              123.91869019700005,
              10.392505919000087
            ],
            [
              123.91898575800008,
              10.392534067999975
            ],
            [
              123.91907570000012,
              10.392555140000127
            ],
            [
              123.91914093500009,
              10.392569784000102
            ],
            [
              123.91919551900014,
              10.392579104000163
            ],
            [
              123.91928205400029,
              10.392587092000099
            ],
            [
              123.91934595700002,
              10.39258842300012
            ],
            [
              123.91949639600011,
              10.392593748000138
            ],
            [
              123.91959091900003,
              10.39258842300012
            ],
            [
              123.91961754600015,
              10.39258442900018
            ],
            [
              123.91963751500009,
              10.392577772000038
            ],
            [
              123.91965349100008,
              10.392561797000042
            ],
            [
              123.91966547300012,
              10.392533839000066
            ],
            [
              123.9196721290001,
              10.392500556000073
            ],
            [
              123.91969209900003,
              10.39244597200019
            ],
            [
              123.91972804500017,
              10.392391388000078
            ],
            [
              123.91976665300001,
              10.392355443000042
            ],
            [
              123.9199490310001,
              10.392238428000041
            ],
            [
              123.92013199100018,
              10.392158881000114
            ],
            [
              123.9204581370002,
              10.392071378000082
            ],
            [
              123.92060927800014,
              10.39203160400018
            ],
            [
              123.92072860000007,
              10.39190432700019
            ],
            [
              123.92068087100017,
              10.391745232000119
            ],
            [
              123.92064109700004,
              10.391641819000142
            ],
            [
              123.92056950400001,
              10.391458859000124
            ],
            [
              123.92045018200031,
              10.391283854000108
            ],
            [
              123.92043427300018,
              10.39110884900009
            ],
            [
              123.92042631800007,
              10.391005437000103
            ],
            [
              123.92037858900017,
              10.390886115000171
            ],
            [
              123.92038654400005,
              10.390758838000181
            ],
            [
              123.92026722200012,
              10.390321325000116
            ],
            [
              123.92092606700021,
              10.390214107000133
            ],
            [
              123.92177539800002,
              10.390090369000063
            ],
            [
              123.92414590700014,
              10.389812731000177
            ],
            [
              123.92349424600013,
              10.39824029000016
            ],
            [
              123.92387028500002,
              10.398283221000042
            ],
            [
              123.92390917600017,
              10.39831459300018
            ],
            [
              123.92395534200011,
              10.398447238000017
            ],
            [
              123.92394079200028,
              10.398709224000072
            ],
            [
              123.92387811900016,
              10.398913970000137
            ],
            [
              123.92388819200005,
              10.399136328000054
            ],
            [
              123.92405494700006,
              10.399652594000145
            ],
            [
              123.92408146000002,
              10.399864592000085
            ],
            [
              123.92411202500011,
              10.40034168200009
            ],
            [
              123.92414420100033,
              10.400591008000163
            ],
            [
              123.9241579100003,
              10.400812814
            ],
            [
              123.92406725800026,
              10.40108360500011
            ],
            [
              123.92388707200007,
              10.401290550000112
            ],
            [
              123.92369094000003,
              10.401467009000044
            ],
            [
              123.92354684600002,
              10.401690131000066
            ],
            [
              123.92345761700005,
              10.401860769000109
            ],
            [
              123.92171916300003,
              10.405156884000064
            ],
            [
              123.92247203400007,
              10.407533594000085
            ]
          ]
        ]
      }
    },
    {
      "type": "Feature",
      "properties": {
        "adm4_name": "Pulangbato",
        "adm4_name1": null,
        "adm4_name2": null,
        "adm4_name3": null,
        "adm4_pcode": "PH0702217059",
        "adm3_name": "Cebu City (Capital)",
        "adm3_name1": null,
        "adm3_name2": null,
        "adm3_name3": null,
        "adm3_pcode": "PH0702217",
        "adm2_name": "Cebu",
        "adm2_name1": null,
        "adm2_name2": null,
        "adm2_name3": null,
        "adm2_pcode": "PH07022",
        "adm1_name": "Region VII (Central Visayas)",
        "adm1_name1": null,
        "adm1_name2": null,
        "adm1_name3": null,
        "adm1_pcode": "PH07",
        "adm0_name": "Philippines",
        "adm0_name1": null,
        "adm0_name2": null,
        "adm0_name3": null,
        "adm0_pcode": "PH",
        "valid_on": "2025-02-13",
        "valid_to": null,
        "area_sqkm": 5.23427877,
        "version": "v03",
        "lang": "en",
        "lang1": null,
        "lang2": null,
        "lang3": null,
        "adm4_ref_name": "Pulangbato",
        "center_lat": 10.39822508,
        "center_lon": 123.9062975
      },
      "geometry": {
        "type": "Polygon",
        "coordinates": [
          [
            [
              123.91396203200009,
              10.408148454000184
            ],
            [
              123.90500698000005,
              10.412549093000052
            ],
            [
              123.90142432500022,
              10.407963198000118
            ],
            [
              123.89919768000016,
              10.401091215000065
            ],
            [
              123.89742495700011,
              10.400849581000102
            ],
            [
              123.89674514300009,
              10.4007579580001
            ],
            [
              123.89654612500021,
              10.399564287000032
            ],
            [
              123.89587780600004,
              10.39863923300004
            ],
            [
              123.8957745030001,
              10.398438526
            ],
            [
              123.89399753200007,
              10.397906816999978
            ],
            [
              123.89319931500006,
              10.396435429000121
            ],
            [
              123.8943136900001,
              10.3962289910001
            ],
            [
              123.89614592500016,
              10.395889825000097
            ],
            [
              123.89421403400002,
              10.386507831000074
            ],
            [
              123.89610687200002,
              10.383936995
            ],
            [
              123.89910463800004,
              10.385154875000069
            ],
            [
              123.90114118600002,
              10.385982248000062
            ],
            [
              123.90154765300008,
              10.38614962100013
            ],
            [
              123.90337031900015,
              10.386880285000188
            ],
            [
              123.90632491100018,
              10.388070583000058
            ],
            [
              123.91281419100005,
              10.389020485000174
            ],
            [
              123.91453983500003,
              10.389269518000049
            ],
            [
              123.9163520510001,
              10.389283027000033
            ],
            [
              123.91761032400018,
              10.389295158000039
            ],
            [
              123.91776941900014,
              10.389350841000123
            ],
            [
              123.91796033400021,
              10.389191745000119
            ],
            [
              123.91822284200009,
              10.389151972000093
            ],
            [
              123.91846148600007,
              10.389223565000066
            ],
            [
              123.91866035500027,
              10.389350841000123
            ],
            [
              123.91876376800008,
              10.389454253000167
            ],
            [
              123.91886718000012,
              10.389462208
            ],
            [
              123.91897059200028,
              10.38937470600007
            ],
            [
              123.91916946200001,
              10.389358796000181
            ],
            [
              123.91950356300003,
              10.389350841000123
            ],
            [
              123.91976607100014,
              10.389382660000024
            ],
            [
              123.92002857900002,
              10.389494027000069
            ],
            [
              123.92012403600017,
              10.389836083000148
            ],
            [
              123.92026722200012,
              10.390321325000116
            ],
            [
              123.92038654400005,
              10.390758838000181
            ],
            [
              123.92037858900017,
              10.390886115000171
            ],
            [
              123.92042631800007,
              10.391005437000103
            ],
            [
              123.92043427300018,
              10.39110884900009
            ],
            [
              123.92045018200031,
              10.391283854000108
            ],
            [
              123.92056950400001,
              10.391458859000124
            ],
            [
              123.92064109700004,
              10.391641819000142
            ],
            [
              123.92068087100017,
              10.391745232000119
            ],
            [
              123.92072860000007,
              10.39190432700019
            ],
            [
              123.92060927800014,
              10.39203160400018
            ],
            [
              123.9204581370002,
              10.392071378000082
            ],
            [
              123.92013199100018,
              10.392158881000114
            ],
            [
              123.9199490310001,
              10.392238428000041
            ],
            [
              123.91976665300001,
              10.392355443000042
            ],
            [
              123.91972804500017,
              10.392391388000078
            ],
            [
              123.91969209900003,
              10.39244597200019
            ],
            [
              123.9196721290001,
              10.392500556000073
            ],
            [
              123.91966547300012,
              10.392533839000066
            ],
            [
              123.91965349100008,
              10.392561797000042
            ],
            [
              123.91963751500009,
              10.392577772000038
            ],
            [
              123.91961754600015,
              10.39258442900018
            ],
            [
              123.91959091900003,
              10.39258842300012
            ],
            [
              123.91949639600011,
              10.392593748000138
            ],
            [
              123.91934595700002,
              10.39258842300012
            ],
            [
              123.91928205400029,
              10.392587092000099
            ],
            [
              123.91919551900014,
              10.392579104000163
            ],
            [
              123.91914093500009,
              10.392569784000102
            ],
            [
              123.91907570000012,
              10.392555140000127
            ],
            [
              123.91898575800008,
              10.392534067999975
            ],
            [
              123.91869019700005,
              10.392505919000087
            ],
            [
              123.91862967700001,
              10.39250310400007
            ],
            [
              123.91857619400002,
              10.3925073260001
            ],
            [
              123.9185311560002,
              10.392521401000124
            ],
            [
              123.91845093300003,
              10.392556587000172
            ],
            [
              123.91835100500009,
              10.39260584699997
            ],
            [
              123.91823418700005,
              10.392666367
            ],
            [
              123.91819618700004,
              10.39268888600003
            ],
            [
              123.91817507500014,
              10.392712812000013
            ],
            [
              123.91815677800014,
              10.392763480000156
            ],
            [
              123.91810048100001,
              10.392925335000143
            ],
            [
              123.91797890700002,
              10.393214244000148
            ],
            [
              123.91793375600014,
              10.39326965700019
            ],
            [
              123.91789681400007,
              10.393303520000075
            ],
            [
              123.91778906700017,
              10.393364064000082
            ],
            [
              123.91764027300007,
              10.393434869000032
            ],
            [
              123.91760948800015,
              10.39345334
            ],
            [
              123.91747506100012,
              10.393499518000112
            ],
            [
              123.91742991000001,
              10.393512858000179
            ],
            [
              123.91740407100008,
              10.393523182000138
            ],
            [
              123.91738270600001,
              10.393531328999984
            ],
            [
              123.91735089500014,
              10.39355082600008
            ],
            [
              123.9173283560001,
              10.393568610000159
            ],
            [
              123.91731395300008,
              10.393581611000059
            ],
            [
              123.91729650900004,
              10.393607265000071
            ],
            [
              123.91727535600035,
              10.393636754000113
            ],
            [
              123.91726572400012,
              10.393651390000059
            ],
            [
              123.917254436,
              10.393673965000062
            ],
            [
              123.91724464000015,
              10.393703997000046
            ],
            [
              123.91724212200006,
              10.393724247000137
            ],
            [
              123.91726032400004,
              10.39428038900013
            ],
            [
              123.91727012600006,
              10.394465658000115
            ],
            [
              123.91727404700032,
              10.394521533000045
            ],
            [
              123.91728090900006,
              10.394559763000188
            ],
            [
              123.9172946330001,
              10.394604855000182
            ],
            [
              123.91730639600007,
              10.394636223000134
            ],
            [
              123.91732012000011,
              10.394669552000096
            ],
            [
              123.91733580400023,
              10.394693078000103
            ],
            [
              123.91745630000003,
              10.394856511000057
            ],
            [
              123.91751961200009,
              10.394942723000042
            ],
            [
              123.9175586770001,
              10.394991218000087
            ],
            [
              123.9175772100001,
              10.395016228000031
            ],
            [
              123.91758696500028,
              10.395034324000108
            ],
            [
              123.91759302600019,
              10.395057445000134
            ],
            [
              123.91759504800018,
              10.395074736000083
            ],
            [
              123.91759733900005,
              10.395091953000133
            ],
            [
              123.91759504800018,
              10.395113801000036
            ],
            [
              123.91758823300006,
              10.395133170000122
            ],
            [
              123.91758023000034,
              10.395150172000115
            ],
            [
              123.91755598300006,
              10.39518519600017
            ],
            [
              123.91754924700001,
              10.39520270800017
            ],
            [
              123.91754251200007,
              10.395228301999964
            ],
            [
              123.91754116500022,
              10.39525659000003
            ],
            [
              123.9175465530003,
              10.39531990300003
            ],
            [
              123.91756137100015,
              10.395372437999981
            ],
            [
              123.9175721480002,
              10.395406115000014
            ],
            [
              123.91757960600012,
              10.395424566000031
            ],
            [
              123.91758561800009,
              10.395443833000115
            ],
            [
              123.91758831200013,
              10.395466733000092
            ],
            [
              123.91758292400004,
              10.395482898000068
            ],
            [
              123.91757768900004,
              10.39549501800019
            ],
            [
              123.91756675900001,
              10.39550849200009
            ],
            [
              123.91747246500006,
              10.395597399000053
            ],
            [
              123.91741184600005,
              10.39564724100012
            ],
            [
              123.91732024600014,
              10.39570381699997
            ],
            [
              123.91720978600006,
              10.395771171000035
            ],
            [
              123.91699156100003,
              10.39590857200011
            ],
            [
              123.91693363700006,
              10.395928778000041
            ],
            [
              123.91687301900004,
              10.395938207000029
            ],
            [
              123.91683395400003,
              10.39594090200012
            ],
            [
              123.91679084800023,
              10.395944943000018
            ],
            [
              123.91675986500002,
              10.39594629000004
            ],
            [
              123.91670059400008,
              10.39594629000004
            ],
            [
              123.91666422300011,
              10.395953024999983
            ],
            [
              123.91662111700009,
              10.395963802000097
            ],
            [
              123.91656184600015,
              10.395988049000039
            ],
            [
              123.91640019800002,
              10.396089079000035
            ],
            [
              123.91625606100013,
              10.396202233
            ],
            [
              123.91623854900013,
              10.396215704000156
            ],
            [
              123.91621564900015,
              10.39624129800012
            ],
            [
              123.9162008310002,
              10.396277669000028
            ],
            [
              123.91618870800016,
              10.396314040000107
            ],
            [
              123.91618601400012,
              10.396350411000185
            ],
            [
              123.91618197200012,
              10.396380046000047
            ],
            [
              123.91618466700004,
              10.396419111
            ],
            [
              123.91618870800016,
              10.396458176000124
            ],
            [
              123.91619274900006,
              10.39650801800019
            ],
            [
              123.9162008310002,
              10.396552471
            ],
            [
              123.91624839700023,
              10.396711240000116
            ],
            [
              123.91627455900004,
              10.396770389000096
            ],
            [
              123.91630697700009,
              10.396846031000166
            ],
            [
              123.91633598300018,
              10.396923379000157
            ],
            [
              123.91636555700029,
              10.397012669999981
            ],
            [
              123.91637693200005,
              10.397035420000122
            ],
            [
              123.91639115000021,
              10.397054188000084
            ],
            [
              123.91640536800014,
              10.397068975000138
            ],
            [
              123.91642584300018,
              10.397081487000094
            ],
            [
              123.91644916100029,
              10.397087175000024
            ],
            [
              123.91654886600008,
              10.39711041600009
            ],
            [
              123.91662490100009,
              10.397129261000146
            ],
            [
              123.9166343500001,
              10.39713634900005
            ],
            [
              123.91664651300027,
              10.39714461699998
            ],
            [
              123.91668081200021,
              10.397177963000104
            ],
            [
              123.91676786000028,
              10.397246807000101
            ],
            [
              123.91697340700011,
              10.397480208000161
            ],
            [
              123.91702431300007,
              10.397539758999983
            ],
            [
              123.91704256200012,
              10.39756953400007
            ],
            [
              123.91705793000017,
              10.397595468000077
            ],
            [
              123.91711171800011,
              10.397743385000183
            ],
            [
              123.91712324400021,
              10.39777892300009
            ],
            [
              123.91713957300021,
              10.397811580000052
            ],
            [
              123.91715013800012,
              10.397840395
            ],
            [
              123.91715974300007,
              10.397856724
            ],
            [
              123.91717223000012,
              10.397874973000057
            ],
            [
              123.91718951900009,
              10.39789322200005
            ],
            [
              123.91721257100005,
              10.397906669000179
            ],
            [
              123.91724618800004,
              10.397922998000183
            ],
            [
              123.91729805500017,
              10.397954694000134
            ],
            [
              123.91734512000005,
              10.397989272000189
            ],
            [
              123.91738450000014,
              10.39802000800006
            ],
            [
              123.91742292000015,
              10.398054586000057
            ],
            [
              123.91745269600005,
              10.398094927000102
            ],
            [
              123.91751801000021,
              10.398199622000163
            ],
            [
              123.91754970600016,
              10.39825052800012
            ],
            [
              123.91756603400006,
              10.398282225000173
            ],
            [
              123.91757563900023,
              10.398318724000092
            ],
            [
              123.91757948100019,
              10.39835330200009
            ],
            [
              123.91758236300007,
              10.398381156000085
            ],
            [
              123.9175871650001,
              10.39842918100004
            ],
            [
              123.91762366400008,
              10.398525231000178
            ],
            [
              123.91764959800003,
              10.39857901900001
            ],
            [
              123.9176784130002,
              10.398628004000102
            ],
            [
              123.91770434600016,
              10.398678911000104
            ],
            [
              123.91772739800012,
              10.398711568000067
            ],
            [
              123.91774468700021,
              10.398736541000062
            ],
            [
              123.91777350200005,
              10.398766316000149
            ],
            [
              123.91780231700034,
              10.39878936800011
            ],
            [
              123.91782825100017,
              10.39881146000016
            ],
            [
              123.91785034200018,
              10.398831630000075
            ],
            [
              123.91797904900022,
              10.399025651000045
            ],
            [
              123.9180637850003,
              10.399168675000112
            ],
            [
              123.9181607050001,
              10.39930328600019
            ],
            [
              123.91826659900005,
              10.399470204000124
            ],
            [
              123.91830608500027,
              10.399533022000185
            ],
            [
              123.9183689030001,
              10.39964250600002
            ],
            [
              123.91837608300023,
              10.39969635
            ],
            [
              123.91837069800022,
              10.399739426
            ],
            [
              123.91833839200001,
              10.399793270000032
            ],
            [
              123.91831326400006,
              10.399829166000188
            ],
            [
              123.91827557300007,
              10.399859678000041
            ],
            [
              123.91823070300006,
              10.399893780000184
            ],
            [
              123.91817326900014,
              10.399924291000104
            ],
            [
              123.91791840500002,
              10.400008648000096
            ],
            [
              123.91779815300004,
              10.40003736500006
            ],
            [
              123.91764738800009,
              10.400067877000083
            ],
            [
              123.91746431700005,
              10.400091209000095
            ],
            [
              123.91724176000002,
              10.400127105000024
            ],
            [
              123.91689060300007,
              10.400222496000026
            ],
            [
              123.91590039800008,
              10.400549996000109
            ],
            [
              123.91561528000011,
              10.400677143000053
            ],
            [
              123.91543804500009,
              10.400711820000026
            ],
            [
              123.91514907400006,
              10.400727231000133
            ],
            [
              123.91474451500028,
              10.400754202000144
            ],
            [
              123.9144401330002,
              10.400781173000155
            ],
            [
              123.91408566300015,
              10.40078887900006
            ],
            [
              123.91381595700022,
              10.40080429
            ],
            [
              123.91371578000019,
              10.40078887900006
            ],
            [
              123.91376912900023,
              10.400897892000103
            ],
            [
              123.91390480600035,
              10.400999650000188
            ],
            [
              123.91393448500003,
              10.401173486
            ],
            [
              123.91398960400011,
              10.401326122000057
            ],
            [
              123.91426095800011,
              10.401449078999974
            ],
            [
              123.91444327300007,
              10.401550837000059
            ],
            [
              123.91458743000021,
              10.401635635000162
            ],
            [
              123.91460438900003,
              10.401830670000038
            ],
            [
              123.91458743000021,
              10.401962106999974
            ],
            [
              123.91450818500027,
              10.402136369
            ],
            [
              123.91437452600019,
              10.40268003500006
            ],
            [
              123.9142498980001,
              10.40301598800005
            ],
            [
              123.9141324950001,
              10.403258019000077
            ],
            [
              123.91408553400004,
              10.403335686000048
            ],
            [
              123.91403857300031,
              10.403397097000038
            ],
            [
              123.91397716200015,
              10.403462120000029
            ],
            [
              123.9139247820001,
              10.403516306000085
            ],
            [
              123.91385975900005,
              10.403556042000162
            ],
            [
              123.9138091860001,
              10.403579523000076
            ],
            [
              123.91375680600004,
              10.403586748
            ],
            [
              123.91372248800019,
              10.403584941000133
            ],
            [
              123.91367552700012,
              10.403543399000057
            ],
            [
              123.91365927100003,
              10.403501856000105
            ],
            [
              123.91363217800017,
              10.403453089000095
            ],
            [
              123.91359786000021,
              10.403429608000181
            ],
            [
              123.91350393800008,
              10.403415159000133
            ],
            [
              123.91342627100028,
              10.403436833000171
            ],
            [
              123.91334499200002,
              10.403478376000123
            ],
            [
              123.91327373700005,
              10.403579371000035
            ],
            [
              123.91321484600007,
              10.403687058000173
            ],
            [
              123.91317109900012,
              10.403729123000176
            ],
            [
              123.91292712100005,
              10.403924305000146
            ],
            [
              123.91196298900002,
              10.404632681000123
            ],
            [
              123.91172910700004,
              10.404822815000045
            ],
            [
              123.91166012000008,
              10.404888437000182
            ],
            [
              123.9116347270002,
              10.404966829000102
            ],
            [
              123.91163488100005,
              10.405014632000018
            ],
            [
              123.91170555100007,
              10.405330962000107
            ],
            [
              123.91176275900011,
              10.40543191800009
            ],
            [
              123.91184352400012,
              10.40552109600003
            ],
            [
              123.91196972000012,
              10.405630465000115
            ],
            [
              123.91214975800006,
              10.405706182000074
            ],
            [
              123.91228100100022,
              10.405738152000026
            ],
            [
              123.91239541800019,
              10.40575666000018
            ],
            [
              123.91273866900008,
              10.4057734860001
            ],
            [
              123.91308595600015,
              10.405732548000117
            ],
            [
              123.91332673200009,
              10.40571968300003
            ],
            [
              123.91346090400009,
              10.405747252000083
            ],
            [
              123.91360426600022,
              10.405800554000052
            ],
            [
              123.91370351700016,
              10.405885101000024
            ],
            [
              123.9137421150001,
              10.40595494400003
            ],
            [
              123.91375498100012,
              10.406067060000055
            ],
            [
              123.91373292500009,
              10.406236154000055
            ],
            [
              123.91371638300018,
              10.406331729000044
            ],
            [
              123.91368329900001,
              10.40649347100009
            ],
            [
              123.91363918800005,
              10.406642348000048
            ],
            [
              123.91360978000012,
              10.406704838999985
            ],
            [
              123.91356383100015,
              10.406748950000178
            ],
            [
              123.91344763400002,
              10.406818626000074
            ],
            [
              123.91330869600006,
              10.406866593000075
            ],
            [
              123.91323757400005,
              10.406906289000176
            ],
            [
              123.91318960700005,
              10.407003876000147
            ],
            [
              123.91318464500023,
              10.407079960000033
            ],
            [
              123.91321607200007,
              10.407122965000156
            ],
            [
              123.91328057800001,
              10.407164314999989
            ],
            [
              123.91333185300016,
              10.40717754700006
            ],
            [
              123.91338808900014,
              10.40718085500015
            ],
            [
              123.91355349100002,
              10.407192433000034
            ],
            [
              123.91409104500008,
              10.40721228200016
            ],
            [
              123.91413239600001,
              10.407248670000172
            ],
            [
              123.91415886000004,
              10.407488502000092
            ],
            [
              123.91415886000004,
              10.407544739000059
            ],
            [
              123.91415224400009,
              10.407597667000175
            ],
            [
              123.91412412600005,
              10.407670444000075
            ],
            [
              123.91395541600014,
              10.407976436000126
            ],
            [
              123.91393226000014,
              10.408052521000116
            ],
            [
              123.91396203200009,
              10.408148454000184
            ]
          ]
        ]
      }
    },
    {
      "type": "Feature",
      "properties": {
        "adm4_name": "Pung-ol-Sibugay",
        "adm4_name1": null,
        "adm4_name2": null,
        "adm4_name3": null,
        "adm4_pcode": "PH0702217060",
        "adm3_name": "Cebu City (Capital)",
        "adm3_name1": null,
        "adm3_name2": null,
        "adm3_name3": null,
        "adm3_pcode": "PH0702217",
        "adm2_name": "Cebu",
        "adm2_name1": null,
        "adm2_name2": null,
        "adm2_name3": null,
        "adm2_pcode": "PH07022",
        "adm1_name": "Region VII (Central Visayas)",
        "adm1_name1": null,
        "adm1_name2": null,
        "adm1_name3": null,
        "adm1_pcode": "PH07",
        "adm0_name": "Philippines",
        "adm0_name1": null,
        "adm0_name2": null,
        "adm0_name3": null,
        "adm0_pcode": "PH",
        "valid_on": "2025-02-13",
        "valid_to": null,
        "area_sqkm": 14.61634362,
        "version": "v03",
        "lang": "en",
        "lang1": null,
        "lang2": null,
        "lang3": null,
        "adm4_ref_name": "Pung-ol-Sibugay",
        "center_lat": 10.39659796,
        "center_lon": 123.83805248
      },
      "geometry": {
        "type": "Polygon",
        "coordinates": [
          [
            [
              123.8448678420001,
              10.414673026000173
            ],
            [
              123.83182935000002,
              10.414827568000021
            ],
            [
              123.83167262500001,
              10.41442709800009
            ],
            [
              123.83120118800014,
              10.413841801000046
            ],
            [
              123.8309050900001,
              10.41358339500016
            ],
            [
              123.83038587500005,
              10.412828502000139
            ],
            [
              123.82891392200008,
              10.410246872000073
            ],
            [
              123.82337593700004,
              10.40111161700014
            ],
            [
              123.8171981370001,
              10.396695300000033
            ],
            [
              123.81155741300006,
              10.39266316700008
            ],
            [
              123.81010194300006,
              10.388869390000025
            ],
            [
              123.80615635800007,
              10.378497183000036
            ],
            [
              123.81731600200021,
              10.379769859000021
            ],
            [
              123.82529030500018,
              10.380694382000058
            ],
            [
              123.827368481,
              10.380883096
            ],
            [
              123.83151028800012,
              10.381250869000155
            ],
            [
              123.83191192600032,
              10.381286220000163
            ],
            [
              123.8328715240001,
              10.381371436999984
            ],
            [
              123.83358900700011,
              10.381438171000013
            ],
            [
              123.8338726830001,
              10.38146406900006
            ],
            [
              123.83409930000016,
              10.381577982000124
            ],
            [
              123.83448916000009,
              10.381775030000085
            ],
            [
              123.83948303500017,
              10.384269684000117
            ],
            [
              123.84094062200006,
              10.385004154000114
            ],
            [
              123.8432128720001,
              10.386111889
            ],
            [
              123.84338483100021,
              10.386209169999972
            ],
            [
              123.84502208900017,
              10.38703687300017
            ],
            [
              123.845056182,
              10.387044666000179
            ],
            [
              123.8556563520001,
              10.389452301000176
            ],
            [
              123.85645240600024,
              10.389639606000117
            ],
            [
              123.85682409900005,
              10.389723291000053
            ],
            [
              123.85791023500019,
              10.389968585000076
            ],
            [
              123.85770642400007,
              10.390593195000065
            ],
            [
              123.85778807600013,
              10.391070771000159
            ],
            [
              123.85810343600008,
              10.391464971000062
            ],
            [
              123.8581726870002,
              10.391632458000174
            ],
            [
              123.85864309900023,
              10.392770182000163
            ],
            [
              123.8590965950001,
              10.394319161000169
            ],
            [
              123.85922518900009,
              10.394759171000146
            ],
            [
              123.85949084800029,
              10.39543707700011
            ],
            [
              123.85945871500007,
              10.395712166000067
            ],
            [
              123.85927911100009,
              10.395961949000025
            ],
            [
              123.85905707600011,
              10.396500617000186
            ],
            [
              123.85897365700009,
              10.397077767000155
            ],
            [
              123.8586284280002,
              10.397613898000031
            ],
            [
              123.85856120000017,
              10.397719058000177
            ],
            [
              123.85874701900013,
              10.398843139
            ],
            [
              123.85896419400024,
              10.3989162580001
            ],
            [
              123.86043399600021,
              10.399411115000134
            ],
            [
              123.86142217000008,
              10.399644838000029
            ],
            [
              123.86172278700019,
              10.39969655700014
            ],
            [
              123.86201123700005,
              10.399825862000057
            ],
            [
              123.86276717500004,
              10.400243617000058
            ],
            [
              123.8629462130001,
              10.400353029000087
            ],
            [
              123.8630257850001,
              10.400492281000027
            ],
            [
              123.86310535700011,
              10.401009501000033
            ],
            [
              123.8631849300001,
              10.401238272000057
            ],
            [
              123.86371209700008,
              10.40168586600015
            ],
            [
              123.86400054700016,
              10.402063835000035
            ],
            [
              123.86417958400011,
              10.402382123999985
            ],
            [
              123.86417958400011,
              10.402581055000041
            ],
            [
              123.86419947700006,
              10.402789933000065
            ],
            [
              123.8646570190001,
              10.403346939000187
            ],
            [
              123.86476643100013,
              10.403575709999984
            ],
            [
              123.8647465380003,
              10.403784587000132
            ],
            [
              123.86462717900008,
              10.40397357200004
            ],
            [
              123.86458739300019,
              10.404162556000074
            ],
            [
              123.8646669650002,
              10.404709616000048
            ],
            [
              123.86477637700023,
              10.4050279060001
            ],
            [
              123.85768954200012,
              10.408749244000148
            ],
            [
              123.85449996000023,
              10.405300824000108
            ],
            [
              123.85237707900012,
              10.407549287000052
            ],
            [
              123.85229567400006,
              10.407592703000091
            ],
            [
              123.85195191900016,
              10.407936458000052
            ],
            [
              123.85172274900003,
              10.408363547000135
            ],
            [
              123.85145191200002,
              10.4087593860001
            ],
            [
              123.8510977410001,
              10.409030223
            ],
            [
              123.85058731700019,
              10.409176059
            ],
            [
              123.85021231100006,
              10.409311477000017
            ],
            [
              123.84997272500016,
              10.409446896000134
            ],
            [
              123.84988939000004,
              10.409634398000037
            ],
            [
              123.84987897300005,
              10.409894819000158
            ],
            [
              123.84987897300005,
              10.41072816400009
            ],
            [
              123.84977480500015,
              10.411082336000106
            ],
            [
              123.84939980000024,
              10.412124017000053
            ],
            [
              123.84941021700013,
              10.412978196000097
            ],
            [
              123.84925396400013,
              10.413488620000066
            ],
            [
              123.84845731700034,
              10.414630481000131
            ],
            [
              123.8448678420001,
              10.414673026000173
            ]
          ]
        ]
      }
    },
    {
      "type": "Feature",
      "properties": {
        "adm4_name": "Punta Princesa",
        "adm4_name1": null,
        "adm4_name2": null,
        "adm4_name3": null,
        "adm4_pcode": "PH0702217062",
        "adm3_name": "Cebu City (Capital)",
        "adm3_name1": null,
        "adm3_name2": null,
        "adm3_name3": null,
        "adm3_pcode": "PH0702217",
        "adm2_name": "Cebu",
        "adm2_name1": null,
        "adm2_name2": null,
        "adm2_name3": null,
        "adm2_pcode": "PH07022",
        "adm1_name": "Region VII (Central Visayas)",
        "adm1_name1": null,
        "adm1_name2": null,
        "adm1_name3": null,
        "adm1_pcode": "PH07",
        "adm0_name": "Philippines",
        "adm0_name1": null,
        "adm0_name2": null,
        "adm0_name3": null,
        "adm0_pcode": "PH",
        "valid_on": "2025-02-13",
        "valid_to": null,
        "area_sqkm": 1.27694694,
        "version": "v03",
        "lang": "en",
        "lang1": null,
        "lang2": null,
        "lang3": null,
        "adm4_ref_name": "Punta Princesa",
        "center_lat": 10.2958752,
        "center_lon": 123.869317
      },
      "geometry": {
        "type": "Polygon",
        "coordinates": [
          [
            [
              123.87771943300015,
              10.299350533000165
            ],
            [
              123.87764734700022,
              10.299386576000188
            ],
            [
              123.87739504400008,
              10.299318995000021
            ],
            [
              123.87713373000008,
              10.29924240300005
            ],
            [
              123.87701658900005,
              10.299219876000052
            ],
            [
              123.87698955700012,
              10.299102735000076
            ],
            [
              123.87688142700006,
              10.299012627000081
            ],
            [
              123.87660659700009,
              10.298990100000083
            ],
            [
              123.87634528400008,
              10.298990100000083
            ],
            [
              123.87603891600008,
              10.298981089000108
            ],
            [
              123.87589023800001,
              10.29903515400008
            ],
            [
              123.87570551600004,
              10.299116252000033
            ],
            [
              123.87558387000013,
              10.299179327
            ],
            [
              123.87546222400022,
              10.299165811000137
            ],
            [
              123.87530453500017,
              10.299066692
            ],
            [
              123.87518245600029,
              10.2989703450001
            ],
            [
              123.8751494730003,
              10.298954464000133
            ],
            [
              123.87510181900007,
              10.298931544000027
            ],
            [
              123.87489003700034,
              10.29895856200011
            ],
            [
              123.87466916500023,
              10.299013736000063
            ],
            [
              123.87458476200004,
              10.298982114000125
            ],
            [
              123.8744509710001,
              10.298844048000092
            ],
            [
              123.87431785000001,
              10.298422419000076
            ],
            [
              123.87407906400017,
              10.298359343000186
            ],
            [
              123.87393038500034,
              10.298494505000178
            ],
            [
              123.87372313700007,
              10.2986747220001
            ],
            [
              123.87362126100004,
              10.298698934000129
            ],
            [
              123.87330084400003,
              10.29856573000012
            ],
            [
              123.87299903700023,
              10.29827612300005
            ],
            [
              123.87273781100009,
              10.297910902000126
            ],
            [
              123.87259678500016,
              10.29786825400015
            ],
            [
              123.87247063300003,
              10.297877265000125
            ],
            [
              123.8723670090003,
              10.297827705000088
            ],
            [
              123.8721567560001,
              10.297768147000113
            ],
            [
              123.87205456200013,
              10.297862205000115
            ],
            [
              123.8718804250002,
              10.29811154600003
            ],
            [
              123.87170020900021,
              10.29826923500002
            ],
            [
              123.87141186200006,
              10.298426924000182
            ],
            [
              123.8711370330002,
              10.29853505400007
            ],
            [
              123.87084868600004,
              10.298602635000066
            ],
            [
              123.870510781,
              10.298643184000127
            ],
            [
              123.8702539730001,
              10.298625162000064
            ],
            [
              123.8699926590001,
              10.29851252700007
            ],
            [
              123.86986205300002,
              10.298466223000162
            ],
            [
              123.8697833870001,
              10.298441595999975
            ],
            [
              123.869415967,
              10.298197147999986
            ],
            [
              123.8690330070001,
              10.297899792000123
            ],
            [
              123.8689023500001,
              10.297778146000155
            ],
            [
              123.86871762900012,
              10.297701554000014
            ],
            [
              123.86855993900008,
              10.297534854000105
            ],
            [
              123.86838873400006,
              10.297480789000133
            ],
            [
              123.86801028000002,
              10.29752584300013
            ],
            [
              123.86760479300005,
              10.297710564000056
            ],
            [
              123.86721282300005,
              10.297832210000024
            ],
            [
              123.86698755200007,
              10.297818694000114
            ],
            [
              123.86674876600023,
              10.297647489000099
            ],
            [
              123.86668609800006,
              10.297613480000052
            ],
            [
              123.86646098600022,
              10.297491237000145
            ],
            [
              123.8660867440002,
              10.297491237000145
            ],
            [
              123.86577050300002,
              10.297553829000151
            ],
            [
              123.86556499400001,
              10.297810716000185
            ],
            [
              123.86541086300008,
              10.29804705100014
            ],
            [
              123.86500498200019,
              10.298478620000026
            ],
            [
              123.86481611800002,
              10.29861037500018
            ],
            [
              123.86459404300001,
              10.298670941000069
            ],
            [
              123.86445945100013,
              10.29843540600018
            ],
            [
              123.86427775300001,
              10.298462324000127
            ],
            [
              123.86409605500023,
              10.298583456000188
            ],
            [
              123.863914356,
              10.298744966000015
            ],
            [
              123.86353612700009,
              10.298513807000177
            ],
            [
              123.85984113000018,
              10.296710610000105
            ],
            [
              123.85899359900009,
              10.296284852000042
            ],
            [
              123.85998919100007,
              10.294600172000116
            ],
            [
              123.86014879800007,
              10.294183071000134
            ],
            [
              123.86032703,
              10.293717345000175
            ],
            [
              123.86067001000004,
              10.293221172000074
            ],
            [
              123.86090917000001,
              10.292875192000054
            ],
            [
              123.86125629000003,
              10.29296294
            ],
            [
              123.86130628400008,
              10.29297447100015
            ],
            [
              123.86157465400004,
              10.293039469
            ],
            [
              123.86169826500009,
              10.293046537000066
            ],
            [
              123.86183246000007,
              10.293053894000082
            ],
            [
              123.86243805900017,
              10.292904975999988
            ],
            [
              123.86290466800017,
              10.292726275000064
            ],
            [
              123.863262071,
              10.292597213000022
            ],
            [
              123.86335261500017,
              10.292590025000152
            ],
            [
              123.8633784230002,
              10.29258754600005
            ],
            [
              123.86360954500014,
              10.29256742900003
            ],
            [
              123.86398470500023,
              10.292630880000047
            ],
            [
              123.86509765000005,
              10.292716859000166
            ],
            [
              123.86544846600009,
              10.292733379000083
            ],
            [
              123.86568039400015,
              10.292769401000044
            ],
            [
              123.86611506300017,
              10.292817167000123
            ],
            [
              123.8664876370002,
              10.292898369000056
            ],
            [
              123.86665481800014,
              10.29254012500013
            ],
            [
              123.86706082800015,
              10.292683423000085
            ],
            [
              123.8676236120001,
              10.292515143000173
            ],
            [
              123.86857602700002,
              10.292207413000085
            ],
            [
              123.86924965300011,
              10.291994343000056
            ],
            [
              123.86972138800002,
              10.291947828000048
            ],
            [
              123.87005135100003,
              10.291984537000133
            ],
            [
              123.8704808660001,
              10.29202902999998
            ],
            [
              123.87047131200006,
              10.292148445
            ],
            [
              123.87122601300007,
              10.292205764000073
            ],
            [
              123.87166546000026,
              10.292291742000089
            ],
            [
              123.87201782800014,
              10.292341654000097
            ],
            [
              123.87224820400002,
              10.29237772099998
            ],
            [
              123.87240105400019,
              10.292415937000158
            ],
            [
              123.87337693800009,
              10.292579408000051
            ],
            [
              123.87345668100022,
              10.292592667000179
            ],
            [
              123.87369194400003,
              10.29264337
            ],
            [
              123.87396271800026,
              10.292703352000046
            ],
            [
              123.87398234100021,
              10.292707626000038
            ],
            [
              123.87439831900019,
              10.29279613100016
            ],
            [
              123.8745624070001,
              10.292771872000174
            ],
            [
              123.87476529900016,
              10.292740915000024
            ],
            [
              123.87497350700016,
              10.292787029000124
            ],
            [
              123.8751793350001,
              10.292800064
            ],
            [
              123.87528457800022,
              10.292807155000162
            ],
            [
              123.87616823400015,
              10.292933506000054
            ],
            [
              123.87631914700012,
              10.292931818000113
            ],
            [
              123.87671041700014,
              10.292948624000076
            ],
            [
              123.87692582900002,
              10.293086807000066
            ],
            [
              123.87714604500013,
              10.29318970200012
            ],
            [
              123.8775257750001,
              10.293391719000056
            ],
            [
              123.87759077500016,
              10.293434883999964
            ],
            [
              123.87795900400033,
              10.293679455000074
            ],
            [
              123.87801701100011,
              10.293717998000147
            ],
            [
              123.87877989100014,
              10.294272549000084
            ],
            [
              123.87914718700017,
              10.294567653000172
            ],
            [
              123.87968286300008,
              10.294839650000029
            ],
            [
              123.87953715800018,
              10.29517458600003
            ],
            [
              123.87949093300017,
              10.295273818000055
            ],
            [
              123.87949565800011,
              10.295465553000042
            ],
            [
              123.87927963300012,
              10.296374658000047
            ],
            [
              123.87906136700019,
              10.296787413000175
            ],
            [
              123.87870540500023,
              10.297252902000025
            ],
            [
              123.87858331100006,
              10.297446948000129
            ],
            [
              123.87853655100025,
              10.297522156000127
            ],
            [
              123.87851601400007,
              10.297588329000178
            ],
            [
              123.87847722400022,
              10.29769785600007
            ],
            [
              123.878468096,
              10.297770874000093
            ],
            [
              123.878458969,
              10.297932882000168
            ],
            [
              123.87845133700012,
              10.298021764000055
            ],
            [
              123.87844756000004,
              10.29806750900002
            ],
            [
              123.87836997800002,
              10.298195290000024
            ],
            [
              123.87831293300007,
              10.298229518000028
            ],
            [
              123.87815645800015,
              10.298309784000082
            ],
            [
              123.8779627250002,
              10.298413408000158
            ],
            [
              123.87781855200012,
              10.29853505400007
            ],
            [
              123.87775998200004,
              10.29869274300006
            ],
            [
              123.87776448700015,
              10.298836916000027
            ],
            [
              123.87778701400032,
              10.298990100000083
            ],
            [
              123.87782756300021,
              10.299138779000032
            ],
            [
              123.87784558400006,
              10.29926042500017
            ],
            [
              123.87771943300015,
              10.299350533000165
            ]
          ]
        ]
      }
    },
    {
      "type": "Feature",
      "properties": {
        "adm4_name": "Quiot Pardo",
        "adm4_name1": null,
        "adm4_name2": null,
        "adm4_name3": null,
        "adm4_pcode": "PH0702217063",
        "adm3_name": "Cebu City (Capital)",
        "adm3_name1": null,
        "adm3_name2": null,
        "adm3_name3": null,
        "adm3_pcode": "PH0702217",
        "adm2_name": "Cebu",
        "adm2_name1": null,
        "adm2_name2": null,
        "adm2_name3": null,
        "adm2_pcode": "PH07022",
        "adm1_name": "Region VII (Central Visayas)",
        "adm1_name1": null,
        "adm1_name2": null,
        "adm1_name3": null,
        "adm1_pcode": "PH07",
        "adm0_name": "Philippines",
        "adm0_name1": null,
        "adm0_name2": null,
        "adm0_name3": null,
        "adm0_pcode": "PH",
        "valid_on": "2025-02-13",
        "valid_to": null,
        "area_sqkm": 0.76137286,
        "version": "v03",
        "lang": "en",
        "lang1": null,
        "lang2": null,
        "lang3": null,
        "adm4_ref_name": "Quiot Pardo",
        "center_lat": 10.29058857,
        "center_lon": 123.85744608
      },
      "geometry": {
        "type": "Polygon",
        "coordinates": [
          [
            [
              123.85998919100007,
              10.294600172000116
            ],
            [
              123.85899359900009,
              10.296284852000042
            ],
            [
              123.858583973,
              10.296142098000132
            ],
            [
              123.85839509400023,
              10.2960794440001
            ],
            [
              123.85822141500012,
              10.296018849000177
            ],
            [
              123.85779742700004,
              10.295867633000114
            ],
            [
              123.85761007300005,
              10.29580374700015
            ],
            [
              123.85684809900022,
              10.295539655000141
            ],
            [
              123.85617009400016,
              10.295291090999967
            ],
            [
              123.85557204100019,
              10.295058832000052
            ],
            [
              123.85342258300011,
              10.294238963000168
            ],
            [
              123.8533854220002,
              10.294204899000022
            ],
            [
              123.85325334900017,
              10.294106287000034
            ],
            [
              123.85281860400016,
              10.293767025000022
            ],
            [
              123.85200482900007,
              10.293130861000122
            ],
            [
              123.85335152600021,
              10.291500577000079
            ],
            [
              123.85357419200011,
              10.291235532000087
            ],
            [
              123.8536972170001,
              10.291086970000038
            ],
            [
              123.85549630500009,
              10.28889418700004
            ],
            [
              123.85525708600017,
              10.288269213000035
            ],
            [
              123.8549418980001,
              10.287447991000136
            ],
            [
              123.85480811700018,
              10.287113530000056
            ],
            [
              123.85497559900023,
              10.286934523000127
            ],
            [
              123.85506936100012,
              10.286834368000086
            ],
            [
              123.85523532600007,
              10.286657009000066
            ],
            [
              123.85568815800025,
              10.286173906000158
            ],
            [
              123.85584833500013,
              10.286246061000156
            ],
            [
              123.85594943900014,
              10.286345338000103
            ],
            [
              123.85601459900022,
              10.286412325000072
            ],
            [
              123.85624704800011,
              10.286728687000107
            ],
            [
              123.85685015600029,
              10.287246315000118
            ],
            [
              123.85705055900007,
              10.287455390000105
            ],
            [
              123.85705339300011,
              10.287452792000067
            ],
            [
              123.8582006900001,
              10.286012224000103
            ],
            [
              123.85839054500013,
              10.285777975000144
            ],
            [
              123.85856499300019,
              10.285649395000178
            ],
            [
              123.85884792100012,
              10.285440853000125
            ],
            [
              123.85922127700007,
              10.285164005000183
            ],
            [
              123.85948156800009,
              10.284971399000028
            ],
            [
              123.85955799800001,
              10.284914831000151
            ],
            [
              123.85985097800005,
              10.284696656000108
            ],
            [
              123.85989833300005,
              10.28475308500009
            ],
            [
              123.85993114700022,
              10.28479330700003
            ],
            [
              123.86003837700002,
              10.284920380000187
            ],
            [
              123.85978832900014,
              10.285111347000054
            ],
            [
              123.86019300900023,
              10.285564342000157
            ],
            [
              123.86107816700007,
              10.286542548000114
            ],
            [
              123.86120179400007,
              10.287019577000024
            ],
            [
              123.8612318170002,
              10.287033848000078
            ],
            [
              123.86139441000023,
              10.287110215999974
            ],
            [
              123.86128655400023,
              10.287362469000186
            ],
            [
              123.86097480600017,
              10.287228276000178
            ],
            [
              123.86089474500022,
              10.287198470000021
            ],
            [
              123.86075104600013,
              10.28758905799998
            ],
            [
              123.86078067500034,
              10.287640120000106
            ],
            [
              123.86140255600003,
              10.288686709000103
            ],
            [
              123.86150921600017,
              10.288866389000077
            ],
            [
              123.86113453200005,
              10.28972027900005
            ],
            [
              123.86078311300002,
              10.289605863000133
            ],
            [
              123.86048890100005,
              10.290447634999964
            ],
            [
              123.86054019200026,
              10.290475160000028
            ],
            [
              123.86103186000025,
              10.290701977000083
            ],
            [
              123.86104997900009,
              10.29076314200006
            ],
            [
              123.8612007380002,
              10.291275743000142
            ],
            [
              123.86130499700005,
              10.291445890000091
            ],
            [
              123.86108498000021,
              10.292345612000076
            ],
            [
              123.86105158500004,
              10.292452653000169
            ],
            [
              123.86100171300018,
              10.292549528000109
            ],
            [
              123.86090917000001,
              10.292875192000054
            ],
            [
              123.86067001000004,
              10.293221172000074
            ],
            [
              123.86032703,
              10.293717345000175
            ],
            [
              123.86014879800007,
              10.294183071000134
            ],
            [
              123.85998919100007,
              10.294600172000116
            ]
          ]
        ]
      }
    },
    {
      "type": "Feature",
      "properties": {
        "adm4_name": "Sambag I (Pob.)",
        "adm4_name1": null,
        "adm4_name2": null,
        "adm4_name3": null,
        "adm4_pcode": "PH0702217064",
        "adm3_name": "Cebu City (Capital)",
        "adm3_name1": null,
        "adm3_name2": null,
        "adm3_name3": null,
        "adm3_pcode": "PH0702217",
        "adm2_name": "Cebu",
        "adm2_name1": null,
        "adm2_name2": null,
        "adm2_name3": null,
        "adm2_pcode": "PH07022",
        "adm1_name": "Region VII (Central Visayas)",
        "adm1_name1": null,
        "adm1_name2": null,
        "adm1_name3": null,
        "adm1_pcode": "PH07",
        "adm0_name": "Philippines",
        "adm0_name1": null,
        "adm0_name2": null,
        "adm0_name3": null,
        "adm0_pcode": "PH",
        "valid_on": "2025-02-13",
        "valid_to": null,
        "area_sqkm": 0.51625713,
        "version": "v03",
        "lang": "en",
        "lang1": null,
        "lang2": null,
        "lang3": null,
        "adm4_ref_name": "Sambag I (Pob.)",
        "center_lat": 10.30057622,
        "center_lon": 123.89171411
      },
      "geometry": {
        "type": "Polygon",
        "coordinates": [
          [
            [
              123.89505331400005,
              10.303689373000111
            ],
            [
              123.89430781900012,
              10.303837348000059
            ],
            [
              123.8940510220001,
              10.303805811000188
            ],
            [
              123.89377620500011,
              10.303675160000125
            ],
            [
              123.89337073600007,
              10.303562530000022
            ],
            [
              123.89289318400006,
              10.303512973000124
            ],
            [
              123.89247727700001,
              10.303424950000021
            ],
            [
              123.89202982900008,
              10.303330086000187
            ],
            [
              123.89114988600022,
              10.303188391000049
            ],
            [
              123.89050999100004,
              10.303027579000116
            ],
            [
              123.88943201900008,
              10.30269508400005
            ],
            [
              123.88935923600002,
              10.302684097999986
            ],
            [
              123.88932224500002,
              10.30257356300018
            ],
            [
              123.88898287900008,
              10.30247009500016
            ],
            [
              123.88883970500012,
              10.302491713000165
            ],
            [
              123.88873646800016,
              10.302512562
            ],
            [
              123.88865686600002,
              10.302529732000039
            ],
            [
              123.88816387000008,
              10.302585393000072
            ],
            [
              123.88747544500018,
              10.302484982000067
            ],
            [
              123.88764469500018,
              10.30233453700015
            ],
            [
              123.88770111200029,
              10.302215436000154
            ],
            [
              123.88761962100023,
              10.302108871000087
            ],
            [
              123.88747544500018,
              10.301933353000152
            ],
            [
              123.88724977900017,
              10.301839325000174
            ],
            [
              123.88711187100012,
              10.30172649200017
            ],
            [
              123.88699277000012,
              10.301632464000022
            ],
            [
              123.88698023300003,
              10.301507094000158
            ],
            [
              123.88701784400007,
              10.301350381000077
            ],
            [
              123.88718082500031,
              10.30126889000013
            ],
            [
              123.88733126900001,
              10.30113725100017
            ],
            [
              123.88722470500022,
              10.300993076000054
            ],
            [
              123.88717455700021,
              10.300886511000044
            ],
            [
              123.88704918600001,
              10.300736067
            ],
            [
              123.8869426220001,
              10.300610696000035
            ],
            [
              123.88696769600006,
              10.30054174300011
            ],
            [
              123.88698650100002,
              10.300397567000061
            ],
            [
              123.8870617230001,
              10.300234585000112
            ],
            [
              123.88719336200006,
              10.300021456000138
            ],
            [
              123.88730619500006,
              10.299883549000185
            ],
            [
              123.88753186200017,
              10.299802058000125
            ],
            [
              123.88768230600033,
              10.299764447000086
            ],
            [
              123.88774499100009,
              10.299657882000076
            ],
            [
              123.88773245400023,
              10.299545049000074
            ],
            [
              123.88786409300019,
              10.299338188000092
            ],
            [
              123.88806468500013,
              10.299156401000062
            ],
            [
              123.88819632400009,
              10.29896207700017
            ],
            [
              123.88820382200015,
              10.298953509000171
            ],
            [
              123.8882464720001,
              10.298905661000106
            ],
            [
              123.88829035200001,
              10.298842976000174
            ],
            [
              123.88844790100018,
              10.298772373000077
            ],
            [
              123.88857826900016,
              10.298692925000068
            ],
            [
              123.88873335300002,
              10.298499069000059
            ],
            [
              123.88879812800008,
              10.298430507000035
            ],
            [
              123.8888884380001,
              10.298335038000062
            ],
            [
              123.88906738100013,
              10.29810837600013
            ],
            [
              123.88921351800002,
              10.297893644000112
            ],
            [
              123.889437197,
              10.297625229
            ],
            [
              123.88951937400009,
              10.29746631800009
            ],
            [
              123.88957180000023,
              10.297364088
            ],
            [
              123.8896504390002,
              10.29737457300007
            ],
            [
              123.8899203650002,
              10.297417516000166
            ],
            [
              123.89006444000006,
              10.29744032299999
            ],
            [
              123.89014586400003,
              10.297453212000107
            ],
            [
              123.89048736300003,
              10.29752228700005
            ],
            [
              123.8909393350001,
              10.29768446900016
            ],
            [
              123.89119385200013,
              10.297808525999983
            ],
            [
              123.89133305600024,
              10.297876378000126
            ],
            [
              123.89152305800019,
              10.297971699000072
            ],
            [
              123.89176273300018,
              10.298087183000064
            ],
            [
              123.89206602400031,
              10.298221596000076
            ],
            [
              123.89243479900006,
              10.29834567000006
            ],
            [
              123.89284148500008,
              10.29843527800017
            ],
            [
              123.89330331500014,
              10.298486976
            ],
            [
              123.89383407500031,
              10.29854901300007
            ],
            [
              123.89437172800012,
              10.298621389
            ],
            [
              123.89483355800019,
              10.298673086000122
            ],
            [
              123.89525747700031,
              10.298762695000164
            ],
            [
              123.89553445900015,
              10.298907587000087
            ],
            [
              123.89683710500015,
              10.299551476000147
            ],
            [
              123.89664280600027,
              10.300098409000043
            ],
            [
              123.89591890900033,
              10.302136108000127
            ],
            [
              123.89558977100012,
              10.303060980999987
            ],
            [
              123.89536657100007,
              10.303686045000063
            ],
            [
              123.89531698600001,
              10.303805811000188
            ],
            [
              123.89505331400005,
              10.303689373000111
            ]
          ]
        ]
      }
    },
    {
      "type": "Feature",
      "properties": {
        "adm4_name": "Sambag II (Pob.)",
        "adm4_name1": null,
        "adm4_name2": null,
        "adm4_name3": null,
        "adm4_pcode": "PH0702217065",
        "adm3_name": "Cebu City (Capital)",
        "adm3_name1": null,
        "adm3_name2": null,
        "adm3_name3": null,
        "adm3_pcode": "PH0702217",
        "adm2_name": "Cebu",
        "adm2_name1": null,
        "adm2_name2": null,
        "adm2_name3": null,
        "adm2_pcode": "PH07022",
        "adm1_name": "Region VII (Central Visayas)",
        "adm1_name1": null,
        "adm1_name2": null,
        "adm1_name3": null,
        "adm1_pcode": "PH07",
        "adm0_name": "Philippines",
        "adm0_name1": null,
        "adm0_name2": null,
        "adm0_name3": null,
        "adm0_pcode": "PH",
        "valid_on": "2025-02-13",
        "valid_to": null,
        "area_sqkm": 0.44741766,
        "version": "v03",
        "lang": "en",
        "lang1": null,
        "lang2": null,
        "lang3": null,
        "adm4_ref_name": "Sambag II (Pob.)",
        "center_lat": 10.30601349,
        "center_lon": 123.89088402
      },
      "geometry": {
        "type": "Polygon",
        "coordinates": [
          [
            [
              123.893382072,
              10.309170374000018
            ],
            [
              123.8932499880001,
              10.309549065
            ],
            [
              123.89267823900025,
              10.309321400000101
            ],
            [
              123.89215749800007,
              10.309092663000115
            ],
            [
              123.89165622400003,
              10.308922327000062
            ],
            [
              123.89140714100006,
              10.3088413750001
            ],
            [
              123.89082401200005,
              10.308654655999987
            ],
            [
              123.89033132500003,
              10.308489663000103
            ],
            [
              123.89018646900001,
              10.308445387000177
            ],
            [
              123.88992536800015,
              10.308348562999981
            ],
            [
              123.88961219400016,
              10.30823125000012
            ],
            [
              123.88925692200007,
              10.308124181999972
            ],
            [
              123.8890949380002,
              10.308109887000114
            ],
            [
              123.88866804700012,
              10.308070648000182
            ],
            [
              123.88855757400006,
              10.308067095000126
            ],
            [
              123.88855170500005,
              10.30794972700005
            ],
            [
              123.88855757400006,
              10.307738466000046
            ],
            [
              123.88838739100015,
              10.307380497
            ],
            [
              123.88806463100013,
              10.307409838000012
            ],
            [
              123.88787097600016,
              10.307362891000139
            ],
            [
              123.88784750200011,
              10.307186841000146
            ],
            [
              123.88800594800011,
              10.306740845000036
            ],
            [
              123.88797660600017,
              10.306453296000143
            ],
            [
              123.88780055500013,
              10.306453296000143
            ],
            [
              123.8876303730002,
              10.306312455000125
            ],
            [
              123.88733695500014,
              10.306065984000043
            ],
            [
              123.88728699100022,
              10.305979250000178
            ],
            [
              123.8872019830003,
              10.305831250000153
            ],
            [
              123.88696724800002,
              10.305543699999987
            ],
            [
              123.8868440130002,
              10.305303097000092
            ],
            [
              123.88705527400032,
              10.30517399300004
            ],
            [
              123.88738390200001,
              10.305232677000106
            ],
            [
              123.88758929400012,
              10.30528549200011
            ],
            [
              123.88773013500008,
              10.305238545000066
            ],
            [
              123.88797660600017,
              10.304956864000133
            ],
            [
              123.88812918300027,
              10.30483362800004
            ],
            [
              123.88828176100014,
              10.304452185
            ],
            [
              123.8880939730002,
              10.304334817999973
            ],
            [
              123.88771839800017,
              10.30417050400007
            ],
            [
              123.88782989700007,
              10.303900559
            ],
            [
              123.88802942100006,
              10.303618878000066
            ],
            [
              123.88799421100009,
              10.30348390600011
            ],
            [
              123.88787097600016,
              10.30337240700004
            ],
            [
              123.88773013500008,
              10.30337827500017
            ],
            [
              123.8875306110001,
              10.303478037000048
            ],
            [
              123.88737216500022,
              10.303466301000128
            ],
            [
              123.88719611400006,
              10.30343695900001
            ],
            [
              123.88711187100012,
              10.303343768000047
            ],
            [
              123.88704291800002,
              10.303149444000155
            ],
            [
              123.88707900100007,
              10.30298246500007
            ],
            [
              123.88708679700005,
              10.302936315000181
            ],
            [
              123.88714948200015,
              10.302760796000143
            ],
            [
              123.88729992700007,
              10.302604083000062
            ],
            [
              123.88747544500018,
              10.302484982000067
            ],
            [
              123.88816387000008,
              10.302585393000072
            ],
            [
              123.88865686600002,
              10.302529732000039
            ],
            [
              123.88873646800016,
              10.302512562
            ],
            [
              123.88883970500012,
              10.302491713000165
            ],
            [
              123.88898287900008,
              10.30247009500016
            ],
            [
              123.88932224500002,
              10.30257356300018
            ],
            [
              123.88935923600002,
              10.302684097999986
            ],
            [
              123.88943201900008,
              10.30269508400005
            ],
            [
              123.89050999100004,
              10.303027579000116
            ],
            [
              123.89114988600022,
              10.303188391000049
            ],
            [
              123.89202982900008,
              10.303330086000187
            ],
            [
              123.89247727700001,
              10.303424950000021
            ],
            [
              123.89289318400006,
              10.303512973000124
            ],
            [
              123.89337073600007,
              10.303562530000022
            ],
            [
              123.89377620500011,
              10.303675160000125
            ],
            [
              123.8940510220001,
              10.303805811000188
            ],
            [
              123.89430781900012,
              10.303837348000059
            ],
            [
              123.89505331400005,
              10.303689373000111
            ],
            [
              123.89531698600001,
              10.303805811000188
            ],
            [
              123.89514221600007,
              10.304238419000114
            ],
            [
              123.89480340800014,
              10.305077555000082
            ],
            [
              123.89461253500008,
              10.305549802000144
            ],
            [
              123.89445016600007,
              10.306047736000153
            ],
            [
              123.89419855100027,
              10.306836495000141
            ],
            [
              123.89412542600019,
              10.307065254000122
            ],
            [
              123.893382072,
              10.309170374000018
            ]
          ]
        ]
      }
    },
    {
      "type": "Feature",
      "properties": {
        "adm4_name": "San Antonio (Pob.)",
        "adm4_name1": null,
        "adm4_name2": null,
        "adm4_name3": null,
        "adm4_pcode": "PH0702217066",
        "adm3_name": "Cebu City (Capital)",
        "adm3_name1": null,
        "adm3_name2": null,
        "adm3_name3": null,
        "adm3_pcode": "PH0702217",
        "adm2_name": "Cebu",
        "adm2_name1": null,
        "adm2_name2": null,
        "adm2_name3": null,
        "adm2_pcode": "PH07022",
        "adm1_name": "Region VII (Central Visayas)",
        "adm1_name1": null,
        "adm1_name2": null,
        "adm1_name3": null,
        "adm1_pcode": "PH07",
        "adm0_name": "Philippines",
        "adm0_name1": null,
        "adm0_name2": null,
        "adm0_name3": null,
        "adm0_pcode": "PH",
        "valid_on": "2025-02-13",
        "valid_to": null,
        "area_sqkm": 0.12834041,
        "version": "v03",
        "lang": "en",
        "lang1": null,
        "lang2": null,
        "lang3": null,
        "adm4_ref_name": "San Antonio (Pob.)",
        "center_lat": 10.30136246,
        "center_lon": 123.89825545
      },
      "geometry": {
        "type": "Polygon",
        "coordinates": [
          [
            [
              123.90024179400018,
              10.303019386000017
            ],
            [
              123.90014009000015,
              10.303402329
            ],
            [
              123.8999701050002,
              10.303371482000045
            ],
            [
              123.8998686340002,
              10.303361254000095
            ],
            [
              123.89937249100012,
              10.303320476000067
            ],
            [
              123.89900195200005,
              10.303193703000147
            ],
            [
              123.89872003000005,
              10.303096192000169
            ],
            [
              123.89862146300015,
              10.303065172000117
            ],
            [
              123.8983122410001,
              10.302967059000082
            ],
            [
              123.89786472000014,
              10.302777834000096
            ],
            [
              123.89775223700019,
              10.302744760000053
            ],
            [
              123.89713848100018,
              10.30256735800009
            ],
            [
              123.89692557,
              10.302507718000129
            ],
            [
              123.89591890900033,
              10.302136108000127
            ],
            [
              123.89664280600027,
              10.300098409000043
            ],
            [
              123.89683710500015,
              10.299551476000147
            ],
            [
              123.89746196400006,
              10.299876206000022
            ],
            [
              123.89808682300009,
              10.300196015000097
            ],
            [
              123.89858475600022,
              10.300457997000137
            ],
            [
              123.8990368560003,
              10.300695983000082
            ],
            [
              123.89929433600014,
              10.300834461000022
            ],
            [
              123.89977498600012,
              10.301090919999979
            ],
            [
              123.90085931900023,
              10.301633999000046
            ],
            [
              123.90066529300009,
              10.302085787000124
            ],
            [
              123.90060437600016,
              10.302228412000147
            ],
            [
              123.90055930200015,
              10.302332585000158
            ],
            [
              123.90036713100017,
              10.302699502000053
            ],
            [
              123.9003248140001,
              10.302807490000077
            ],
            [
              123.90024179400018,
              10.303019386000017
            ]
          ]
        ]
      }
    },
    {
      "type": "Feature",
      "properties": {
        "adm4_name": "San Jose",
        "adm4_name1": null,
        "adm4_name2": null,
        "adm4_name3": null,
        "adm4_pcode": "PH0702217067",
        "adm3_name": "Cebu City (Capital)",
        "adm3_name1": null,
        "adm3_name2": null,
        "adm3_name3": null,
        "adm3_pcode": "PH0702217",
        "adm2_name": "Cebu",
        "adm2_name1": null,
        "adm2_name2": null,
        "adm2_name3": null,
        "adm2_pcode": "PH07022",
        "adm1_name": "Region VII (Central Visayas)",
        "adm1_name1": null,
        "adm1_name2": null,
        "adm1_name3": null,
        "adm1_pcode": "PH07",
        "adm0_name": "Philippines",
        "adm0_name1": null,
        "adm0_name2": null,
        "adm0_name3": null,
        "adm0_pcode": "PH",
        "valid_on": "2025-02-13",
        "valid_to": null,
        "area_sqkm": 2.86939348,
        "version": "v03",
        "lang": "en",
        "lang1": null,
        "lang2": null,
        "lang3": null,
        "adm4_ref_name": "San Jose",
        "center_lat": 10.37995226,
        "center_lon": 123.90832021
      },
      "geometry": {
        "type": "Polygon",
        "coordinates": [
          [
            [
              123.91733190600007,
              10.389104243000133
            ],
            [
              123.91761032400018,
              10.389295158000039
            ],
            [
              123.9163520510001,
              10.389283027000033
            ],
            [
              123.91453983500003,
              10.389269518000049
            ],
            [
              123.91281419100005,
              10.389020485000174
            ],
            [
              123.90632491100018,
              10.388070583000058
            ],
            [
              123.90337031900015,
              10.386880285000188
            ],
            [
              123.90154765300008,
              10.38614962100013
            ],
            [
              123.90114118600002,
              10.385982248000062
            ],
            [
              123.89910463800004,
              10.385154875000069
            ],
            [
              123.89610687200002,
              10.383936995
            ],
            [
              123.9020086180002,
              10.376442754000152
            ],
            [
              123.9049144060001,
              10.372767244000158
            ],
            [
              123.90718634600012,
              10.373909819000119
            ],
            [
              123.90939224100009,
              10.373929632000056
            ],
            [
              123.91051500200001,
              10.373817356000188
            ],
            [
              123.9107923900001,
              10.373520155
            ],
            [
              123.9106140690003,
              10.372641759000146
            ],
            [
              123.91008571100008,
              10.371261424000068
            ],
            [
              123.91062898500013,
              10.370704479000096
            ],
            [
              123.91212136000001,
              10.372135821000029
            ],
            [
              123.91311317600002,
              10.371669968000106
            ],
            [
              123.91335022400017,
              10.37182044900004
            ],
            [
              123.91336993400012,
              10.371859869000104
            ],
            [
              123.91337321900016,
              10.371899289
            ],
            [
              123.91354732600007,
              10.372254072000146
            ],
            [
              123.91385987100011,
              10.372756074000108
            ],
            [
              123.91431587600005,
              10.373764986000083
            ],
            [
              123.91432869100004,
              10.373844453
            ],
            [
              123.91436147700006,
              10.37404428900004
            ],
            [
              123.91460087900009,
              10.374534495000091
            ],
            [
              123.91469208100023,
              10.37472829700016
            ],
            [
              123.91493834100015,
              10.375229585000056
            ],
            [
              123.91508101300008,
              10.375519483000062
            ],
            [
              123.91519938600004,
              10.375760009000032
            ],
            [
              123.91533185700007,
              10.375952306000045
            ],
            [
              123.91555279100021,
              10.376273015000038
            ],
            [
              123.91564767400018,
              10.376386747000026
            ],
            [
              123.91574240300008,
              10.376509334000161
            ],
            [
              123.91614784900003,
              10.377045426000109
            ],
            [
              123.916315069,
              10.377181293000035
            ],
            [
              123.91641709200007,
              10.377279428000122
            ],
            [
              123.91651364300014,
              10.377453026000069
            ],
            [
              123.91653427200015,
              10.377554848000159
            ],
            [
              123.91657635100012,
              10.377756113000032
            ],
            [
              123.91776779600002,
              10.378424995000103
            ],
            [
              123.91806013600012,
              10.37905942000009
            ],
            [
              123.91811833300005,
              10.379398482999989
            ],
            [
              123.91803327600019,
              10.379557005000152
            ],
            [
              123.91801537000015,
              10.379768368000157
            ],
            [
              123.9179762440001,
              10.379884646
            ],
            [
              123.91762623300019,
              10.379900556000052
            ],
            [
              123.91716485600011,
              10.380003968000096
            ],
            [
              123.91684666400022,
              10.380147154000042
            ],
            [
              123.91665574900014,
              10.380528984000023
            ],
            [
              123.91659211100023,
              10.380783537000013
            ],
            [
              123.91646483500017,
              10.380966497000088
            ],
            [
              123.916337558,
              10.381085819000191
            ],
            [
              123.9162500550002,
              10.381268779000038
            ],
            [
              123.9162739200001,
              10.381475603000126
            ],
            [
              123.9162659650001,
              10.381690382000045
            ],
            [
              123.91610686900003,
              10.381873343000166
            ],
            [
              123.91591595400018,
              10.382000619
            ],
            [
              123.91577276800001,
              10.38223130800003
            ],
            [
              123.91558185300016,
              10.382525635000093
            ],
            [
              123.9154625320001,
              10.3828279170001
            ],
            [
              123.91533525500017,
              10.383169973000122
            ],
            [
              123.91531139100016,
              10.383575667000116
            ],
            [
              123.91525570700014,
              10.383901813000136
            ],
            [
              123.91520797800001,
              10.384347281000032
            ],
            [
              123.9151522950001,
              10.384697291
            ],
            [
              123.9151602500001,
              10.385142759000132
            ],
            [
              123.91507274700007,
              10.385421177000069
            ],
            [
              123.91504092800005,
              10.38567573000006
            ],
            [
              123.91504888300005,
              10.385938238000108
            ],
            [
              123.9151045660002,
              10.386184836000098
            ],
            [
              123.91528752600004,
              10.386479164000093
            ],
            [
              123.91533525500017,
              10.386860993000028
            ],
            [
              123.91534492400001,
              10.387035035
            ],
            [
              123.91535116500006,
              10.387147365999965
            ],
            [
              123.91555798900026,
              10.387417827999968
            ],
            [
              123.91590004500017,
              10.387736020000034
            ],
            [
              123.91614664300016,
              10.387974663000136
            ],
            [
              123.91634551300024,
              10.3881814880001
            ],
            [
              123.9165762020001,
              10.388451950000103
            ],
            [
              123.91673529700017,
              10.388658775000067
            ],
            [
              123.9170614430002,
              10.388913328000058
            ],
            [
              123.91733190600007,
              10.389104243000133
            ]
          ]
        ]
      }
    },
    {
      "type": "Feature",
      "properties": {
        "adm4_name": "San Nicolas Central",
        "adm4_name1": null,
        "adm4_name2": null,
        "adm4_name3": null,
        "adm4_pcode": "PH0702217068",
        "adm3_name": "Cebu City (Capital)",
        "adm3_name1": null,
        "adm3_name2": null,
        "adm3_name3": null,
        "adm3_pcode": "PH0702217",
        "adm2_name": "Cebu",
        "adm2_name1": null,
        "adm2_name2": null,
        "adm2_name3": null,
        "adm2_pcode": "PH07022",
        "adm1_name": "Region VII (Central Visayas)",
        "adm1_name1": null,
        "adm1_name2": null,
        "adm1_name3": null,
        "adm1_pcode": "PH07",
        "adm0_name": "Philippines",
        "adm0_name1": null,
        "adm0_name2": null,
        "adm0_name3": null,
        "adm0_pcode": "PH",
        "valid_on": "2025-02-13",
        "valid_to": null,
        "area_sqkm": 0.28101095,
        "version": "v03",
        "lang": "en",
        "lang1": null,
        "lang2": null,
        "lang3": null,
        "adm4_ref_name": "San Nicolas Central",
        "center_lat": 10.29518599,
        "center_lon": 123.88917502
      },
      "geometry": {
        "type": "Polygon",
        "coordinates": [
          [
            [
              123.88506568900016,
              10.298050743999966
            ],
            [
              123.88484227400022,
              10.298110611000027
            ],
            [
              123.88520685300011,
              10.297796483000184
            ],
            [
              123.88531550900018,
              10.297654566000062
            ],
            [
              123.88544190300001,
              10.297488257000055
            ],
            [
              123.88554955000006,
              10.297316064000142
            ],
            [
              123.8858831770001,
              10.296787541000185
            ],
            [
              123.88601518200005,
              10.296431507000023
            ],
            [
              123.88603379600022,
              10.296387586000037
            ],
            [
              123.88606059500023,
              10.296362461000172
            ],
            [
              123.88610498300011,
              10.296342361000086
            ],
            [
              123.8861560700002,
              10.296328961000086
            ],
            [
              123.88625238200018,
              10.296321424000041
            ],
            [
              123.88635706900004,
              10.29632812400007
            ],
            [
              123.8864305740002,
              10.296347606000097
            ],
            [
              123.88649870200015,
              10.295899729999974
            ],
            [
              123.88658249700006,
              10.295348850000039
            ],
            [
              123.88664237000012,
              10.294963400000142
            ],
            [
              123.88670437000007,
              10.29475269000011
            ],
            [
              123.88678280600016,
              10.294422233000034
            ],
            [
              123.88682952300007,
              10.29414666200006
            ],
            [
              123.88693036400014,
              10.293591928000183
            ],
            [
              123.88700063800025,
              10.29317919000016
            ],
            [
              123.88731882600007,
              10.293236331000173
            ],
            [
              123.88743253200028,
              10.293256418000112
            ],
            [
              123.88745747400003,
              10.293261227000073
            ],
            [
              123.88830624600007,
              10.293410308000091
            ],
            [
              123.8887802800001,
              10.293493591000129
            ],
            [
              123.8895549,
              10.293629624000118
            ],
            [
              123.88981573900003,
              10.292202861000078
            ],
            [
              123.89045494900017,
              10.29227163100012
            ],
            [
              123.89065104300005,
              10.292293888000074
            ],
            [
              123.8907854260001,
              10.29231325700016
            ],
            [
              123.89097722400015,
              10.29234046800019
            ],
            [
              123.89105762700012,
              10.29235186700015
            ],
            [
              123.89131140300015,
              10.292387667000128
            ],
            [
              123.89151390300003,
              10.292415929000128
            ],
            [
              123.89212707000002,
              10.292506337000134
            ],
            [
              123.89240809700016,
              10.292552075
            ],
            [
              123.89228879700022,
              10.293114883000044
            ],
            [
              123.89216279600032,
              10.293638423
            ],
            [
              123.89205303300002,
              10.294020501000034
            ],
            [
              123.89178315400022,
              10.295023136000111
            ],
            [
              123.89157889100011,
              10.295836381000186
            ],
            [
              123.89157693700008,
              10.295980881000048
            ],
            [
              123.89166291200002,
              10.2960081760001
            ],
            [
              123.89192861900005,
              10.296090255000024
            ],
            [
              123.89185806000012,
              10.296160815000178
            ],
            [
              123.89160296000023,
              10.296247658000027
            ],
            [
              123.89120674000014,
              10.296361638
            ],
            [
              123.89094078500023,
              10.296448481000027
            ],
            [
              123.89064769100014,
              10.296595028000127
            ],
            [
              123.89028946600001,
              10.296795851000127
            ],
            [
              123.88988781900014,
              10.297072662000062
            ],
            [
              123.88961374000007,
              10.297269721000077
            ],
            [
              123.88957180000023,
              10.297364088
            ],
            [
              123.88946432700004,
              10.29735098100008
            ],
            [
              123.88831760200014,
              10.297240733000024
            ],
            [
              123.88742855800012,
              10.297463116000017
            ],
            [
              123.88732393900011,
              10.29748929200008
            ],
            [
              123.88650863900011,
              10.297694259000082
            ],
            [
              123.88615635800022,
              10.297782821999988
            ],
            [
              123.88571771800014,
              10.297896653000123
            ],
            [
              123.88546854800018,
              10.29795101600007
            ],
            [
              123.88506568900016,
              10.298050743999966
            ]
          ]
        ]
      }
    },
    {
      "type": "Feature",
      "properties": {
        "adm4_name": "San Roque (Ciudad)",
        "adm4_name1": null,
        "adm4_name2": null,
        "adm4_name3": null,
        "adm4_pcode": "PH0702217069",
        "adm3_name": "Cebu City (Capital)",
        "adm3_name1": null,
        "adm3_name2": null,
        "adm3_name3": null,
        "adm3_pcode": "PH0702217",
        "adm2_name": "Cebu",
        "adm2_name1": null,
        "adm2_name2": null,
        "adm2_name3": null,
        "adm2_pcode": "PH07022",
        "adm1_name": "Region VII (Central Visayas)",
        "adm1_name1": null,
        "adm1_name2": null,
        "adm1_name3": null,
        "adm1_pcode": "PH07",
        "adm0_name": "Philippines",
        "adm0_name1": null,
        "adm0_name2": null,
        "adm0_name3": null,
        "adm0_pcode": "PH",
        "valid_on": "2025-02-13",
        "valid_to": null,
        "area_sqkm": 0.45503968,
        "version": "v03",
        "lang": "en",
        "lang1": null,
        "lang2": null,
        "lang3": null,
        "adm4_ref_name": "San Roque (Ciudad)",
        "center_lat": 10.2945427,
        "center_lon": 123.90607204
      },
      "geometry": {
        "type": "Polygon",
        "coordinates": [
          [
            [
              123.90410423300011,
              10.298724496000148
            ],
            [
              123.90380723200008,
              10.298774146000142
            ],
            [
              123.9037169820001,
              10.298444056
            ],
            [
              123.90373922000003,
              10.298191528000075
            ],
            [
              123.90375891200006,
              10.297970250000049
            ],
            [
              123.90380218900032,
              10.297709995000105
            ],
            [
              123.9038120670001,
              10.297623386000168
            ],
            [
              123.90381375200013,
              10.297530768000115
            ],
            [
              123.9038255690001,
              10.297199738000074
            ],
            [
              123.90379558900031,
              10.2967200490001
            ],
            [
              123.90360142600014,
              10.295801820000065
            ],
            [
              123.90367221400015,
              10.295656198000074
            ],
            [
              123.90337919600006,
              10.294879276000131
            ],
            [
              123.9030528400001,
              10.294203571000082
            ],
            [
              123.902636873,
              10.293368487000066
            ],
            [
              123.90244648900011,
              10.292995231000077
            ],
            [
              123.90238101900002,
              10.292866882000055
            ],
            [
              123.90227132700011,
              10.292624789000172
            ],
            [
              123.90198928900008,
              10.291958297000122
            ],
            [
              123.9016644310002,
              10.29094882700008
            ],
            [
              123.90160110500028,
              10.290733520000117
            ],
            [
              123.9015247550002,
              10.290514600000108
            ],
            [
              123.9014954910001,
              10.290499883000052
            ],
            [
              123.90152146900004,
              10.290510106999989
            ],
            [
              123.90158678500018,
              10.29053420800011
            ],
            [
              123.90165210000032,
              10.290554293000127
            ],
            [
              123.90174599200009,
              10.290590443000099
            ],
            [
              123.90179701900001,
              10.29061253500015
            ],
            [
              123.90189907500007,
              10.290646677000097
            ],
            [
              123.90192356900013,
              10.29065872700005
            ],
            [
              123.90195010300022,
              10.290668768999979
            ],
            [
              123.90201541900012,
              10.290686845000039
            ],
            [
              123.90204195400008,
              10.29069086100003
            ],
            [
              123.90207053000017,
              10.290698896000094
            ],
            [
              123.90209502300013,
              10.290702912000086
            ],
            [
              123.90212768100002,
              10.290710947000093
            ],
            [
              123.90216033900003,
              10.290716971000052
            ],
            [
              123.90220524400013,
              10.290720988000146
            ],
            [
              123.90225014900034,
              10.290729022000107
            ],
            [
              123.90231750600014,
              10.290745089000097
            ],
            [
              123.90234404200021,
              10.290755131000026
            ],
            [
              123.90238078200002,
              10.29076316600009
            ],
            [
              123.90241675000004,
              10.290778166000052
            ],
            [
              123.90249431300015,
              10.290800259000036
            ],
            [
              123.90263311000001,
              10.29083641000011
            ],
            [
              123.90271475700001,
              10.290860511000062
            ],
            [
              123.9029127450001,
              10.290904696000041
            ],
            [
              123.90295765000019,
              10.290916747000097
            ],
            [
              123.90302092500019,
              10.290940847000115
            ],
            [
              123.90306378900016,
              10.290950889000044
            ],
            [
              123.90308828200011,
              10.29096093100003
            ],
            [
              123.90313318700021,
              10.290968965000161
            ],
            [
              123.90321075100007,
              10.290993066000112
            ],
            [
              123.90324544900011,
              10.2910071230001
            ],
            [
              123.90326382000012,
              10.291017166000131
            ],
            [
              123.90333934100022,
              10.291061349000131
            ],
            [
              123.90335771200023,
              10.29107540700005
            ],
            [
              123.90337404100012,
              10.29108544899998
            ],
            [
              123.90339241000004,
              10.291093481000132
            ],
            [
              123.90343731500002,
              10.291123607000145
            ],
            [
              123.90349038400007,
              10.291167790000145
            ],
            [
              123.90352508300009,
              10.291187872000023
            ],
            [
              123.90354141200032,
              10.291203940000116
            ],
            [
              123.90356386400003,
              10.291217998000036
            ],
            [
              123.90357611100012,
              10.291228039999964
            ],
            [
              123.90359448100003,
              10.291246114000046
            ],
            [
              123.90361897500009,
              10.291280255000117
            ],
            [
              123.90362509800002,
              10.291296322000107
            ],
            [
              123.90363530300021,
              10.291314396000018
            ],
            [
              123.90364790900003,
              10.291327506000073
            ],
            [
              123.90407671200023,
              10.29134307600009
            ],
            [
              123.9042351270001,
              10.291352430000131
            ],
            [
              123.90443472900006,
              10.291357110000035
            ],
            [
              123.90462888700017,
              10.29136422900018
            ],
            [
              123.90463367100006,
              10.291373644000146
            ],
            [
              123.90466237700014,
              10.291374990000065
            ],
            [
              123.9046695720001,
              10.291365278000171
            ],
            [
              123.90476542300007,
              10.291371024000114
            ],
            [
              123.90483463300018,
              10.29136867699998
            ],
            [
              123.90491308700007,
              10.2913616350001
            ],
            [
              123.9055550700001,
              10.291317031000176
            ],
            [
              123.90704437700003,
              10.291221716000166
            ],
            [
              123.9072776730003,
              10.291645883
            ],
            [
              123.90774467300002,
              10.292519826000103
            ],
            [
              123.9079819770003,
              10.292388615
            ],
            [
              123.90811729500012,
              10.29263174700003
            ],
            [
              123.90912403900029,
              10.292098670000087
            ],
            [
              123.90926720300024,
              10.292363028000125
            ],
            [
              123.9080434220001,
              10.293013005000148
            ],
            [
              123.90805428800002,
              10.293036604000065
            ],
            [
              123.90806017100022,
              10.293053972000052
            ],
            [
              123.90806017100022,
              10.293067479000058
            ],
            [
              123.90805232600019,
              10.293086775000063
            ],
            [
              123.90823597900021,
              10.293428203000019
            ],
            [
              123.90824512300003,
              10.293427542000074
            ],
            [
              123.90831648500011,
              10.293574119000027
            ],
            [
              123.90837720600007,
              10.293537038000068
            ],
            [
              123.90874047700004,
              10.294196962000171
            ],
            [
              123.90919483000005,
              10.295037115000127
            ],
            [
              123.91032397300012,
              10.294431448000182
            ],
            [
              123.91036059600003,
              10.294417028000055
            ],
            [
              123.91038153400018,
              10.294425268000055
            ],
            [
              123.91039619000014,
              10.29443557000019
            ],
            [
              123.91050716300003,
              10.29464982200011
            ],
            [
              123.91050506800025,
              10.294668362999971
            ],
            [
              123.91049878600006,
              10.294684844000187
            ],
            [
              123.90990669900009,
              10.294992978000096
            ],
            [
              123.90988549700023,
              10.295015703000104
            ],
            [
              123.90928484500012,
              10.295338051000158
            ],
            [
              123.90959110400013,
              10.29591861400013
            ],
            [
              123.90962539100008,
              10.295981641000083
            ],
            [
              123.90951532800011,
              10.296035719000145
            ],
            [
              123.90930903700018,
              10.296175748999985
            ],
            [
              123.90875013100026,
              10.29651912900016
            ],
            [
              123.90787706900016,
              10.297081688000105
            ],
            [
              123.90779305100011,
              10.297216848000062
            ],
            [
              123.90747889500005,
              10.297344701999975
            ],
            [
              123.90694921300008,
              10.29742872100013
            ],
            [
              123.90594336100003,
              10.297572557000137
            ],
            [
              123.90596910100021,
              10.297708608999983
            ],
            [
              123.90598013200031,
              10.297774796000056
            ],
            [
              123.90599484000029,
              10.297833629000024
            ],
            [
              123.906105152,
              10.29830797000011
            ],
            [
              123.90611628600004,
              10.298388062000186
            ],
            [
              123.90570146600021,
              10.298455977
            ],
            [
              123.90536890400006,
              10.298513583000158
            ],
            [
              123.90462824100007,
              10.29863689399997
            ],
            [
              123.90410423300011,
              10.298724496000148
            ]
          ]
        ]
      }
    },
    {
      "type": "Feature",
      "properties": {
        "adm4_name": "Santa Cruz (Pob.)",
        "adm4_name1": null,
        "adm4_name2": null,
        "adm4_name3": null,
        "adm4_pcode": "PH0702217070",
        "adm3_name": "Cebu City (Capital)",
        "adm3_name1": null,
        "adm3_name2": null,
        "adm3_name3": null,
        "adm3_pcode": "PH0702217",
        "adm2_name": "Cebu",
        "adm2_name1": null,
        "adm2_name2": null,
        "adm2_name3": null,
        "adm2_pcode": "PH07022",
        "adm1_name": "Region VII (Central Visayas)",
        "adm1_name1": null,
        "adm1_name2": null,
        "adm1_name3": null,
        "adm1_pcode": "PH07",
        "adm0_name": "Philippines",
        "adm0_name1": null,
        "adm0_name2": null,
        "adm0_name3": null,
        "adm0_pcode": "PH",
        "valid_on": "2025-02-13",
        "valid_to": null,
        "area_sqkm": 0.22906234,
        "version": "v03",
        "lang": "en",
        "lang1": null,
        "lang2": null,
        "lang3": null,
        "adm4_ref_name": "Santa Cruz (Pob.)",
        "center_lat": 10.30618097,
        "center_lon": 123.89580172
      },
      "geometry": {
        "type": "Polygon",
        "coordinates": [
          [
            [
              123.89554903200019,
              10.309826595000061
            ],
            [
              123.89546137400009,
              10.310245574000021
            ],
            [
              123.89434495500018,
              10.309888204000117
            ],
            [
              123.893865634,
              10.30978224200004
            ],
            [
              123.8932499880001,
              10.309549065
            ],
            [
              123.893382072,
              10.309170374000018
            ],
            [
              123.89412542600019,
              10.307065254000122
            ],
            [
              123.89419855100027,
              10.306836495000141
            ],
            [
              123.89445016600007,
              10.306047736000153
            ],
            [
              123.89461253500008,
              10.305549802000144
            ],
            [
              123.89480340800014,
              10.305077555000082
            ],
            [
              123.89514221600007,
              10.304238419000114
            ],
            [
              123.89531698600001,
              10.303805811000188
            ],
            [
              123.89536657100007,
              10.303686045000063
            ],
            [
              123.89558977100012,
              10.303060980999987
            ],
            [
              123.89591890900033,
              10.302136108000127
            ],
            [
              123.89692557,
              10.302507718000129
            ],
            [
              123.89713848100018,
              10.30256735800009
            ],
            [
              123.89775223700019,
              10.302744760000053
            ],
            [
              123.89786472000014,
              10.302777834000096
            ],
            [
              123.8983122410001,
              10.302967059000082
            ],
            [
              123.89830757300012,
              10.303230842000119
            ],
            [
              123.89828354600002,
              10.30454109100009
            ],
            [
              123.8982815620002,
              10.304700521000143
            ],
            [
              123.89798743100005,
              10.305109113000185
            ],
            [
              123.89757508500008,
              10.305681921000144
            ],
            [
              123.89741043000004,
              10.305896264000012
            ],
            [
              123.89709533600023,
              10.306314205999968
            ],
            [
              123.89657048900006,
              10.307010368000022
            ],
            [
              123.89593600700016,
              10.30784312500009
            ],
            [
              123.89582675500003,
              10.307981283000174
            ],
            [
              123.89553945600017,
              10.308345423000105
            ],
            [
              123.89551379200009,
              10.3083788080001
            ],
            [
              123.89496075300008,
              10.30908797800015
            ],
            [
              123.89551043900008,
              10.309389401000146
            ],
            [
              123.89544444900002,
              10.309565138000039
            ],
            [
              123.89554903200019,
              10.309826595000061
            ]
          ]
        ]
      }
    },
    {
      "type": "Feature",
      "properties": {
        "adm4_name": "Sawang Calero (Pob.)",
        "adm4_name1": null,
        "adm4_name2": null,
        "adm4_name3": null,
        "adm4_pcode": "PH0702217071",
        "adm3_name": "Cebu City (Capital)",
        "adm3_name1": null,
        "adm3_name2": null,
        "adm3_name3": null,
        "adm3_pcode": "PH0702217",
        "adm2_name": "Cebu",
        "adm2_name1": null,
        "adm2_name2": null,
        "adm2_name3": null,
        "adm2_pcode": "PH07022",
        "adm1_name": "Region VII (Central Visayas)",
        "adm1_name1": null,
        "adm1_name2": null,
        "adm1_name3": null,
        "adm1_pcode": "PH07",
        "adm0_name": "Philippines",
        "adm0_name1": null,
        "adm0_name2": null,
        "adm0_name3": null,
        "adm0_pcode": "PH",
        "valid_on": "2025-02-13",
        "valid_to": null,
        "area_sqkm": 0.24269923,
        "version": "v03",
        "lang": "en",
        "lang1": null,
        "lang2": null,
        "lang3": null,
        "adm4_ref_name": "Sawang Calero (Pob.)",
        "center_lat": 10.28931955,
        "center_lon": 123.88871485
      },
      "geometry": {
        "type": "Polygon",
        "coordinates": [
          [
            [
              123.88981573900003,
              10.292202861000078
            ],
            [
              123.8895549,
              10.293629624000118
            ],
            [
              123.8887802800001,
              10.293493591000129
            ],
            [
              123.88830624600007,
              10.293410308000091
            ],
            [
              123.88745747400003,
              10.293261227000073
            ],
            [
              123.88743253200028,
              10.293256418000112
            ],
            [
              123.88731882600007,
              10.293236331000173
            ],
            [
              123.88700063800025,
              10.29317919000016
            ],
            [
              123.88717061900002,
              10.29218167800019
            ],
            [
              123.8871140790003,
              10.291949636000027
            ],
            [
              123.88707029000011,
              10.291844358
            ],
            [
              123.88704738500007,
              10.291789022000046
            ],
            [
              123.88698610100005,
              10.291693392000127
            ],
            [
              123.8869593710001,
              10.291476361000036
            ],
            [
              123.8869524060002,
              10.29141989700014
            ],
            [
              123.8869037720001,
              10.291264148000153
            ],
            [
              123.88690750900014,
              10.291231558000106
            ],
            [
              123.8869443110001,
              10.290907531000016
            ],
            [
              123.88692036600003,
              10.290701999000078
            ],
            [
              123.88689640800033,
              10.290574228000082
            ],
            [
              123.88675950400022,
              10.290170991000025
            ],
            [
              123.88623934300006,
              10.289858062000121
            ],
            [
              123.8857561960001,
              10.28956751300018
            ],
            [
              123.88536567200015,
              10.289332665000131
            ],
            [
              123.88540903000023,
              10.28930643700005
            ],
            [
              123.88546045500004,
              10.289363234000064
            ],
            [
              123.88678744700007,
              10.290166631000034
            ],
            [
              123.88685290500018,
              10.289246030000129
            ],
            [
              123.8875027490003,
              10.289249475000133
            ],
            [
              123.88820669600022,
              10.289263408000124
            ],
            [
              123.88819496700023,
              10.28820210200007
            ],
            [
              123.88818897600015,
              10.288182456000072
            ],
            [
              123.88818698000034,
              10.288156912999966
            ],
            [
              123.88821853700006,
              10.288159515000018
            ],
            [
              123.8882225320001,
              10.288171304
            ],
            [
              123.88822652500016,
              10.28817523300006
            ],
            [
              123.88827644600008,
              10.288155588000166
            ],
            [
              123.88830639900004,
              10.28813790400011
            ],
            [
              123.88832037700013,
              10.28813201000014
            ],
            [
              123.88833834900004,
              10.28813201000014
            ],
            [
              123.88835831800031,
              10.288135940000132
            ],
            [
              123.8883663050002,
              10.288143799000125
            ],
            [
              123.8883663050002,
              10.288151659000107
            ],
            [
              123.88835831800031,
              10.2881595180001
            ],
            [
              123.88836231100004,
              10.288173270000186
            ],
            [
              123.88969022200001,
              10.288167391000172
            ],
            [
              123.88982751700007,
              10.287512366000044
            ],
            [
              123.89007114100002,
              10.286414072000127
            ],
            [
              123.89031875700005,
              10.285268482
            ],
            [
              123.89031676000002,
              10.285249647000114
            ],
            [
              123.89031276700007,
              10.285241789
            ],
            [
              123.89030877300013,
              10.285206424000023
            ],
            [
              123.89031676100012,
              10.285182846000055
            ],
            [
              123.89031875800003,
              10.285173022000095
            ],
            [
              123.89031875800003,
              10.28516123500009
            ],
            [
              123.89032275300008,
              10.285151411000186
            ],
            [
              123.89032474800013,
              10.28513765700012
            ],
            [
              123.89033273600012,
              10.285114081000131
            ],
            [
              123.89033872700008,
              10.285104256000125
            ],
            [
              123.8903467140002,
              10.285053173000051
            ],
            [
              123.8903467140002,
              10.28503156100004
            ],
            [
              123.89034871100012,
              10.285019772000055
            ],
            [
              123.89035270500005,
              10.285011913000176
            ],
            [
              123.8903626890002,
              10.285007983000014
            ],
            [
              123.8903706760002,
              10.285011913000176
            ],
            [
              123.89038066100022,
              10.285021737000136
            ],
            [
              123.89039264200005,
              10.285039420999965
            ],
            [
              123.8904026260002,
              10.285047280000185
            ],
            [
              123.8904106140003,
              10.28505120800014
            ],
            [
              123.89042059700012,
              10.28505120800014
            ],
            [
              123.89043257800017,
              10.285062997000125
            ],
            [
              123.89045054900032,
              10.28508461000007
            ],
            [
              123.89045454300015,
              10.285094433000097
            ],
            [
              123.8904984730002,
              10.285139622000031
            ],
            [
              123.89050446300018,
              10.285149446000105
            ],
            [
              123.89051644400001,
              10.28516320000017
            ],
            [
              123.89051844100004,
              10.285173023000027
            ],
            [
              123.8905144480002,
              10.285182847000101
            ],
            [
              123.89051245000007,
              10.285196601
            ],
            [
              123.89051844100004,
              10.285214283000073
            ],
            [
              123.89053641300018,
              10.285231966000026
            ],
            [
              123.8905543850002,
              10.285253578000038
            ],
            [
              123.89056636400005,
              10.285279121000087
            ],
            [
              123.89056836100008,
              10.285300732
            ],
            [
              123.89056436700014,
              10.285316450000096
            ],
            [
              123.89056436700014,
              10.285324310000021
            ],
            [
              123.89056237100033,
              10.285332169000014
            ],
            [
              123.89055638000013,
              10.285340027000132
            ],
            [
              123.89054639600022,
              10.2853459210001
            ],
            [
              123.89052443100002,
              10.285341991000166
            ],
            [
              123.89049048400034,
              10.28533020400016
            ],
            [
              123.8904585350001,
              10.285324309000089
            ],
            [
              123.8904345730001,
              10.285314485000185
            ],
            [
              123.89042259300015,
              10.285314485000185
            ],
            [
              123.89041061100022,
              10.28531841500012
            ],
            [
              123.89039463600022,
              10.285332167000035
            ],
            [
              123.89039319100004,
              10.285351272000128
            ],
            [
              123.89017552900009,
              10.286320972000055
            ],
            [
              123.88991762600006,
              10.287498155000037
            ],
            [
              123.88992262300019,
              10.287529763000123
            ],
            [
              123.88995675800004,
              10.287535313000092
            ],
            [
              123.88981812900022,
              10.288181778000023
            ],
            [
              123.89031133100002,
              10.288229055000102
            ],
            [
              123.89039674400021,
              10.287850913000057
            ],
            [
              123.89038251000011,
              10.287850728000137
            ],
            [
              123.8903860690001,
              10.287831470000128
            ],
            [
              123.89039852400003,
              10.287831471000061
            ],
            [
              123.89042877400004,
              10.28769841999997
            ],
            [
              123.89041631900011,
              10.287696669000127
            ],
            [
              123.89042165800015,
              10.28767391200006
            ],
            [
              123.89043589200026,
              10.28767566300013
            ],
            [
              123.89046436300009,
              10.287546114000179
            ],
            [
              123.89044834900017,
              10.287544363000109
            ],
            [
              123.8904501290001,
              10.287528606000137
            ],
            [
              123.89046436300009,
              10.287530357000037
            ],
            [
              123.89047148100008,
              10.287519853000049
            ],
            [
              123.89057823600001,
              10.287544364000041
            ],
            [
              123.89058357400006,
              10.287551367000162
            ],
            [
              123.89059603000021,
              10.287556511000048
            ],
            [
              123.89059069100006,
              10.287574018000157
            ],
            [
              123.89057645800017,
              10.287572267000087
            ],
            [
              123.89055154500011,
              10.287700066000127
            ],
            [
              123.89056577800022,
              10.287705318
            ],
            [
              123.89056044000006,
              10.287724574000038
            ],
            [
              123.89054620600018,
              10.287722823000138
            ],
            [
              123.89051595700005,
              10.287857625000072
            ],
            [
              123.89053019000005,
              10.28786112600011
            ],
            [
              123.89052663200016,
              10.287885636
            ],
            [
              123.89050825200002,
              10.28788264900004
            ],
            [
              123.89042861400003,
              10.28823650600009
            ],
            [
              123.89064627300002,
              10.288249570000119
            ],
            [
              123.89063299000009,
              10.28878612699998
            ],
            [
              123.8906356440001,
              10.288804408000033
            ],
            [
              123.89063564300022,
              10.288864477000118
            ],
            [
              123.8906303340002,
              10.288885371000049
            ],
            [
              123.89062237200005,
              10.288890595000112
            ],
            [
              123.89060909900013,
              10.288895817000025
            ],
            [
              123.89059317200031,
              10.288911488000167
            ],
            [
              123.89056744200013,
              10.289852518000032
            ],
            [
              123.89057097000011,
              10.289854253000101
            ],
            [
              123.89058331800004,
              10.289854253000101
            ],
            [
              123.89060624900003,
              10.289857726000093
            ],
            [
              123.89063270700012,
              10.289873345000103
            ],
            [
              123.89064505300007,
              10.289876816000117
            ],
            [
              123.8906644560002,
              10.289876817
            ],
            [
              123.89067503900003,
              10.28988028900011
            ],
            [
              123.89068385800022,
              10.289887230999966
            ],
            [
              123.89069620500004,
              10.289892438000152
            ],
            [
              123.89071031600008,
              10.289895908000062
            ],
            [
              123.89073148400007,
              10.289899380000179
            ],
            [
              123.89078087300015,
              10.289902853000058
            ],
            [
              123.89080733000026,
              10.289908060000187
            ],
            [
              123.89089552400014,
              10.289930623000032
            ],
            [
              123.89096608000011,
              10.28994277300012
            ],
            [
              123.89099253800009,
              10.289942774000053
            ],
            [
              123.89105251100023,
              10.289930626000114
            ],
            [
              123.89107191400012,
              10.289923684000087
            ],
            [
              123.89109131700002,
              10.2899097990001
            ],
            [
              123.89113365100002,
              10.289885504000097
            ],
            [
              123.89115305400014,
              10.289880298000014
            ],
            [
              123.891179512,
              10.289878563000173
            ],
            [
              123.89119978000008,
              10.289865768000084
            ],
            [
              123.89119123300031,
              10.289383814000189
            ],
            [
              123.89173434000008,
              10.289382544000034
            ],
            [
              123.89173319600013,
              10.28940405600008
            ],
            [
              123.89172532300006,
              10.289954600000158
            ],
            [
              123.89172504600003,
              10.289988309000023
            ],
            [
              123.89172387600024,
              10.290248276000113
            ],
            [
              123.89173234200007,
              10.290372354000056
            ],
            [
              123.89173691900021,
              10.290438546000019
            ],
            [
              123.89174102600009,
              10.290618701000085
            ],
            [
              123.89173700100002,
              10.29067061700016
            ],
            [
              123.8916969070001,
              10.291187895000121
            ],
            [
              123.891649389,
              10.29171744100006
            ],
            [
              123.89161330800016,
              10.292014762000065
            ],
            [
              123.89161069100021,
              10.292038662000095
            ],
            [
              123.89151390300003,
              10.292415929000128
            ],
            [
              123.89131140300015,
              10.292387667000128
            ],
            [
              123.89105762700012,
              10.29235186700015
            ],
            [
              123.89097722400015,
              10.29234046800019
            ],
            [
              123.8907854260001,
              10.29231325700016
            ],
            [
              123.89065104300005,
              10.292293888000074
            ],
            [
              123.89045494900017,
              10.29227163100012
            ],
            [
              123.88981573900003,
              10.292202861000078
            ]
          ]
        ]
      }
    },
    {
      "type": "Feature",
      "properties": {
        "adm4_name": "Sinsin",
        "adm4_name1": null,
        "adm4_name2": null,
        "adm4_name3": null,
        "adm4_pcode": "PH0702217073",
        "adm3_name": "Cebu City (Capital)",
        "adm3_name1": null,
        "adm3_name2": null,
        "adm3_name3": null,
        "adm3_pcode": "PH0702217",
        "adm2_name": "Cebu",
        "adm2_name1": null,
        "adm2_name2": null,
        "adm2_name3": null,
        "adm2_pcode": "PH07022",
        "adm1_name": "Region VII (Central Visayas)",
        "adm1_name1": null,
        "adm1_name2": null,
        "adm1_name3": null,
        "adm1_pcode": "PH07",
        "adm0_name": "Philippines",
        "adm0_name1": null,
        "adm0_name2": null,
        "adm0_name3": null,
        "adm0_pcode": "PH",
        "valid_on": "2025-02-13",
        "valid_to": null,
        "area_sqkm": 8.12206885,
        "version": "v03",
        "lang": "en",
        "lang1": null,
        "lang2": null,
        "lang3": null,
        "adm4_ref_name": "Sinsin",
        "center_lat": 10.3454465,
        "center_lon": 123.78611684
      },
      "geometry": {
        "type": "Polygon",
        "coordinates": [
          [
            [
              123.77784979500018,
              10.363480342
            ],
            [
              123.77640038000004,
              10.363719601000184
            ],
            [
              123.77045034100001,
              10.361988495000105
            ],
            [
              123.77611373000013,
              10.348857154000143
            ],
            [
              123.77585622900006,
              10.327592970000069
            ],
            [
              123.77792813200017,
              10.327767462999986
            ],
            [
              123.77979950900021,
              10.32797184900005
            ],
            [
              123.78901216900022,
              10.329773671999988
            ],
            [
              123.79125824300002,
              10.332464685000161
            ],
            [
              123.79178422700011,
              10.33516035100007
            ],
            [
              123.79152620900004,
              10.33823867200016
            ],
            [
              123.79142501700005,
              10.338344685000152
            ],
            [
              123.79132917900006,
              10.33848178200003
            ],
            [
              123.7913298100002,
              10.33854804900011
            ],
            [
              123.79132537700013,
              10.338599335000083
            ],
            [
              123.7913702960002,
              10.338658432000045
            ],
            [
              123.79140936800002,
              10.338674140000137
            ],
            [
              123.79144436300021,
              10.33876187300018
            ],
            [
              123.79143204400032,
              10.338799488
            ],
            [
              123.79218070400009,
              10.34104877600015
            ],
            [
              123.79572339800029,
              10.344962182000131
            ],
            [
              123.79659911200008,
              10.345930813000052
            ],
            [
              123.80009824000024,
              10.349801220000074
            ],
            [
              123.79949790700005,
              10.356454528000086
            ],
            [
              123.79520708000007,
              10.358493461000137
            ],
            [
              123.7881767340001,
              10.361772694000138
            ],
            [
              123.78547217500022,
              10.362219761000063
            ],
            [
              123.7853978490001,
              10.362215521999985
            ],
            [
              123.78528608500028,
              10.362226382000188
            ],
            [
              123.78517482900031,
              10.362253352000096
            ],
            [
              123.7851177900003,
              10.362278072000038
            ],
            [
              123.7844140310001,
              10.362395549000041
            ],
            [
              123.77784979500018,
              10.363480342
            ]
          ]
        ]
      }
    },
    {
      "type": "Feature",
      "properties": {
        "adm4_name": "Sirao",
        "adm4_name1": null,
        "adm4_name2": null,
        "adm4_name3": null,
        "adm4_pcode": "PH0702217074",
        "adm3_name": "Cebu City (Capital)",
        "adm3_name1": null,
        "adm3_name2": null,
        "adm3_name3": null,
        "adm3_pcode": "PH0702217",
        "adm2_name": "Cebu",
        "adm2_name1": null,
        "adm2_name2": null,
        "adm2_name3": null,
        "adm2_pcode": "PH07022",
        "adm1_name": "Region VII (Central Visayas)",
        "adm1_name1": null,
        "adm1_name2": null,
        "adm1_name3": null,
        "adm1_pcode": "PH07",
        "adm0_name": "Philippines",
        "adm0_name1": null,
        "adm0_name2": null,
        "adm0_name3": null,
        "adm0_pcode": "PH",
        "valid_on": "2025-02-13",
        "valid_to": null,
        "area_sqkm": 7.70456432,
        "version": "v03",
        "lang": "en",
        "lang1": null,
        "lang2": null,
        "lang3": null,
        "adm4_ref_name": "Sirao",
        "center_lat": 10.41069646,
        "center_lon": 123.87737527
      },
      "geometry": {
        "type": "Polygon",
        "coordinates": [
          [
            [
              123.87831696000012,
              10.421038759000112
            ],
            [
              123.87248392600009,
              10.425304531999984
            ],
            [
              123.87215861000004,
              10.425167782000074
            ],
            [
              123.86775838300002,
              10.424175300000172
            ],
            [
              123.86596205500007,
              10.422049338000136
            ],
            [
              123.86432245000003,
              10.420215006999967
            ],
            [
              123.863628446,
              10.419067090000112
            ],
            [
              123.86332344300024,
              10.418221151000012
            ],
            [
              123.86305643900005,
              10.417260219000127
            ],
            [
              123.86250643800008,
              10.416656264000153
            ],
            [
              123.86172143700003,
              10.416260295000143
            ],
            [
              123.86113343600016,
              10.415797330000146
            ],
            [
              123.86061443400001,
              10.415274369000088
            ],
            [
              123.86040842900013,
              10.413919465000106
            ],
            [
              123.86042442300004,
              10.412552561000155
            ],
            [
              123.85956141800011,
              10.411161662000097
            ],
            [
              123.85941878100016,
              10.410909157000049
            ],
            [
              123.85896641400007,
              10.410129737000034
            ],
            [
              123.85768954200012,
              10.408749244000148
            ],
            [
              123.86477637700023,
              10.4050279060001
            ],
            [
              123.87975891300016,
              10.400530791000051
            ],
            [
              123.89319931500006,
              10.396435429000121
            ],
            [
              123.89399753200007,
              10.397906816999978
            ],
            [
              123.8957745030001,
              10.398438526
            ],
            [
              123.89587780600004,
              10.39863923300004
            ],
            [
              123.89654612500021,
              10.399564287000032
            ],
            [
              123.89674514300009,
              10.4007579580001
            ],
            [
              123.89672769200001,
              10.401432163000038
            ],
            [
              123.89663946900009,
              10.40479689500006
            ],
            [
              123.89550612700009,
              10.410483764000105
            ],
            [
              123.89535155400006,
              10.411129331000154
            ],
            [
              123.89525153700004,
              10.41133845800016
            ],
            [
              123.88971479900022,
              10.413922610999975
            ],
            [
              123.88517024200019,
              10.416014243000063
            ],
            [
              123.87831696000012,
              10.421038759000112
            ]
          ]
        ]
      }
    },
    {
      "type": "Feature",
      "properties": {
        "adm4_name": "Suba Pob. (Suba San Nicolas)",
        "adm4_name1": null,
        "adm4_name2": null,
        "adm4_name3": null,
        "adm4_pcode": "PH0702217075",
        "adm3_name": "Cebu City (Capital)",
        "adm3_name1": null,
        "adm3_name2": null,
        "adm3_name3": null,
        "adm3_pcode": "PH0702217",
        "adm2_name": "Cebu",
        "adm2_name1": null,
        "adm2_name2": null,
        "adm2_name3": null,
        "adm2_pcode": "PH07022",
        "adm1_name": "Region VII (Central Visayas)",
        "adm1_name1": null,
        "adm1_name2": null,
        "adm1_name3": null,
        "adm1_pcode": "PH07",
        "adm0_name": "Philippines",
        "adm0_name1": null,
        "adm0_name2": null,
        "adm0_name3": null,
        "adm0_pcode": "PH",
        "valid_on": "2025-02-13",
        "valid_to": null,
        "area_sqkm": 0.09669399,
        "version": "v03",
        "lang": "en",
        "lang1": null,
        "lang2": null,
        "lang3": null,
        "adm4_ref_name": "Suba Pob. (Suba San Nicolas)",
        "center_lat": 10.29090905,
        "center_lon": 123.89284877
      },
      "geometry": {
        "type": "Polygon",
        "coordinates": [
          [
            [
              123.8940250610001,
              10.292457859000024
            ],
            [
              123.89393245700012,
              10.292873662999966
            ],
            [
              123.89377439500004,
              10.292846486000144
            ],
            [
              123.89376891600034,
              10.292845476000082
            ],
            [
              123.89376358100003,
              10.292844611000078
            ],
            [
              123.89360138900008,
              10.292816904000176
            ],
            [
              123.89240809700016,
              10.292552075
            ],
            [
              123.89212707000002,
              10.292506337000134
            ],
            [
              123.89151390300003,
              10.292415929000128
            ],
            [
              123.89161069100021,
              10.292038662000095
            ],
            [
              123.89161330800016,
              10.292014762000065
            ],
            [
              123.891649389,
              10.29171744100006
            ],
            [
              123.8916969070001,
              10.291187895000121
            ],
            [
              123.89173700100002,
              10.29067061700016
            ],
            [
              123.89174102600009,
              10.290618701000085
            ],
            [
              123.89173691900021,
              10.290438546000019
            ],
            [
              123.89173234200007,
              10.290372354000056
            ],
            [
              123.89172387600024,
              10.290248276000113
            ],
            [
              123.89172504600003,
              10.289988309000023
            ],
            [
              123.89172532300006,
              10.289954600000158
            ],
            [
              123.89173319600013,
              10.28940405600008
            ],
            [
              123.89173434000008,
              10.289382544000034
            ],
            [
              123.89244398500023,
              10.289380885000185
            ],
            [
              123.89244979100022,
              10.289404036000064
            ],
            [
              123.89246048600012,
              10.289399827000182
            ],
            [
              123.89251182300018,
              10.289364049000028
            ],
            [
              123.89255674200024,
              10.289328271000102
            ],
            [
              123.89256743700014,
              10.289321957000084
            ],
            [
              123.89262519100009,
              10.289271449000182
            ],
            [
              123.89263802500011,
              10.289256717000058
            ],
            [
              123.89265513700013,
              10.289244088000146
            ],
            [
              123.89267224900016,
              10.28922725199999
            ],
            [
              123.89270861300008,
              10.289197789000127
            ],
            [
              123.8927257250001,
              10.289180952000095
            ],
            [
              123.89276636600005,
              10.289153592000105
            ],
            [
              123.89277492200017,
              10.289145174000112
            ],
            [
              123.89281128600021,
              10.289124129000072
            ],
            [
              123.89284551000014,
              10.289109396000185
            ],
            [
              123.89288401200031,
              10.28908624700017
            ],
            [
              123.89293107000015,
              10.28906309600012
            ],
            [
              123.89294176500005,
              10.289056782000102
            ],
            [
              123.89297171200008,
              10.289031527000077
            ],
            [
              123.8929845460001,
              10.289025214000162
            ],
            [
              123.89299951900023,
              10.28901469100009
            ],
            [
              123.89305044800005,
              10.288997854
            ],
            [
              123.89306970000007,
              10.288987332000033
            ],
            [
              123.89308681300031,
              10.288974705000157
            ],
            [
              123.89313387000004,
              10.288947345
            ],
            [
              123.89314028700016,
              10.288941031000036
            ],
            [
              123.89319590200023,
              10.288909463000095
            ],
            [
              123.89321729200003,
              10.288903149000078
            ],
            [
              123.89323654300006,
              10.288894732000188
            ],
            [
              123.8932729070001,
              10.288888418000056
            ],
            [
              123.8933499100001,
              10.288888418000056
            ],
            [
              123.89339269000016,
              10.288892628000042
            ],
            [
              123.8934140800003,
              10.288898942
            ],
            [
              123.8934290530002,
              10.288901047000081
            ],
            [
              123.89350178000007,
              10.288917885000046
            ],
            [
              123.89352958700022,
              10.288930513000025
            ],
            [
              123.89360231100011,
              10.2889515600001
            ],
            [
              123.89363653500016,
              10.288972607000176
            ],
            [
              123.8936622030003,
              10.288978921000137
            ],
            [
              123.89371995600004,
              10.288999967000109
            ],
            [
              123.89378840300014,
              10.289035745000035
            ],
            [
              123.89379695900027,
              10.289044164000131
            ],
            [
              123.89381193200018,
              10.289052582000124
            ],
            [
              123.8938333220002,
              10.289071525000168
            ],
            [
              123.89386326800002,
              10.289105198000016
            ],
            [
              123.89388251800017,
              10.289134663000084
            ],
            [
              123.89388679600017,
              10.289145186000155
            ],
            [
              123.89389749100008,
              10.289159917
            ],
            [
              123.89390818600032,
              10.289178860000106
            ],
            [
              123.89394454800015,
              10.289258835000055
            ],
            [
              123.89395310400016,
              10.28928409000008
            ],
            [
              123.89396166000017,
              10.28930092700017
            ],
            [
              123.89396593900005,
              10.289313555000149
            ],
            [
              123.89397235500007,
              10.289324078
            ],
            [
              123.89398091100009,
              10.289347228000167
            ],
            [
              123.89399484400008,
              10.289377704
            ],
            [
              123.89390056400009,
              10.289519125000083
            ],
            [
              123.89384963800012,
              10.289700193000158
            ],
            [
              123.8938552970003,
              10.289864285000021
            ],
            [
              123.89387227200007,
              10.290079303000084
            ],
            [
              123.89388044900011,
              10.29016470900001
            ],
            [
              123.89396636800018,
              10.290846472000055
            ],
            [
              123.89399165600014,
              10.290971620999983
            ],
            [
              123.89400914300006,
              10.291020993000188
            ],
            [
              123.89403118400003,
              10.291101828000023
            ],
            [
              123.89407704000007,
              10.291170245000103
            ],
            [
              123.89407836800001,
              10.291195119
            ],
            [
              123.89407796600017,
              10.291202203000068
            ],
            [
              123.89407341200001,
              10.291264448000163
            ],
            [
              123.89409297300006,
              10.29134560500006
            ],
            [
              123.89410722000014,
              10.291404804000024
            ],
            [
              123.89410925300001,
              10.291609624000102
            ],
            [
              123.89412238100022,
              10.291715987000146
            ],
            [
              123.89405569600012,
              10.291853887000173
            ],
            [
              123.89401587400005,
              10.292069488000152
            ],
            [
              123.89395819000003,
              10.292349463000164
            ],
            [
              123.89397758400003,
              10.292381130000024
            ],
            [
              123.8940250610001,
              10.292457859000024
            ]
          ]
        ]
      }
    },
    {
      "type": "Feature",
      "properties": {
        "adm4_name": "Sudlon I",
        "adm4_name1": null,
        "adm4_name2": null,
        "adm4_name3": null,
        "adm4_pcode": "PH0702217076",
        "adm3_name": "Cebu City (Capital)",
        "adm3_name1": null,
        "adm3_name2": null,
        "adm3_name3": null,
        "adm3_pcode": "PH0702217",
        "adm2_name": "Cebu",
        "adm2_name1": null,
        "adm2_name2": null,
        "adm2_name3": null,
        "adm2_pcode": "PH07022",
        "adm1_name": "Region VII (Central Visayas)",
        "adm1_name1": null,
        "adm1_name2": null,
        "adm1_name3": null,
        "adm1_pcode": "PH07",
        "adm0_name": "Philippines",
        "adm0_name1": null,
        "adm0_name2": null,
        "adm0_name3": null,
        "adm0_pcode": "PH",
        "valid_on": "2025-02-13",
        "valid_to": null,
        "area_sqkm": 3.20615387,
        "version": "v03",
        "lang": "en",
        "lang1": null,
        "lang2": null,
        "lang3": null,
        "adm4_ref_name": "Sudlon I",
        "center_lat": 10.36442465,
        "center_lon": 123.78670107
      },
      "geometry": {
        "type": "Polygon",
        "coordinates": [
          [
            [
              123.78639896500022,
              10.369272321000096
            ],
            [
              123.77007639200008,
              10.373240708000083
            ],
            [
              123.77005225400023,
              10.370084293000104
            ],
            [
              123.77006135600016,
              10.365147275000027
            ],
            [
              123.77045034100001,
              10.361988495000105
            ],
            [
              123.77640038000004,
              10.363719601000184
            ],
            [
              123.77784979500018,
              10.363480342
            ],
            [
              123.7844140310001,
              10.362395549000041
            ],
            [
              123.7851177900003,
              10.362278072000038
            ],
            [
              123.78517482900031,
              10.362253352000096
            ],
            [
              123.78528608500028,
              10.362226382000188
            ],
            [
              123.7853978490001,
              10.362215521999985
            ],
            [
              123.78547217500022,
              10.362219761000063
            ],
            [
              123.7881767340001,
              10.361772694000138
            ],
            [
              123.79520708000007,
              10.358493461000137
            ],
            [
              123.79949790700005,
              10.356454528000086
            ],
            [
              123.80296139900008,
              10.36302323000001
            ],
            [
              123.80339788800006,
              10.365129705000129
            ],
            [
              123.78639896500022,
              10.369272321000096
            ]
          ]
        ]
      }
    },
    {
      "type": "Feature",
      "properties": {
        "adm4_name": "Sapangdaku",
        "adm4_name1": null,
        "adm4_name2": null,
        "adm4_name3": null,
        "adm4_pcode": "PH0702217077",
        "adm3_name": "Cebu City (Capital)",
        "adm3_name1": null,
        "adm3_name2": null,
        "adm3_name3": null,
        "adm3_pcode": "PH0702217",
        "adm2_name": "Cebu",
        "adm2_name1": null,
        "adm2_name2": null,
        "adm2_name3": null,
        "adm2_pcode": "PH07022",
        "adm1_name": "Region VII (Central Visayas)",
        "adm1_name1": null,
        "adm1_name2": null,
        "adm1_name3": null,
        "adm1_pcode": "PH07",
        "adm0_name": "Philippines",
        "adm0_name1": null,
        "adm0_name2": null,
        "adm0_name3": null,
        "adm0_pcode": "PH",
        "valid_on": "2025-02-13",
        "valid_to": null,
        "area_sqkm": 8.39387145,
        "version": "v03",
        "lang": "en",
        "lang1": null,
        "lang2": null,
        "lang3": null,
        "adm4_ref_name": "Sapangdaku",
        "center_lat": 10.34245518,
        "center_lon": 123.86450597
      },
      "geometry": {
        "type": "Polygon",
        "coordinates": [
          [
            [
              123.87656267200009,
              10.357106719000171
            ],
            [
              123.87653608700009,
              10.360152342000163
            ],
            [
              123.86910278800019,
              10.358578155000032
            ],
            [
              123.86374754700012,
              10.357448534000127
            ],
            [
              123.86078951700006,
              10.356824575000076
            ],
            [
              123.85448961700013,
              10.355525625999974
            ],
            [
              123.84823010200012,
              10.354139035000117
            ],
            [
              123.85185619800006,
              10.34340028600019
            ],
            [
              123.85423450000008,
              10.336747930000115
            ],
            [
              123.85475898800007,
              10.33586202000015
            ],
            [
              123.85710695500018,
              10.331891298000073
            ],
            [
              123.85711373500021,
              10.331774348000181
            ],
            [
              123.85712888500018,
              10.331642568000063
            ],
            [
              123.85714174300017,
              10.331586708000088
            ],
            [
              123.8571549540003,
              10.331525744000032
            ],
            [
              123.8573917020002,
              10.331336215000078
            ],
            [
              123.8574328960002,
              10.33120768300006
            ],
            [
              123.85744629300018,
              10.331106499000043
            ],
            [
              123.8574904200002,
              10.330999121000048
            ],
            [
              123.85770579100017,
              10.33076081300004
            ],
            [
              123.85780514200007,
              10.33061283600017
            ],
            [
              123.85786201100007,
              10.330501628000036
            ],
            [
              123.85793018100003,
              10.33042506900017
            ],
            [
              123.8579989000001,
              10.330373413000132
            ],
            [
              123.85811392700032,
              10.330304395000098
            ],
            [
              123.85816833900003,
              10.330247893000092
            ],
            [
              123.85821320200012,
              10.33014943600017
            ],
            [
              123.858268124,
              10.329905814000085
            ],
            [
              123.85826985600022,
              10.329898136000168
            ],
            [
              123.85832307300007,
              10.329605374000096
            ],
            [
              123.85839409700009,
              10.329439670000056
            ],
            [
              123.85850353800015,
              10.329359545000102
            ],
            [
              123.858601829,
              10.329335888
            ],
            [
              123.86156559300014,
              10.324278149000122
            ],
            [
              123.86613244600005,
              10.327009081000142
            ],
            [
              123.86850823300006,
              10.328272795999965
            ],
            [
              123.87069919700002,
              10.329539859000079
            ],
            [
              123.87244140900009,
              10.330595745999972
            ],
            [
              123.87374786200007,
              10.331410441000173
            ],
            [
              123.87405360100001,
              10.331605430000025
            ],
            [
              123.87419176500009,
              10.331736049000085
            ],
            [
              123.87432457000023,
              10.331856098000173
            ],
            [
              123.8745005930001,
              10.331986195000184
            ],
            [
              123.87462242300023,
              10.332138500999974
            ],
            [
              123.8747518900002,
              10.332257179000067
            ],
            [
              123.8748522300001,
              10.332472484
            ],
            [
              123.87492650600007,
              10.332612582000081
            ],
            [
              123.87508070200022,
              10.332725866000033
            ],
            [
              123.87516842100013,
              10.332723467000108
            ],
            [
              123.87542080200012,
              10.33252150700008
            ],
            [
              123.875641975,
              10.332354279000072
            ],
            [
              123.87586854200003,
              10.332138500999974
            ],
            [
              123.87607892500012,
              10.331987457000139
            ],
            [
              123.87625694200005,
              10.331879567000044
            ],
            [
              123.8764295650002,
              10.331712339000092
            ],
            [
              123.8765967930002,
              10.331572084000129
            ],
            [
              123.87688269900002,
              10.33136709400003
            ],
            [
              123.87686823900003,
              10.33245003400009
            ],
            [
              123.87659527000017,
              10.333469490000084
            ],
            [
              123.87631673000021,
              10.334449949000089
            ],
            [
              123.87606985100012,
              10.335486306000178
            ],
            [
              123.87591006200012,
              10.33617132400019
            ],
            [
              123.87581896500012,
              10.340767338000148
            ],
            [
              123.87625234800021,
              10.341025705999982
            ],
            [
              123.87633429900029,
              10.341196647
            ],
            [
              123.87641120800004,
              10.341333925000185
            ],
            [
              123.87650994000035,
              10.341416151999965
            ],
            [
              123.87665246900019,
              10.341482073
            ],
            [
              123.87683909700013,
              10.341510067
            ],
            [
              123.87675772500018,
              10.345130451999978
            ],
            [
              123.87671871500015,
              10.349499644
            ],
            [
              123.87656267200009,
              10.357106719000171
            ]
          ]
        ]
      }
    },
    {
      "type": "Feature",
      "properties": {
        "adm4_name": "T. Padilla",
        "adm4_name1": null,
        "adm4_name2": null,
        "adm4_name3": null,
        "adm4_pcode": "PH0702217078",
        "adm3_name": "Cebu City (Capital)",
        "adm3_name1": null,
        "adm3_name2": null,
        "adm3_name3": null,
        "adm3_pcode": "PH0702217",
        "adm2_name": "Cebu",
        "adm2_name1": null,
        "adm2_name2": null,
        "adm2_name3": null,
        "adm2_pcode": "PH07022",
        "adm1_name": "Region VII (Central Visayas)",
        "adm1_name1": null,
        "adm1_name2": null,
        "adm1_name3": null,
        "adm1_pcode": "PH07",
        "adm0_name": "Philippines",
        "adm0_name1": null,
        "adm0_name2": null,
        "adm0_name3": null,
        "adm0_pcode": "PH",
        "valid_on": "2025-02-13",
        "valid_to": null,
        "area_sqkm": 0.16510648,
        "version": "v03",
        "lang": "en",
        "lang1": null,
        "lang2": null,
        "lang3": null,
        "adm4_ref_name": "T. Padilla",
        "center_lat": 10.30311128,
        "center_lon": 123.90506876
      },
      "geometry": {
        "type": "Polygon",
        "coordinates": [
          [
            [
              123.9053322000002,
              10.30577477200012
            ],
            [
              123.90503625200006,
              10.306014310000023
            ],
            [
              123.90476561800006,
              10.305616506000149
            ],
            [
              123.90469979500017,
              10.305519759000049
            ],
            [
              123.90390121700034,
              10.304473905
            ],
            [
              123.90362737000021,
              10.304089858000168
            ],
            [
              123.90356533700026,
              10.304007147000164
            ],
            [
              123.9036201240001,
              10.303842024000062
            ],
            [
              123.90363930400008,
              10.303757633000089
            ],
            [
              123.90364697600023,
              10.303673243000048
            ],
            [
              123.90365081100003,
              10.303592688000037
            ],
            [
              123.90365081100003,
              10.303515970000092
            ],
            [
              123.90364697600023,
              10.30341240000007
            ],
            [
              123.90365848300019,
              10.303335682000068
            ],
            [
              123.90366231900009,
              10.303243619
            ],
            [
              123.90368149900007,
              10.303147721000073
            ],
            [
              123.9037083500001,
              10.30307483900009
            ],
            [
              123.90378123300002,
              10.30301346400006
            ],
            [
              123.90384644400001,
              10.302963597000144
            ],
            [
              123.90394234200028,
              10.302932910000152
            ],
            [
              123.90401138800019,
              10.302917566000133
            ],
            [
              123.90404591200002,
              10.302840847000084
            ],
            [
              123.90406892700003,
              10.302779473000157
            ],
            [
              123.90409194300014,
              10.302725770000052
            ],
            [
              123.90403824000009,
              10.30268357500006
            ],
            [
              123.90401906000011,
              10.302633708000087
            ],
            [
              123.90401138800019,
              10.302549317000114
            ],
            [
              123.90398837300006,
              10.302472599000168
            ],
            [
              123.90396152100004,
              10.302342177000071
            ],
            [
              123.90394234200028,
              10.302261623000106
            ],
            [
              123.9039078180001,
              10.302158053000085
            ],
            [
              123.90386562300012,
              10.302035303000082
            ],
            [
              123.90383877200009,
              10.301935568999966
            ],
            [
              123.90379274100007,
              10.301832
            ],
            [
              123.90378570300004,
              10.301774746000092
            ],
            [
              123.90377739700023,
              10.301705414000025
            ],
            [
              123.90376205300004,
              10.30161335200006
            ],
            [
              123.90372753000008,
              10.301467587000161
            ],
            [
              123.9037045140002,
              10.30132182200009
            ],
            [
              123.90368149900007,
              10.301168385000096
            ],
            [
              123.90366615500011,
              10.301003440000045
            ],
            [
              123.90364314000021,
              10.300903706000156
            ],
            [
              123.90364314000021,
              10.300792464000153
            ],
            [
              123.90366615500011,
              10.300746432999972
            ],
            [
              123.90382665500022,
              10.300284488000045
            ],
            [
              123.90413493300014,
              10.300294764
            ],
            [
              123.9042668320003,
              10.300292872000057
            ],
            [
              123.90495116800014,
              10.30028061500019
            ],
            [
              123.90510349600004,
              10.30027950300007
            ],
            [
              123.90643784400004,
              10.300264369000104
            ],
            [
              123.90645079600017,
              10.30042228100018
            ],
            [
              123.90645447300005,
              10.30048111400015
            ],
            [
              123.90646182700016,
              10.300543625000103
            ],
            [
              123.906480213,
              10.300841467000055
            ],
            [
              123.90653716400004,
              10.301301385999977
            ],
            [
              123.90656128100022,
              10.301494324000146
            ],
            [
              123.90658841300012,
              10.301931449000165
            ],
            [
              123.9065163140001,
              10.302560627
            ],
            [
              123.90648290000001,
              10.302847904000032
            ],
            [
              123.90639246100011,
              10.303438776000121
            ],
            [
              123.90635025600022,
              10.303713110000047
            ],
            [
              123.90629297700002,
              10.304095971000038
            ],
            [
              123.90620856700014,
              10.304665741000122
            ],
            [
              123.90618403600013,
              10.304926382000076
            ],
            [
              123.90617239100015,
              10.305039558000033
            ],
            [
              123.90615128800005,
              10.305389258
            ],
            [
              123.90613069600033,
              10.30575672700013
            ],
            [
              123.90577950600004,
              10.305742804000147
            ],
            [
              123.90555325300011,
              10.30573868200014
            ],
            [
              123.9053322000002,
              10.30577477200012
            ]
          ]
        ]
      }
    },
    {
      "type": "Feature",
      "properties": {
        "adm4_name": "Tabunan",
        "adm4_name1": null,
        "adm4_name2": null,
        "adm4_name3": null,
        "adm4_pcode": "PH0702217079",
        "adm3_name": "Cebu City (Capital)",
        "adm3_name1": null,
        "adm3_name2": null,
        "adm3_name3": null,
        "adm3_pcode": "PH0702217",
        "adm2_name": "Cebu",
        "adm2_name1": null,
        "adm2_name2": null,
        "adm2_name3": null,
        "adm2_pcode": "PH07022",
        "adm1_name": "Region VII (Central Visayas)",
        "adm1_name1": null,
        "adm1_name2": null,
        "adm1_name3": null,
        "adm1_pcode": "PH07",
        "adm0_name": "Philippines",
        "adm0_name1": null,
        "adm0_name2": null,
        "adm0_name3": null,
        "adm0_pcode": "PH",
        "valid_on": "2025-02-13",
        "valid_to": null,
        "area_sqkm": 15.86158176,
        "version": "v03",
        "lang": "en",
        "lang1": null,
        "lang2": null,
        "lang3": null,
        "adm4_ref_name": "Tabunan",
        "center_lat": 10.41792811,
        "center_lon": 123.81550524
      },
      "geometry": {
        "type": "Polygon",
        "coordinates": [
          [
            [
              123.8274477860001,
              10.446200612000041
            ],
            [
              123.82719770100005,
              10.446469072000014
            ],
            [
              123.82662891200005,
              10.446200575000091
            ],
            [
              123.82628780400023,
              10.445798029
            ],
            [
              123.82625369300013,
              10.444909070999984
            ],
            [
              123.82563969700016,
              10.443953018000059
            ],
            [
              123.8256226420001,
              10.443919473
            ],
            [
              123.82432642900005,
              10.443097601000034
            ],
            [
              123.82430937300023,
              10.443080828000177
            ],
            [
              123.82429231800029,
              10.443080828000177
            ],
            [
              123.82427526200013,
              10.443080828000177
            ],
            [
              123.82285966100017,
              10.442829234000158
            ],
            [
              123.82263794100015,
              10.442980190000185
            ],
            [
              123.8222456650002,
              10.442946644000074
            ],
            [
              123.82193866800003,
              10.442695050000054
            ],
            [
              123.82176811300008,
              10.442409910000094
            ],
            [
              123.82132467200006,
              10.44173899100008
            ],
            [
              123.82084712000017,
              10.441420304000076
            ],
            [
              123.81989201500028,
              10.441101617000129
            ],
            [
              123.81934624100006,
              10.440749383000082
            ],
            [
              123.81924151000021,
              10.440381686000137
            ],
            [
              123.81919274300014,
              10.440212645000088
            ],
            [
              123.81895396600021,
              10.439776545000086
            ],
            [
              123.81863630900011,
              10.439795415000049
            ],
            [
              123.81840606100025,
              10.440177002000098
            ],
            [
              123.81840179700009,
              10.44064874500009
            ],
            [
              123.81829329100003,
              10.441003326000043
            ],
            [
              123.81777714100008,
              10.441235801
            ],
            [
              123.81720791600014,
              10.441139356000122
            ],
            [
              123.81703949400003,
              10.441082747000166
            ],
            [
              123.81652783100014,
              10.440891954000051
            ],
            [
              123.81624641600001,
              10.440797606000103
            ],
            [
              123.81598632100008,
              10.440564879000078
            ],
            [
              123.81554287900019,
              10.440229418000172
            ],
            [
              123.81521882600009,
              10.439893956000105
            ],
            [
              123.81505893100007,
              10.439732515000173
            ],
            [
              123.81496299500009,
              10.439627684000072
            ],
            [
              123.8149288840001,
              10.43930689800004
            ],
            [
              123.81475832900003,
              10.439172713
            ],
            [
              123.81439668000007,
              10.439442233000136
            ],
            [
              123.81412514600004,
              10.439495595000096
            ],
            [
              123.81401215400001,
              10.439514465000059
            ],
            [
              123.8139396680001,
              10.439491401999987
            ],
            [
              123.81348983100008,
              10.43935512000013
            ],
            [
              123.81340029000023,
              10.439315284000031
            ],
            [
              123.81291634200034,
              10.438981918000138
            ],
            [
              123.81259015700005,
              10.438763867000148
            ],
            [
              123.8124387900001,
              10.438602425999989
            ],
            [
              123.81240467900022,
              10.438602425999989
            ],
            [
              123.81184185000006,
              10.438283735000027
            ],
            [
              123.81121079900004,
              10.438048911000124
            ],
            [
              123.81057974800012,
              10.437629581000067
            ],
            [
              123.8099145860001,
              10.437260569999978
            ],
            [
              123.80989753000017,
              10.437243797000122
            ],
            [
              123.80930059000013,
              10.436908331999973
            ],
            [
              123.80901064800014,
              10.436891559000117
            ],
            [
              123.80875481600026,
              10.436807692000173
            ],
            [
              123.80875481600026,
              10.436790919000146
            ],
            [
              123.80868659400016,
              10.436371587000053
            ],
            [
              123.80856720600002,
              10.435935482000161
            ],
            [
              123.80778265600009,
              10.435415509
            ],
            [
              123.80742449200011,
              10.435348415000135
            ],
            [
              123.80725393800003,
              10.435180682
            ],
            [
              123.80725393800003,
              10.434912308000037
            ],
            [
              123.8072368820001,
              10.434492973999966
            ],
            [
              123.80733921500007,
              10.43412395900009
            ],
            [
              123.80733921500007,
              10.433889132000104
            ],
            [
              123.80737332600017,
              10.433671077000099
            ],
            [
              123.80725393800003,
              10.433469796000054
            ],
            [
              123.80706632800002,
              10.433234967999965
            ],
            [
              123.80677638500026,
              10.433067233000031
            ],
            [
              123.80646938800021,
              10.43293304500014
            ],
            [
              123.80617944500011,
              10.432631123000021
            ],
            [
              123.80607711300013,
              10.432413068000187
            ],
            [
              123.80612827900006,
              10.432228559000123
            ],
            [
              123.80623061200015,
              10.432044050000059
            ],
            [
              123.80600889100003,
              10.431893089000084
            ],
            [
              123.80561661600018,
              10.431725353000047
            ],
            [
              123.8054460620001,
              10.431658259000187
            ],
            [
              123.80532667300008,
              10.431339562000176
            ],
            [
              123.80530961800014,
              10.431104732000108
            ],
            [
              123.80542900600005,
              10.430702166
            ],
            [
              123.80542900600005,
              10.430651846000103
            ],
            [
              123.80548017200022,
              10.430366694000156
            ],
            [
              123.80536078400007,
              10.430014448000122
            ],
            [
              123.80532667300008,
              10.429997675000095
            ],
            [
              123.80513906400006,
              10.429829938000182
            ],
            [
              123.80493439800023,
              10.429863486000102
            ],
            [
              123.80484912100019,
              10.430047996000098
            ],
            [
              123.80488323200007,
              10.43041701500016
            ],
            [
              123.80479795500003,
              10.430769260999966
            ],
            [
              123.80472973300004,
              10.430903449000084
            ],
            [
              123.80455917900031,
              10.43093699600007
            ],
            [
              123.80438862500023,
              10.430635071999973
            ],
            [
              123.80418395900017,
              10.430266053000082
            ],
            [
              123.80389401700018,
              10.429494466000108
            ],
            [
              123.80370640700005,
              10.429142219000028
            ],
            [
              123.80114304300014,
              10.421028652000075
            ],
            [
              123.79393806900009,
              10.41044045100017
            ],
            [
              123.78505352200011,
              10.407699230000105
            ],
            [
              123.80487307600004,
              10.407059050999976
            ],
            [
              123.81155741300006,
              10.39266316700008
            ],
            [
              123.8171981370001,
              10.396695300000033
            ],
            [
              123.82337593700004,
              10.40111161700014
            ],
            [
              123.82891392200008,
              10.410246872000073
            ],
            [
              123.83038587500005,
              10.412828502000139
            ],
            [
              123.8309050900001,
              10.41358339500016
            ],
            [
              123.83120118800014,
              10.413841801000046
            ],
            [
              123.83167262500001,
              10.41442709800009
            ],
            [
              123.83182935000002,
              10.414827568000021
            ],
            [
              123.83214497400002,
              10.421443135000175
            ],
            [
              123.83425479600021,
              10.423359401000084
            ],
            [
              123.8423505290001,
              10.429783433000125
            ],
            [
              123.84074329300017,
              10.431554038000172
            ],
            [
              123.8274477860001,
              10.446200612000041
            ]
          ]
        ]
      }
    },
    {
      "type": "Feature",
      "properties": {
        "adm4_name": "Tagbao",
        "adm4_name1": null,
        "adm4_name2": null,
        "adm4_name3": null,
        "adm4_pcode": "PH0702217080",
        "adm3_name": "Cebu City (Capital)",
        "adm3_name1": null,
        "adm3_name2": null,
        "adm3_name3": null,
        "adm3_pcode": "PH0702217",
        "adm2_name": "Cebu",
        "adm2_name1": null,
        "adm2_name2": null,
        "adm2_name3": null,
        "adm2_pcode": "PH07022",
        "adm1_name": "Region VII (Central Visayas)",
        "adm1_name1": null,
        "adm1_name2": null,
        "adm1_name3": null,
        "adm1_pcode": "PH07",
        "adm0_name": "Philippines",
        "adm0_name1": null,
        "adm0_name2": null,
        "adm0_name3": null,
        "adm0_pcode": "PH",
        "valid_on": "2025-02-13",
        "valid_to": null,
        "area_sqkm": 10.53406672,
        "version": "v03",
        "lang": "en",
        "lang1": null,
        "lang2": null,
        "lang3": null,
        "adm4_ref_name": "Tagbao",
        "center_lat": 10.45244836,
        "center_lon": 123.84737156
      },
      "geometry": {
        "type": "Polygon",
        "coordinates": [
          [
            [
              123.86935594100021,
              10.467286483
            ],
            [
              123.85644142400008,
              10.47573453900003
            ],
            [
              123.85603436200017,
              10.475317080000025
            ],
            [
              123.85442472900013,
              10.473550334000038
            ],
            [
              123.84364823200008,
              10.460679734000053
            ],
            [
              123.84284214800016,
              10.459717013000045
            ],
            [
              123.838763416,
              10.454846374000056
            ],
            [
              123.83868710500019,
              10.454754561000186
            ],
            [
              123.83838579400003,
              10.454823539000188
            ],
            [
              123.83821808100015,
              10.455131937000147
            ],
            [
              123.83815330400034,
              10.455300403000024
            ],
            [
              123.83809794800004,
              10.455379897000057
            ],
            [
              123.8380307880002,
              10.455388937000066
            ],
            [
              123.83788896100009,
              10.455407134000097
            ],
            [
              123.83770183900003,
              10.455311839999979
            ],
            [
              123.83769206900013,
              10.455306865000011
            ],
            [
              123.837318804,
              10.455081343000018
            ],
            [
              123.83708503200023,
              10.454789546000143
            ],
            [
              123.83697303400004,
              10.45454490700007
            ],
            [
              123.83664045300031,
              10.454234619000147
            ],
            [
              123.83640246200025,
              10.45403698500013
            ],
            [
              123.83639786000003,
              10.45403316300019
            ],
            [
              123.8358729580001,
              10.453597271000149
            ],
            [
              123.8356171270002,
              10.452775424000095
            ],
            [
              123.83515663000003,
              10.452121300000158
            ],
            [
              123.83454263400006,
              10.451852941000084
            ],
            [
              123.83413330400026,
              10.451282677000165
            ],
            [
              123.83329758800005,
              10.450477597000145
            ],
            [
              123.83317820000013,
              10.45019246400011
            ],
            [
              123.83292236800025,
              10.449873786000182
            ],
            [
              123.8323595390001,
              10.44925320100009
            ],
            [
              123.8323595390001,
              10.449219656000082
            ],
            [
              123.83169432500017,
              10.44877289700014
            ],
            [
              123.83166026600009,
              10.448750023
            ],
            [
              123.83114860300009,
              10.448666160000073
            ],
            [
              123.8308245500001,
              10.448632615000065
            ],
            [
              123.83000588900006,
              10.448666160000073
            ],
            [
              123.82937483800004,
              10.4484984340001
            ],
            [
              123.82911900600016,
              10.448196526000118
            ],
            [
              123.82853912100006,
              10.447055984000087
            ],
            [
              123.82843678900008,
              10.446871484000098
            ],
            [
              123.82790807000015,
              10.446552803000145
            ],
            [
              123.82748168400008,
              10.44660312100001
            ],
            [
              123.82719770100005,
              10.446469072000014
            ],
            [
              123.8274477860001,
              10.446200612000041
            ],
            [
              123.84074329300017,
              10.431554038000172
            ],
            [
              123.8423505290001,
              10.429783433000125
            ],
            [
              123.85123181100005,
              10.438244487000134
            ],
            [
              123.85180904600008,
              10.438329634000183
            ],
            [
              123.8518196340001,
              10.438754544000176
            ],
            [
              123.85191563100011,
              10.438859421000018
            ],
            [
              123.85200228000008,
              10.438866443000109
            ],
            [
              123.85206280300008,
              10.438871190000043
            ],
            [
              123.85418307200007,
              10.438926000000151
            ],
            [
              123.85753511700023,
              10.450837604000185
            ],
            [
              123.8589484480002,
              10.452087373000097
            ],
            [
              123.87127133100012,
              10.462995692
            ],
            [
              123.87330319600005,
              10.464770179000027
            ],
            [
              123.86935594100021,
              10.467286483
            ]
          ]
        ]
      }
    },
    {
      "type": "Feature",
      "properties": {
        "adm4_name": "Talamban",
        "adm4_name1": null,
        "adm4_name2": null,
        "adm4_name3": null,
        "adm4_pcode": "PH0702217081",
        "adm3_name": "Cebu City (Capital)",
        "adm3_name1": null,
        "adm3_name2": null,
        "adm3_name3": null,
        "adm3_pcode": "PH0702217",
        "adm2_name": "Cebu",
        "adm2_name1": null,
        "adm2_name2": null,
        "adm2_name3": null,
        "adm2_pcode": "PH07022",
        "adm1_name": "Region VII (Central Visayas)",
        "adm1_name1": null,
        "adm1_name2": null,
        "adm1_name3": null,
        "adm1_pcode": "PH07",
        "adm0_name": "Philippines",
        "adm0_name1": null,
        "adm0_name2": null,
        "adm0_name3": null,
        "adm0_pcode": "PH",
        "valid_on": "2025-02-13",
        "valid_to": null,
        "area_sqkm": 4.62971027,
        "version": "v03",
        "lang": "en",
        "lang1": null,
        "lang2": null,
        "lang3": null,
        "adm4_ref_name": "Talamban",
        "center_lat": 10.36530003,
        "center_lon": 123.9164654
      },
      "geometry": {
        "type": "Polygon",
        "coordinates": [
          [
            [
              123.9193683310001,
              10.380123290000029
            ],
            [
              123.91894672800004,
              10.380171018000055
            ],
            [
              123.91867626500004,
              10.380147154000042
            ],
            [
              123.91831830000012,
              10.380123290000029
            ],
            [
              123.91812738500005,
              10.380019877000109
            ],
            [
              123.9179762440001,
              10.379884646
            ],
            [
              123.91801537000015,
              10.379768368000157
            ],
            [
              123.91803327600019,
              10.379557005000152
            ],
            [
              123.91811833300005,
              10.379398482999989
            ],
            [
              123.91806013600012,
              10.37905942000009
            ],
            [
              123.91776779600002,
              10.378424995000103
            ],
            [
              123.91657635100012,
              10.377756113000032
            ],
            [
              123.91653427200015,
              10.377554848000159
            ],
            [
              123.91651364300014,
              10.377453026000069
            ],
            [
              123.91641709200007,
              10.377279428000122
            ],
            [
              123.916315069,
              10.377181293000035
            ],
            [
              123.91614784900003,
              10.377045426000109
            ],
            [
              123.91574240300008,
              10.376509334000161
            ],
            [
              123.91564767400018,
              10.376386747000026
            ],
            [
              123.91555279100021,
              10.376273015000038
            ],
            [
              123.91533185700007,
              10.375952306000045
            ],
            [
              123.91519938600004,
              10.375760009000032
            ],
            [
              123.91508101300008,
              10.375519483000062
            ],
            [
              123.91493834100015,
              10.375229585000056
            ],
            [
              123.91469208100023,
              10.37472829700016
            ],
            [
              123.91460087900009,
              10.374534495000091
            ],
            [
              123.91436147700006,
              10.37404428900004
            ],
            [
              123.91432869100004,
              10.373844453
            ],
            [
              123.91431587600005,
              10.373764986000083
            ],
            [
              123.91385987100011,
              10.372756074000108
            ],
            [
              123.91354732600007,
              10.372254072000146
            ],
            [
              123.91337321900016,
              10.371899289
            ],
            [
              123.91336993400012,
              10.371859869000104
            ],
            [
              123.91335022400017,
              10.37182044900004
            ],
            [
              123.91311317600002,
              10.371669968000106
            ],
            [
              123.91212136000001,
              10.372135821000029
            ],
            [
              123.91062898500013,
              10.370704479000096
            ],
            [
              123.91008571100008,
              10.371261424000068
            ],
            [
              123.9106140690003,
              10.372641759000146
            ],
            [
              123.9107923900001,
              10.373520155
            ],
            [
              123.91051500200001,
              10.373817356000188
            ],
            [
              123.90939224100009,
              10.373929632000056
            ],
            [
              123.90718634600012,
              10.373909819000119
            ],
            [
              123.9049144060001,
              10.372767244000158
            ],
            [
              123.90648627100018,
              10.370204708000017
            ],
            [
              123.90715860000012,
              10.369093888000123
            ],
            [
              123.90707563100011,
              10.368869958000118
            ],
            [
              123.90706928400004,
              10.368663672000082
            ],
            [
              123.90709149900022,
              10.36855259500004
            ],
            [
              123.90716131900012,
              10.36837169800009
            ],
            [
              123.90729461200021,
              10.368343135000089
            ],
            [
              123.90757706500005,
              10.368286010000077
            ],
            [
              123.90765323200003,
              10.368124155000089
            ],
            [
              123.90764371100022,
              10.367860743000165
            ],
            [
              123.90762784300011,
              10.367600505000155
            ],
            [
              123.90784682400022,
              10.367425955999977
            ],
            [
              123.90796107400013,
              10.367292663000057
            ],
            [
              123.90810071400006,
              10.367124461000174
            ],
            [
              123.90817561600011,
              10.36699325700016
            ],
            [
              123.9075172280003,
              10.363793905000136
            ],
            [
              123.90727842600006,
              10.36327288299998
            ],
            [
              123.90691148200028,
              10.362235881000174
            ],
            [
              123.90679358600016,
              10.35968361700003
            ],
            [
              123.90661092100004,
              10.35821740900002
            ],
            [
              123.90531585100018,
              10.357543263000025
            ],
            [
              123.90389659700031,
              10.355751454000028
            ],
            [
              123.90554648000011,
              10.354190274000189
            ],
            [
              123.90709909600002,
              10.353065070000127
            ],
            [
              123.90887256500014,
              10.351673878000156
            ],
            [
              123.91038836000018,
              10.351305966999973
            ],
            [
              123.91189925000015,
              10.350928244000102
            ],
            [
              123.91233093200003,
              10.350810513000056
            ],
            [
              123.91277242600006,
              10.350712403000102
            ],
            [
              123.91313052600003,
              10.350633915000174
            ],
            [
              123.913579303,
              10.350556182000048
            ],
            [
              123.91435689800028,
              10.350476940000078
            ],
            [
              123.91547534800009,
              10.350275815000032
            ],
            [
              123.915771747,
              10.351065596000069
            ],
            [
              123.91587269300021,
              10.35126181700008
            ],
            [
              123.91609834500002,
              10.351649351000162
            ],
            [
              123.9179574110002,
              10.355398599000068
            ],
            [
              123.91863861200034,
              10.35687421800003
            ],
            [
              123.9188728700002,
              10.35737926400003
            ],
            [
              123.91907972300021,
              10.357692589000123
            ],
            [
              123.9190989770002,
              10.35784019800019
            ],
            [
              123.9191182300001,
              10.357974973000069
            ],
            [
              123.91906688800009,
              10.358135418000074
            ],
            [
              123.92037133100007,
              10.35956417300008
            ],
            [
              123.9207545380001,
              10.359892637000087
            ],
            [
              123.9209917620002,
              10.360011248000035
            ],
            [
              123.92136907100007,
              10.360257215000047
            ],
            [
              123.92141146500035,
              10.360275844000114
            ],
            [
              123.92221437600006,
              10.360969266999973
            ],
            [
              123.92378410100002,
              10.36144897600019
            ],
            [
              123.92577062600003,
              10.36193750600006
            ],
            [
              123.92563260500003,
              10.362076770000044
            ],
            [
              123.92551634700021,
              10.362245345000076
            ],
            [
              123.92534777300011,
              10.362582493000048
            ],
            [
              123.92524314100012,
              10.362820822000174
            ],
            [
              123.92504550200022,
              10.36326260300001
            ],
            [
              123.9249815600001,
              10.363582313
            ],
            [
              123.92499899800009,
              10.36383808100004
            ],
            [
              123.92510944400021,
              10.364035720000118
            ],
            [
              123.92521988900012,
              10.364349617000073
            ],
            [
              123.9251733860001,
              10.36464026200008
            ],
            [
              123.92501062400004,
              10.364942533000146
            ],
            [
              123.92501643700007,
              10.365157611000143
            ],
            [
              123.9251908240002,
              10.36544244300012
            ],
            [
              123.92508619200021,
              10.365674960000035
            ],
            [
              123.92503387600016,
              10.365814469000156
            ],
            [
              123.92503387600016,
              10.36599467000002
            ],
            [
              123.92524314100012,
              10.366134179000142
            ],
            [
              123.92531870800008,
              10.36635507
            ],
            [
              123.92512106900017,
              10.366564334000088
            ],
            [
              123.9248943660001,
              10.366605025000183
            ],
            [
              123.92471416600017,
              10.366564334000088
            ],
            [
              123.9245049010002,
              10.366407386000105
            ],
            [
              123.92432470100016,
              10.366512018000037
            ],
            [
              123.92418519100022,
              10.366657341000064
            ],
            [
              123.92398174000016,
              10.366936360000182
            ],
            [
              123.92385966900008,
              10.367197941000029
            ],
            [
              123.9238422300001,
              10.367389767000077
            ],
            [
              123.92374341100003,
              10.367680413000187
            ],
            [
              123.92430037800023,
              10.368219527000178
            ],
            [
              123.92496742900005,
              10.368885871999964
            ],
            [
              123.92583053500005,
              10.369762723000179
            ],
            [
              123.9256699230001,
              10.369871904000036
            ],
            [
              123.92679833000011,
              10.370802626000113
            ],
            [
              123.92652319800004,
              10.371135129000038
            ],
            [
              123.9265554540001,
              10.372150338999973
            ],
            [
              123.92687907200002,
              10.373837960000117
            ],
            [
              123.92663476600012,
              10.373754179000173
            ],
            [
              123.92616448900003,
              10.373411579999981
            ],
            [
              123.92568136400007,
              10.37322401400013
            ],
            [
              123.9253801220002,
              10.373059183000066
            ],
            [
              123.9251925560003,
              10.372894352000174
            ],
            [
              123.92486289400006,
              10.37256469099998
            ],
            [
              123.92420357000003,
              10.372121352000022
            ],
            [
              123.92378388200007,
              10.37284945800019
            ],
            [
              123.92366929100012,
              10.37304781600011
            ],
            [
              123.92371476100016,
              10.373292220000053
            ],
            [
              123.92356698200012,
              10.373587779000104
            ],
            [
              123.92369771000006,
              10.37384923500008
            ],
            [
              123.9232430850002,
              10.374639146000106
            ],
            [
              123.9228280850001,
              10.375173565000011
            ],
            [
              123.9224813720001,
              10.375281557999983
            ],
            [
              123.92227107000019,
              10.375389551000126
            ],
            [
              123.92181585700007,
              10.375767091000114
            ],
            [
              123.92115020300002,
              10.377116381
            ],
            [
              123.92118997700015,
              10.377394798000068
            ],
            [
              123.92119793200004,
              10.377577758000086
            ],
            [
              123.92120588700004,
              10.377840266000135
            ],
            [
              123.92118997700015,
              10.37807891000017
            ],
            [
              123.92117406800003,
              10.378365282000061
            ],
            [
              123.92107861000011,
              10.378723247000096
            ],
            [
              123.92099906200008,
              10.3788823430001
            ],
            [
              123.920847922,
              10.379057348000117
            ],
            [
              123.9207763280001,
              10.379359630000067
            ],
            [
              123.92072064500007,
              10.379582364000044
            ],
            [
              123.92069678100006,
              10.379789189000178
            ],
            [
              123.92066496100006,
              10.37990851
            ],
            [
              123.92055359400001,
              10.379972149000025
            ],
            [
              123.92040245400005,
              10.379996013000095
            ],
            [
              123.92014790000019,
              10.380051697000056
            ],
            [
              123.91992516600021,
              10.380139199000041
            ],
            [
              123.91956720100018,
              10.380139199000041
            ],
            [
              123.9193683310001,
              10.380123290000029
            ]
          ]
        ]
      }
    },
    {
      "type": "Feature",
      "properties": {
        "adm4_name": "Taptap",
        "adm4_name1": null,
        "adm4_name2": null,
        "adm4_name3": null,
        "adm4_pcode": "PH0702217082",
        "adm3_name": "Cebu City (Capital)",
        "adm3_name1": null,
        "adm3_name2": null,
        "adm3_name3": null,
        "adm3_pcode": "PH0702217",
        "adm2_name": "Cebu",
        "adm2_name1": null,
        "adm2_name2": null,
        "adm2_name3": null,
        "adm2_pcode": "PH07022",
        "adm1_name": "Region VII (Central Visayas)",
        "adm1_name1": null,
        "adm1_name2": null,
        "adm1_name3": null,
        "adm1_pcode": "PH07",
        "adm0_name": "Philippines",
        "adm0_name1": null,
        "adm0_name2": null,
        "adm0_name3": null,
        "adm0_pcode": "PH",
        "valid_on": "2025-02-13",
        "valid_to": null,
        "area_sqkm": 7.57017702,
        "version": "v03",
        "lang": "en",
        "lang1": null,
        "lang2": null,
        "lang3": null,
        "adm4_ref_name": "Taptap",
        "center_lat": 10.42270437,
        "center_lon": 123.85002456
      },
      "geometry": {
        "type": "Polygon",
        "coordinates": [
          [
            [
              123.85532150000029,
              10.432903926000108
            ],
            [
              123.85418307200007,
              10.438926000000151
            ],
            [
              123.85206280300008,
              10.438871190000043
            ],
            [
              123.85200228000008,
              10.438866443000109
            ],
            [
              123.85191563100011,
              10.438859421000018
            ],
            [
              123.8518196340001,
              10.438754544000176
            ],
            [
              123.85180904600008,
              10.438329634000183
            ],
            [
              123.85123181100005,
              10.438244487000134
            ],
            [
              123.8423505290001,
              10.429783433000125
            ],
            [
              123.83425479600021,
              10.423359401000084
            ],
            [
              123.83214497400002,
              10.421443135000175
            ],
            [
              123.83182935000002,
              10.414827568000021
            ],
            [
              123.8448678420001,
              10.414673026000173
            ],
            [
              123.84845731700034,
              10.414630481000131
            ],
            [
              123.84925396400013,
              10.413488620000066
            ],
            [
              123.84941021700013,
              10.412978196000097
            ],
            [
              123.84939980000024,
              10.412124017000053
            ],
            [
              123.84977480500015,
              10.411082336000106
            ],
            [
              123.84987897300005,
              10.41072816400009
            ],
            [
              123.84987897300005,
              10.409894819000158
            ],
            [
              123.84988939000004,
              10.409634398000037
            ],
            [
              123.84997272500016,
              10.409446896000134
            ],
            [
              123.85021231100006,
              10.409311477000017
            ],
            [
              123.85058731700019,
              10.409176059
            ],
            [
              123.8510977410001,
              10.409030223
            ],
            [
              123.85145191200002,
              10.4087593860001
            ],
            [
              123.85172274900003,
              10.408363547000135
            ],
            [
              123.85195191900016,
              10.407936458000052
            ],
            [
              123.85229567400006,
              10.407592703000091
            ],
            [
              123.85237707900012,
              10.407549287000052
            ],
            [
              123.85449996000023,
              10.405300824000108
            ],
            [
              123.85768954200012,
              10.408749244000148
            ],
            [
              123.85896641400007,
              10.410129737000034
            ],
            [
              123.85941878100016,
              10.410909157000049
            ],
            [
              123.85956141800011,
              10.411161662000097
            ],
            [
              123.86042442300004,
              10.412552561000155
            ],
            [
              123.86040842900013,
              10.413919465000106
            ],
            [
              123.86061443400001,
              10.415274369000088
            ],
            [
              123.86113343600016,
              10.415797330000146
            ],
            [
              123.86172143700003,
              10.416260295000143
            ],
            [
              123.86250643800008,
              10.416656264000153
            ],
            [
              123.86305643900005,
              10.417260219000127
            ],
            [
              123.86332344300024,
              10.418221151000012
            ],
            [
              123.863628446,
              10.419067090000112
            ],
            [
              123.86432245000003,
              10.420215006999967
            ],
            [
              123.86596205500007,
              10.422049338000136
            ],
            [
              123.86775838300002,
              10.424175300000172
            ],
            [
              123.8708725900002,
              10.428014426000061
            ],
            [
              123.86870211200005,
              10.428668567999978
            ],
            [
              123.86383171400007,
              10.430173525999976
            ],
            [
              123.86123207300022,
              10.4311100110001
            ],
            [
              123.85532150000029,
              10.432903926000108
            ]
          ]
        ]
      }
    },
    {
      "type": "Feature",
      "properties": {
        "adm4_name": "Tejero (Villa Gonzalo)",
        "adm4_name1": null,
        "adm4_name2": null,
        "adm4_name3": null,
        "adm4_pcode": "PH0702217083",
        "adm3_name": "Cebu City (Capital)",
        "adm3_name1": null,
        "adm3_name2": null,
        "adm3_name3": null,
        "adm3_pcode": "PH0702217",
        "adm2_name": "Cebu",
        "adm2_name1": null,
        "adm2_name2": null,
        "adm2_name3": null,
        "adm2_pcode": "PH07022",
        "adm1_name": "Region VII (Central Visayas)",
        "adm1_name1": null,
        "adm1_name2": null,
        "adm1_name3": null,
        "adm1_pcode": "PH07",
        "adm0_name": "Philippines",
        "adm0_name1": null,
        "adm0_name2": null,
        "adm0_name3": null,
        "adm0_pcode": "PH",
        "valid_on": "2025-02-13",
        "valid_to": null,
        "area_sqkm": 0.53842238,
        "version": "v03",
        "lang": "en",
        "lang1": null,
        "lang2": null,
        "lang3": null,
        "adm4_ref_name": "Tejero (Villa Gonzalo)",
        "center_lat": 10.30314334,
        "center_lon": 123.9097938
      },
      "geometry": {
        "type": "Polygon",
        "coordinates": [
          [
            [
              123.90747418500007,
              10.307750659000078
            ],
            [
              123.90682994300005,
              10.308093566000139
            ],
            [
              123.90674874000001,
              10.307899582000061
            ],
            [
              123.90662242400003,
              10.307692063000047
            ],
            [
              123.90650513100002,
              10.307457477000185
            ],
            [
              123.90639686100008,
              10.307263492000175
            ],
            [
              123.90634272600016,
              10.307074019000027
            ],
            [
              123.90631114700011,
              10.306889057000035
            ],
            [
              123.90628302100004,
              10.30677276299997
            ],
            [
              123.90626603400017,
              10.306708606000086
            ],
            [
              123.90622543200004,
              10.306546200000184
            ],
            [
              123.90617129700001,
              10.306437929000026
            ],
            [
              123.90613069600033,
              10.30575672700013
            ],
            [
              123.90615128800005,
              10.305389258
            ],
            [
              123.90617239100015,
              10.305039558000033
            ],
            [
              123.90618403600013,
              10.304926382000076
            ],
            [
              123.90620856700014,
              10.304665741000122
            ],
            [
              123.90629297700002,
              10.304095971000038
            ],
            [
              123.90635025600022,
              10.303713110000047
            ],
            [
              123.90639246100011,
              10.303438776000121
            ],
            [
              123.90648290000001,
              10.302847904000032
            ],
            [
              123.9065163140001,
              10.302560627
            ],
            [
              123.90658841300012,
              10.301931449000165
            ],
            [
              123.90656128100022,
              10.301494324000146
            ],
            [
              123.90653716400004,
              10.301301385999977
            ],
            [
              123.906480213,
              10.300841467000055
            ],
            [
              123.90646182700016,
              10.300543625000103
            ],
            [
              123.90645447300005,
              10.30048111400015
            ],
            [
              123.90655516700019,
              10.300473778000082
            ],
            [
              123.90698589700014,
              10.300443564999966
            ],
            [
              123.90701490800018,
              10.300440543000093
            ],
            [
              123.9073583280001,
              10.300401770000178
            ],
            [
              123.90769621000004,
              10.300362997000093
            ],
            [
              123.90793992800013,
              10.300340841000036
            ],
            [
              123.90813933400011,
              10.300318684000047
            ],
            [
              123.90823903600017,
              10.300313145000018
            ],
            [
              123.90836089500021,
              10.30028545000016
            ],
            [
              123.90851598900008,
              10.300257755000075
            ],
            [
              123.90874862800001,
              10.30021898200016
            ],
            [
              123.90890735200003,
              10.30021389899997
            ],
            [
              123.90898680700013,
              10.300207904000104
            ],
            [
              123.90926952400002,
              10.300187542
            ],
            [
              123.90940766800009,
              10.30017941400007
            ],
            [
              123.90957308300017,
              10.300145878000137
            ],
            [
              123.90999992000002,
              10.300056017999964
            ],
            [
              123.91007480400003,
              10.30004852900015
            ],
            [
              123.91002234500002,
              10.299831734000065
            ],
            [
              123.91000603900011,
              10.29953610400014
            ],
            [
              123.91001275400004,
              10.299359286000083
            ],
            [
              123.91001310700017,
              10.299349856000163
            ],
            [
              123.910095737,
              10.299192546000143
            ],
            [
              123.91018935100033,
              10.299148388000049
            ],
            [
              123.91026883400025,
              10.299104231
            ],
            [
              123.91089416700004,
              10.298767773000066
            ],
            [
              123.91113887900008,
              10.298636107
            ],
            [
              123.91111350400001,
              10.298587382000164
            ],
            [
              123.91111952100005,
              10.298585978
            ],
            [
              123.91168059400002,
              10.299607914000035
            ],
            [
              123.91323830200008,
              10.300871681000046
            ],
            [
              123.91422168200006,
              10.301663028000064
            ],
            [
              123.91417288200012,
              10.301714973
            ],
            [
              123.91429223500018,
              10.301811210000096
            ],
            [
              123.91408415700005,
              10.30203830000005
            ],
            [
              123.91340909700011,
              10.30281967000002
            ],
            [
              123.91280587900008,
              10.303573007000125
            ],
            [
              123.91218012800016,
              10.304361137000114
            ],
            [
              123.91163726600018,
              10.305019054000127
            ],
            [
              123.9110276360002,
              10.305782940000086
            ],
            [
              123.91042960700031,
              10.306495822000102
            ],
            [
              123.91028307000022,
              10.306658200000186
            ],
            [
              123.9100335620002,
              10.306978996999987
            ],
            [
              123.90989098500017,
              10.30713741500017
            ],
            [
              123.90982365800005,
              10.307022562000157
            ],
            [
              123.90978801300002,
              10.306899788000123
            ],
            [
              123.90969296300011,
              10.306618596000135
            ],
            [
              123.90932202800025,
              10.306764981000072
            ],
            [
              123.9089523370003,
              10.30696357000005
            ],
            [
              123.90830641200023,
              10.307307694000087
            ],
            [
              123.90747418500007,
              10.307750659000078
            ]
          ]
        ]
      }
    },
    {
      "type": "Feature",
      "properties": {
        "adm4_name": "Tinago",
        "adm4_name1": null,
        "adm4_name2": null,
        "adm4_name3": null,
        "adm4_pcode": "PH0702217084",
        "adm3_name": "Cebu City (Capital)",
        "adm3_name1": null,
        "adm3_name2": null,
        "adm3_name3": null,
        "adm3_pcode": "PH0702217",
        "adm2_name": "Cebu",
        "adm2_name1": null,
        "adm2_name2": null,
        "adm2_name3": null,
        "adm2_pcode": "PH07022",
        "adm1_name": "Region VII (Central Visayas)",
        "adm1_name1": null,
        "adm1_name2": null,
        "adm1_name3": null,
        "adm1_pcode": "PH07",
        "adm0_name": "Philippines",
        "adm0_name1": null,
        "adm0_name2": null,
        "adm0_name3": null,
        "adm0_pcode": "PH",
        "valid_on": "2025-02-13",
        "valid_to": null,
        "area_sqkm": 0.22980294,
        "version": "v03",
        "lang": "en",
        "lang1": null,
        "lang2": null,
        "lang3": null,
        "adm4_ref_name": "Tinago",
        "center_lat": 10.29825334,
        "center_lon": 123.90851467
      },
      "geometry": {
        "type": "Polygon",
        "coordinates": [
          [
            [
              123.90655516700019,
              10.300473778000082
            ],
            [
              123.90645447300005,
              10.30048111400015
            ],
            [
              123.90645079600017,
              10.30042228100018
            ],
            [
              123.90643784400004,
              10.300264369000104
            ],
            [
              123.90510349600004,
              10.30027950300007
            ],
            [
              123.90495116800014,
              10.30028061500019
            ],
            [
              123.9042668320003,
              10.300292872000057
            ],
            [
              123.90413493300014,
              10.300294764
            ],
            [
              123.90382665500022,
              10.300284488000045
            ],
            [
              123.90387212200017,
              10.29989482700006
            ],
            [
              123.90392243800011,
              10.299496494000039
            ],
            [
              123.90386433300012,
              10.299013695000156
            ],
            [
              123.90380723200008,
              10.298774146000142
            ],
            [
              123.90410423300011,
              10.298724496000148
            ],
            [
              123.90462824100007,
              10.29863689399997
            ],
            [
              123.90536890400006,
              10.298513583000158
            ],
            [
              123.90570146600021,
              10.298455977
            ],
            [
              123.90611628600004,
              10.298388062000186
            ],
            [
              123.906105152,
              10.29830797000011
            ],
            [
              123.90599484000029,
              10.297833629000024
            ],
            [
              123.90598013200031,
              10.297774796000056
            ],
            [
              123.90596910100021,
              10.297708608999983
            ],
            [
              123.90594336100003,
              10.297572557000137
            ],
            [
              123.90694921300008,
              10.29742872100013
            ],
            [
              123.90747889500005,
              10.297344701999975
            ],
            [
              123.90779305100011,
              10.297216848000062
            ],
            [
              123.90787706900016,
              10.297081688000105
            ],
            [
              123.90875013100026,
              10.29651912900016
            ],
            [
              123.90930903700018,
              10.296175748999985
            ],
            [
              123.90951532800011,
              10.296035719000145
            ],
            [
              123.90962539100008,
              10.295981641000083
            ],
            [
              123.91040010200027,
              10.29740571800005
            ],
            [
              123.91151614400007,
              10.296811928000125
            ],
            [
              123.91149938000012,
              10.29678129600012
            ],
            [
              123.91149459000007,
              10.296769514
            ],
            [
              123.91147782600012,
              10.296745951000105
            ],
            [
              123.91148501100008,
              10.296734169000047
            ],
            [
              123.91150177500003,
              10.296727100000055
            ],
            [
              123.91151375000004,
              10.296710605000044
            ],
            [
              123.91153291000023,
              10.296708248000073
            ],
            [
              123.91154248900023,
              10.296710605000044
            ],
            [
              123.91159278200018,
              10.296738881000067
            ],
            [
              123.91159996700003,
              10.296741238000152
            ],
            [
              123.91164786700006,
              10.296748122
            ],
            [
              123.91166702600015,
              10.296759904000112
            ],
            [
              123.9117795860002,
              10.296979046000104
            ],
            [
              123.9117819810001,
              10.296986115000095
            ],
            [
              123.91177479700002,
              10.297019103000139
            ],
            [
              123.91054979500018,
              10.297676172000081
            ],
            [
              123.91066714400017,
              10.297892957000158
            ],
            [
              123.91067911900018,
              10.297890600000073
            ],
            [
              123.91070546200001,
              10.2979424400001
            ],
            [
              123.91069588200003,
              10.297954221000055
            ],
            [
              123.9108423790002,
              10.298198717000048
            ],
            [
              123.91089267200005,
              10.29817279800011
            ],
            [
              123.91111952100005,
              10.298585978
            ],
            [
              123.91111350400001,
              10.298587382000164
            ],
            [
              123.91113887900008,
              10.298636107
            ],
            [
              123.91089416700004,
              10.298767773000066
            ],
            [
              123.91026883400025,
              10.299104231
            ],
            [
              123.91018935100033,
              10.299148388000049
            ],
            [
              123.910095737,
              10.299192546000143
            ],
            [
              123.91001310700017,
              10.299349856000163
            ],
            [
              123.91001275400004,
              10.299359286000083
            ],
            [
              123.91000603900011,
              10.29953610400014
            ],
            [
              123.91002234500002,
              10.299831734000065
            ],
            [
              123.91007480400003,
              10.30004852900015
            ],
            [
              123.90999992000002,
              10.300056017999964
            ],
            [
              123.90957308300017,
              10.300145878000137
            ],
            [
              123.90940766800009,
              10.30017941400007
            ],
            [
              123.90926952400002,
              10.300187542
            ],
            [
              123.90898680700013,
              10.300207904000104
            ],
            [
              123.90890735200003,
              10.30021389899997
            ],
            [
              123.90874862800001,
              10.30021898200016
            ],
            [
              123.90851598900008,
              10.300257755000075
            ],
            [
              123.90836089500021,
              10.30028545000016
            ],
            [
              123.90823903600017,
              10.300313145000018
            ],
            [
              123.90813933400011,
              10.300318684000047
            ],
            [
              123.90793992800013,
              10.300340841000036
            ],
            [
              123.90769621000004,
              10.300362997000093
            ],
            [
              123.9073583280001,
              10.300401770000178
            ],
            [
              123.90701490800018,
              10.300440543000093
            ],
            [
              123.90698589700014,
              10.300443564999966
            ],
            [
              123.90655516700019,
              10.300473778000082
            ]
          ]
        ]
      }
    },
    {
      "type": "Feature",
      "properties": {
        "adm4_name": "Tisa",
        "adm4_name1": null,
        "adm4_name2": null,
        "adm4_name3": null,
        "adm4_pcode": "PH0702217085",
        "adm3_name": "Cebu City (Capital)",
        "adm3_name1": null,
        "adm3_name2": null,
        "adm3_name3": null,
        "adm3_pcode": "PH0702217",
        "adm2_name": "Cebu",
        "adm2_name1": null,
        "adm2_name2": null,
        "adm2_name3": null,
        "adm2_pcode": "PH07022",
        "adm1_name": "Region VII (Central Visayas)",
        "adm1_name1": null,
        "adm1_name2": null,
        "adm1_name3": null,
        "adm1_pcode": "PH07",
        "adm0_name": "Philippines",
        "adm0_name1": null,
        "adm0_name2": null,
        "adm0_name3": null,
        "adm0_pcode": "PH",
        "valid_on": "2025-02-13",
        "valid_to": null,
        "area_sqkm": 2.43605654,
        "version": "v03",
        "lang": "en",
        "lang1": null,
        "lang2": null,
        "lang3": null,
        "adm4_ref_name": "Tisa",
        "center_lat": 10.30705342,
        "center_lon": 123.86392859
      },
      "geometry": {
        "type": "Polygon",
        "coordinates": [
          [
            [
              123.86027343400008,
              10.313197292000154
            ],
            [
              123.85706700200012,
              10.316580302000148
            ],
            [
              123.85518575700019,
              10.314916752000158
            ],
            [
              123.85353184500013,
              10.313446608
            ],
            [
              123.85584067900004,
              10.309486770000092
            ],
            [
              123.85625757200012,
              10.308771764000085
            ],
            [
              123.85857905200021,
              10.306711124000117
            ],
            [
              123.86059946900014,
              10.30382039400007
            ],
            [
              123.86169894700015,
              10.302803190000077
            ],
            [
              123.86294726300002,
              10.301648285
            ],
            [
              123.86353203800002,
              10.299904027000082
            ],
            [
              123.86365961400008,
              10.299533209000174
            ],
            [
              123.863914356,
              10.298744966000015
            ],
            [
              123.86409605500023,
              10.298583456000188
            ],
            [
              123.86427775300001,
              10.298462324000127
            ],
            [
              123.86445945100013,
              10.29843540600018
            ],
            [
              123.86459404300001,
              10.298670941000069
            ],
            [
              123.86481611800002,
              10.29861037500018
            ],
            [
              123.86500498200019,
              10.298478620000026
            ],
            [
              123.86541086300008,
              10.29804705100014
            ],
            [
              123.86556499400001,
              10.297810716000185
            ],
            [
              123.86577050300002,
              10.297553829000151
            ],
            [
              123.8660867440002,
              10.297491237000145
            ],
            [
              123.86646098600022,
              10.297491237000145
            ],
            [
              123.86668609800006,
              10.297613480000052
            ],
            [
              123.86674876600023,
              10.297647489000099
            ],
            [
              123.86698755200007,
              10.297818694000114
            ],
            [
              123.86721282300005,
              10.297832210000024
            ],
            [
              123.86760479300005,
              10.297710564000056
            ],
            [
              123.86801028000002,
              10.29752584300013
            ],
            [
              123.86838873400006,
              10.297480789000133
            ],
            [
              123.86855993900008,
              10.297534854000105
            ],
            [
              123.86871762900012,
              10.297701554000014
            ],
            [
              123.8689023500001,
              10.297778146000155
            ],
            [
              123.8690330070001,
              10.297899792000123
            ],
            [
              123.869415967,
              10.298197147999986
            ],
            [
              123.8697833870001,
              10.298441595999975
            ],
            [
              123.86986205300002,
              10.298466223000162
            ],
            [
              123.8699926590001,
              10.29851252700007
            ],
            [
              123.8702539730001,
              10.298625162000064
            ],
            [
              123.870510781,
              10.298643184000127
            ],
            [
              123.87084868600004,
              10.298602635000066
            ],
            [
              123.8711370330002,
              10.29853505400007
            ],
            [
              123.87141186200006,
              10.298426924000182
            ],
            [
              123.87170020900021,
              10.29826923500002
            ],
            [
              123.8718804250002,
              10.29811154600003
            ],
            [
              123.87205456200013,
              10.297862205000115
            ],
            [
              123.8721567560001,
              10.297768147000113
            ],
            [
              123.8723670090003,
              10.297827705000088
            ],
            [
              123.87247063300003,
              10.297877265000125
            ],
            [
              123.87259678500016,
              10.29786825400015
            ],
            [
              123.87273781100009,
              10.297910902000126
            ],
            [
              123.87299903700023,
              10.29827612300005
            ],
            [
              123.87330084400003,
              10.29856573000012
            ],
            [
              123.87362126100004,
              10.298698934000129
            ],
            [
              123.87372313700007,
              10.2986747220001
            ],
            [
              123.87393038500034,
              10.298494505000178
            ],
            [
              123.87407906400017,
              10.298359343000186
            ],
            [
              123.87431785000001,
              10.298422419000076
            ],
            [
              123.8744509710001,
              10.298844048000092
            ],
            [
              123.87458476200004,
              10.298982114000125
            ],
            [
              123.87466916500023,
              10.299013736000063
            ],
            [
              123.87489003700034,
              10.29895856200011
            ],
            [
              123.87510181900007,
              10.298931544000027
            ],
            [
              123.8751494730003,
              10.298954464000133
            ],
            [
              123.87518245600029,
              10.2989703450001
            ],
            [
              123.87530453500017,
              10.299066692
            ],
            [
              123.87546222400022,
              10.299165811000137
            ],
            [
              123.87558387000013,
              10.299179327
            ],
            [
              123.87570551600004,
              10.299116252000033
            ],
            [
              123.87589023800001,
              10.29903515400008
            ],
            [
              123.87603891600008,
              10.298981089000108
            ],
            [
              123.87634528400008,
              10.298990100000083
            ],
            [
              123.87660659700009,
              10.298990100000083
            ],
            [
              123.87688142700006,
              10.299012627000081
            ],
            [
              123.87698955700012,
              10.299102735000076
            ],
            [
              123.87701658900005,
              10.299219876000052
            ],
            [
              123.87713373000008,
              10.29924240300005
            ],
            [
              123.87739504400008,
              10.299318995000021
            ],
            [
              123.87764734700022,
              10.299386576000188
            ],
            [
              123.87753471100018,
              10.299490200000037
            ],
            [
              123.87733647300013,
              10.299611846000175
            ],
            [
              123.87712021400023,
              10.299756019000142
            ],
            [
              123.87703461100011,
              10.299922720000154
            ],
            [
              123.87696595700015,
              10.30003219300005
            ],
            [
              123.87696703000017,
              10.300147990000141
            ],
            [
              123.87696252500007,
              10.300269636000053
            ],
            [
              123.87683637300006,
              10.300440841000125
            ],
            [
              123.8768634060001,
              10.300485896
            ],
            [
              123.87697153500005,
              10.300490401000104
            ],
            [
              123.87706164400004,
              10.30053095
            ],
            [
              123.8770391160001,
              10.300598531
            ],
            [
              123.87717878400008,
              10.300661606000176
            ],
            [
              123.87719680600003,
              10.300783252000087
            ],
            [
              123.8770841710002,
              10.300868854999976
            ],
            [
              123.87692648100005,
              10.300949953000156
            ],
            [
              123.87680483500014,
              10.301053577000175
            ],
            [
              123.87675978100015,
              10.301116653000065
            ],
            [
              123.87676428700001,
              10.301269836000074
            ],
            [
              123.87684087900016,
              10.301468074000127
            ],
            [
              123.87697604100015,
              10.301504118000082
            ],
            [
              123.87693549200003,
              10.301616753000076
            ],
            [
              123.8769129650002,
              10.301724883000134
            ],
            [
              123.8768634060001,
              10.301824002000046
            ],
            [
              123.87673274900021,
              10.301864550000062
            ],
            [
              123.87668769500021,
              10.301941141999976
            ],
            [
              123.87675978100015,
              10.302026745000035
            ],
            [
              123.87672373800012,
              10.302161907000027
            ],
            [
              123.87662461900015,
              10.302265532000035
            ],
            [
              123.87657219100004,
              10.302433944000086
            ],
            [
              123.8764924190001,
              10.30263164000013
            ],
            [
              123.8764161150001,
              10.302759968000089
            ],
            [
              123.87629819200004,
              10.30283627200015
            ],
            [
              123.87613171200019,
              10.302857082000116
            ],
            [
              123.87597216800009,
              10.302922980000062
            ],
            [
              123.87583343400001,
              10.303085992000035
            ],
            [
              123.87571204300014,
              10.303311434000022
            ],
            [
              123.87566238800002,
              10.303571386000044
            ],
            [
              123.8755663720001,
              10.303738040000155
            ],
            [
              123.87550741100006,
              10.303935735000096
            ],
            [
              123.87544844900003,
              10.304071
            ],
            [
              123.87553515700006,
              10.304164645000014
            ],
            [
              123.8755941190002,
              10.304348467000125
            ],
            [
              123.87557330900006,
              10.304511479000098
            ],
            [
              123.87535480400015,
              10.304913807
            ],
            [
              123.87521260200015,
              10.30505254000002
            ],
            [
              123.8750946780001,
              10.305198210000185
            ],
            [
              123.87509814700002,
              10.305440994000037
            ],
            [
              123.87509197400004,
              10.305691533000072
            ],
            [
              123.87509121000005,
              10.305732335000073
            ],
            [
              123.87516524700004,
              10.30585924800016
            ],
            [
              123.87520049300008,
              10.30591954
            ],
            [
              123.87521260300002,
              10.305940436000128
            ],
            [
              123.87528196900007,
              10.306193624000116
            ],
            [
              123.87541376500019,
              10.306436407000035
            ],
            [
              123.87558024600003,
              10.306665318000057
            ],
            [
              123.87560181900005,
              10.306792833000031
            ],
            [
              123.87563920800005,
              10.30694972100008
            ],
            [
              123.87563920800005,
              10.307161290000067
            ],
            [
              123.875625334,
              10.307251467000185
            ],
            [
              123.87551781600018,
              10.307619111
            ],
            [
              123.87524809700017,
              10.308079465000105
            ],
            [
              123.87495560700006,
              10.308127486000103
            ],
            [
              123.87463692400013,
              10.308044541000072
            ],
            [
              123.87448849600003,
              10.307996520000074
            ],
            [
              123.87429821100022,
              10.307878952000124
            ],
            [
              123.87390788200003,
              10.307887382000104
            ],
            [
              123.87370706800004,
              10.30785245800007
            ],
            [
              123.87353244800022,
              10.307804437000073
            ],
            [
              123.87343204100011,
              10.307778244000133
            ],
            [
              123.87333163400012,
              10.307708396000066
            ],
            [
              123.87319193700034,
              10.307686568
            ],
            [
              123.87304351000023,
              10.307586161000131
            ],
            [
              123.87303466800006,
              10.30745486100011
            ],
            [
              123.87290642800008,
              10.307376802000135
            ],
            [
              123.872978912,
              10.307148201000132
            ],
            [
              123.87275031000013,
              10.307125899000084
            ],
            [
              123.87257189000013,
              10.307103596000104
            ],
            [
              123.87241019700002,
              10.307003235000082
            ],
            [
              123.87222062500007,
              10.30685269200012
            ],
            [
              123.87206823400004,
              10.306715854000174
            ],
            [
              123.87194184300017,
              10.306674272000123
            ],
            [
              123.87175227200021,
              10.306546032000142
            ],
            [
              123.87149579200025,
              10.306473549000088
            ],
            [
              123.87133977600013,
              10.306500615000061
            ],
            [
              123.8713037330001,
              10.306595228000162
            ],
            [
              123.87130823800021,
              10.306707863000156
            ],
            [
              123.8712226350001,
              10.306730390000155
            ],
            [
              123.87105593500019,
              10.306676326000115
            ],
            [
              123.8707856110002,
              10.306608744000187
            ],
            [
              123.87077270200007,
              10.306557412000018
            ],
            [
              123.87071803000003,
              10.306347431000177
            ],
            [
              123.87044112900014,
              10.306469886000059
            ],
            [
              123.8701548480002,
              10.30661853200013
            ],
            [
              123.86967561700021,
              10.306918949000021
            ],
            [
              123.86965766300011,
              10.307122434000064
            ],
            [
              123.8696097840002,
              10.307236146000037
            ],
            [
              123.8696097840002,
              10.307391753000047
            ],
            [
              123.869723496,
              10.307439632000182
            ],
            [
              123.86973546600007,
              10.307631147000166
            ],
            [
              123.86979290500017,
              10.307813161000126
            ],
            [
              123.86990017200003,
              10.307894696000176
            ],
            [
              123.86986736900008,
              10.308072866000032
            ],
            [
              123.86982829800013,
              10.308284158999982
            ],
            [
              123.86982614700003,
              10.308696031000125
            ],
            [
              123.8698503720002,
              10.308981361000122
            ],
            [
              123.86920011800021,
              10.309166024000035
            ],
            [
              123.86905757200009,
              10.309389390000035
            ],
            [
              123.86890955400031,
              10.309558655000103
            ],
            [
              123.86841589100004,
              10.309395778000066
            ],
            [
              123.86770726500004,
              10.309122153000033
            ],
            [
              123.86766104700018,
              10.309266893000142
            ],
            [
              123.8676257410001,
              10.309547272000145
            ],
            [
              123.86711663400013,
              10.309373436000158
            ],
            [
              123.86710233800022,
              10.309368394000103
            ],
            [
              123.8670324110002,
              10.30944227599997
            ],
            [
              123.86696978000009,
              10.309526985000161
            ],
            [
              123.86690379600009,
              10.309663395000086
            ],
            [
              123.86672953400011,
              10.310234054000148
            ],
            [
              123.86533542200004,
              10.310256581000147
            ],
            [
              123.86373026000024,
              10.310282563000158
            ],
            [
              123.8629304530001,
              10.310295509000127
            ],
            [
              123.86238678100005,
              10.31030422200007
            ],
            [
              123.8618659010001,
              10.311271761000114
            ],
            [
              123.86027343400008,
              10.313197292000154
            ]
          ]
        ]
      }
    },
    {
      "type": "Feature",
      "properties": {
        "adm4_name": "To-ong Pardo",
        "adm4_name1": null,
        "adm4_name2": null,
        "adm4_name3": null,
        "adm4_pcode": "PH0702217086",
        "adm3_name": "Cebu City (Capital)",
        "adm3_name1": null,
        "adm3_name2": null,
        "adm3_name3": null,
        "adm3_pcode": "PH0702217",
        "adm2_name": "Cebu",
        "adm2_name1": null,
        "adm2_name2": null,
        "adm2_name3": null,
        "adm2_pcode": "PH07022",
        "adm1_name": "Region VII (Central Visayas)",
        "adm1_name1": null,
        "adm1_name2": null,
        "adm1_name3": null,
        "adm1_pcode": "PH07",
        "adm0_name": "Philippines",
        "adm0_name1": null,
        "adm0_name2": null,
        "adm0_name3": null,
        "adm0_pcode": "PH",
        "valid_on": "2025-02-13",
        "valid_to": null,
        "area_sqkm": 6.81461549,
        "version": "v03",
        "lang": "en",
        "lang1": null,
        "lang2": null,
        "lang3": null,
        "adm4_ref_name": "To-ong Pardo",
        "center_lat": 10.31705594,
        "center_lon": 123.83081016
      },
      "geometry": {
        "type": "Polygon",
        "coordinates": [
          [
            [
              123.83188517300016,
              10.330806240000186
            ],
            [
              123.82101013000033,
              10.332486343000028
            ],
            [
              123.81857057000013,
              10.330113312000037
            ],
            [
              123.81647217500029,
              10.328072054000074
            ],
            [
              123.81680791600013,
              10.327814833
            ],
            [
              123.81739440800015,
              10.327365504000056
            ],
            [
              123.81828689300016,
              10.326562268000032
            ],
            [
              123.81894881900007,
              10.325885467999967
            ],
            [
              123.81981899100015,
              10.325171480000051
            ],
            [
              123.82031729500011,
              10.324516992000099
            ],
            [
              123.82041398000001,
              10.324182310000083
            ],
            [
              123.82039910600008,
              10.323855066000021
            ],
            [
              123.8202131710002,
              10.323579883000093
            ],
            [
              123.82027267000024,
              10.323438573000146
            ],
            [
              123.82050322900022,
              10.323349325000038
            ],
            [
              123.8206371020002,
              10.323304700000165
            ],
            [
              123.82068916300011,
              10.323126204000118
            ],
            [
              123.82060735200002,
              10.322888208000165
            ],
            [
              123.82049579200009,
              10.32270227400005
            ],
            [
              123.82030242000008,
              10.322412216000032
            ],
            [
              123.82027267000024,
              10.322114721
            ],
            [
              123.82038423100016,
              10.321854413000153
            ],
            [
              123.82065941400026,
              10.321460233000039
            ],
            [
              123.82080816100006,
              10.321244549000141
            ],
            [
              123.82091228400009,
              10.320954492
            ],
            [
              123.82094947100006,
              10.32067930900007
            ],
            [
              123.82103128200015,
              10.320448751000185
            ],
            [
              123.8210610320001,
              10.320054569999968
            ],
            [
              123.8201933040001,
              10.313845350000122
            ],
            [
              123.82330103700008,
              10.305257483000048
            ],
            [
              123.82529932200009,
              10.298974650000048
            ],
            [
              123.82668750100015,
              10.299459775000116
            ],
            [
              123.82837709900014,
              10.300097804000075
            ],
            [
              123.82982483100022,
              10.300608306000015
            ],
            [
              123.83023378000007,
              10.300758587000132
            ],
            [
              123.83150641300006,
              10.301222730000063
            ],
            [
              123.83315565700013,
              10.301804816000072
            ],
            [
              123.83410884900013,
              10.302159211000173
            ],
            [
              123.83473497500006,
              10.302377395000121
            ],
            [
              123.83575491500005,
              10.30284334800001
            ],
            [
              123.8364150760001,
              10.303127824000114
            ],
            [
              123.83664069400004,
              10.303238153000109
            ],
            [
              123.83866974700004,
              10.304230652000058
            ],
            [
              123.84014531200012,
              10.305605777999972
            ],
            [
              123.84141057800002,
              10.30631556100019
            ],
            [
              123.84256370300011,
              10.30689102800011
            ],
            [
              123.84253135400002,
              10.307408174000102
            ],
            [
              123.84250976500016,
              10.307603814000117
            ],
            [
              123.84167173000014,
              10.315267423000137
            ],
            [
              123.84028496200017,
              10.318844452000064
            ],
            [
              123.83850687000029,
              10.323420405000036
            ],
            [
              123.83803207000005,
              10.324643321000167
            ],
            [
              123.83726479600023,
              10.325860230000046
            ],
            [
              123.83718767700009,
              10.32598008399998
            ],
            [
              123.83439658700013,
              10.33040948700011
            ],
            [
              123.83244501800004,
              10.33071576400016
            ],
            [
              123.83188517300016,
              10.330806240000186
            ]
          ]
        ]
      }
    },
    {
      "type": "Feature",
      "properties": {
        "adm4_name": "Zapatera",
        "adm4_name1": null,
        "adm4_name2": null,
        "adm4_name3": null,
        "adm4_pcode": "PH0702217087",
        "adm3_name": "Cebu City (Capital)",
        "adm3_name1": null,
        "adm3_name2": null,
        "adm3_name3": null,
        "adm3_pcode": "PH0702217",
        "adm2_name": "Cebu",
        "adm2_name1": null,
        "adm2_name2": null,
        "adm2_name3": null,
        "adm2_pcode": "PH07022",
        "adm1_name": "Region VII (Central Visayas)",
        "adm1_name1": null,
        "adm1_name2": null,
        "adm1_name3": null,
        "adm1_pcode": "PH07",
        "adm0_name": "Philippines",
        "adm0_name1": null,
        "adm0_name2": null,
        "adm0_name3": null,
        "adm0_pcode": "PH",
        "valid_on": "2025-02-13",
        "valid_to": null,
        "area_sqkm": 0.33561558,
        "version": "v03",
        "lang": "en",
        "lang1": null,
        "lang2": null,
        "lang3": null,
        "adm4_ref_name": "Zapatera",
        "center_lat": 10.30682056,
        "center_lon": 123.90115602
      },
      "geometry": {
        "type": "Polygon",
        "coordinates": [
          [
            [
              123.90053042100033,
              10.31152593700017
            ],
            [
              123.90019942600009,
              10.311538668000082
            ],
            [
              123.89985478700021,
              10.311523585000145
            ],
            [
              123.89982569200004,
              10.310973609000143
            ],
            [
              123.89974688100017,
              10.31068792000002
            ],
            [
              123.8996665960002,
              10.310276330000079
            ],
            [
              123.89957940800025,
              10.30983085300005
            ],
            [
              123.89960735600005,
              10.309551369000019
            ],
            [
              123.89972717800003,
              10.308353152000109
            ],
            [
              123.89972766100004,
              10.307806833000086
            ],
            [
              123.89972385600015,
              10.307361001000174
            ],
            [
              123.89972717800003,
              10.307180841
            ],
            [
              123.89973702900011,
              10.306648869000071
            ],
            [
              123.89975292200006,
              10.306548841000108
            ],
            [
              123.89990450200014,
              10.305594775000031
            ],
            [
              123.89991435400009,
              10.305171166999969
            ],
            [
              123.90007650600035,
              10.304156479000085
            ],
            [
              123.90009005400009,
              10.304000982000048
            ],
            [
              123.9001178230003,
              10.303668740000091
            ],
            [
              123.90014009000015,
              10.303402329
            ],
            [
              123.90183589800006,
              10.303749033000088
            ],
            [
              123.90186612100001,
              10.30339731600003
            ],
            [
              123.90188921100014,
              10.302974046000031
            ],
            [
              123.90190690900022,
              10.302888580000058
            ],
            [
              123.90198911800019,
              10.302516249000064
            ],
            [
              123.90210313700004,
              10.302258487000074
            ],
            [
              123.90226060100031,
              10.302046596000025
            ],
            [
              123.90249890200005,
              10.30234307100011
            ],
            [
              123.90257583200003,
              10.302439742000047
            ],
            [
              123.90284333900001,
              10.302870709000103
            ],
            [
              123.90321487000017,
              10.30346930200011
            ],
            [
              123.90351364300011,
              10.303939945000081
            ],
            [
              123.90356533700026,
              10.304007147000164
            ],
            [
              123.90345397300007,
              10.304126065000048
            ],
            [
              123.90328920700017,
              10.304197463000094
            ],
            [
              123.90310247300033,
              10.304230416000053
            ],
            [
              123.90295418400024,
              10.30428533800017
            ],
            [
              123.90284983300023,
              10.304329275000157
            ],
            [
              123.9027290050002,
              10.304444611000122
            ],
            [
              123.90269605100013,
              10.304532485999971
            ],
            [
              123.9027290050002,
              10.304598392000116
            ],
            [
              123.90280589500014,
              10.304614869000147
            ],
            [
              123.90297615300005,
              10.304581916000188
            ],
            [
              123.90314091800008,
              10.304581916000188
            ],
            [
              123.90325076200008,
              10.304609377000077
            ],
            [
              123.90326723900012,
              10.304680775000122
            ],
            [
              123.90327273100002,
              10.304774142000099
            ],
            [
              123.90328920700017,
              10.304873002000079
            ],
            [
              123.90328920700017,
              10.30503227500003
            ],
            [
              123.90323977800006,
              10.305169580000154
            ],
            [
              123.90317387100004,
              10.305251962
            ],
            [
              123.90307501200016,
              10.305400251000094
            ],
            [
              123.90301459800025,
              10.305471650000072
            ],
            [
              123.90296516800004,
              10.305592478000108
            ],
            [
              123.90292123100005,
              10.305707814000073
            ],
            [
              123.90282786400007,
              10.305779212000118
            ],
            [
              123.9027290050002,
              10.305861595000124
            ],
            [
              123.90256973100031,
              10.305894548000083
            ],
            [
              123.90249284100003,
              10.30598791500006
            ],
            [
              123.90251480900008,
              10.306207602000029
            ],
            [
              123.9025752230001,
              10.306300969000063
            ],
            [
              123.90261916100019,
              10.306394337000143
            ],
            [
              123.90262465300009,
              10.306542625000134
            ],
            [
              123.90261916100019,
              10.306718375000116
            ],
            [
              123.90256018200012,
              10.306784956
            ],
            [
              123.9025961960001,
              10.306856167000149
            ],
            [
              123.90310199200007,
              10.307961384
            ],
            [
              123.90321614200002,
              10.308312757000067
            ],
            [
              123.90380392800023,
              10.310181512000042
            ],
            [
              123.90396130400006,
              10.310672991000104
            ],
            [
              123.90354800700004,
              10.31082553400006
            ],
            [
              123.90305743500016,
              10.311035811000124
            ],
            [
              123.90254865900022,
              10.311201085000107
            ],
            [
              123.90190532000031,
              10.31137953600006
            ],
            [
              123.90097599,
              10.311506842000085
            ],
            [
              123.90073085400013,
              10.311521630000072
            ],
            [
              123.90065489100016,
              10.311527144000024
            ],
            [
              123.90061084600018,
              10.31152423900005
            ],
            [
              123.90053042100033,
              10.31152593700017
            ]
          ]
        ]
      }
    },
    {
      "type": "Feature",
      "properties": {
        "adm4_name": "Sudlon II",
        "adm4_name1": null,
        "adm4_name2": null,
        "adm4_name3": null,
        "adm4_pcode": "PH0702217088",
        "adm3_name": "Cebu City (Capital)",
        "adm3_name1": null,
        "adm3_name2": null,
        "adm3_name3": null,
        "adm3_pcode": "PH0702217",
        "adm2_name": "Cebu",
        "adm2_name1": null,
        "adm2_name2": null,
        "adm2_name3": null,
        "adm2_pcode": "PH07022",
        "adm1_name": "Region VII (Central Visayas)",
        "adm1_name1": null,
        "adm1_name2": null,
        "adm1_name3": null,
        "adm1_pcode": "PH07",
        "adm0_name": "Philippines",
        "adm0_name1": null,
        "adm0_name2": null,
        "adm0_name3": null,
        "adm0_pcode": "PH",
        "valid_on": "2025-02-13",
        "valid_to": null,
        "area_sqkm": 16.11648742,
        "version": "v03",
        "lang": "en",
        "lang1": null,
        "lang2": null,
        "lang3": null,
        "adm4_ref_name": "Sudlon II",
        "center_lat": 10.38755999,
        "center_lon": 123.79012376
      },
      "geometry": {
        "type": "Polygon",
        "coordinates": [
          [
            [
              123.80487307600004,
              10.407059050999976
            ],
            [
              123.78505352200011,
              10.407699230000105
            ],
            [
              123.77235411700019,
              10.38995050200009
            ],
            [
              123.76970678800012,
              10.38625058700012
            ],
            [
              123.77007639200008,
              10.373240708000083
            ],
            [
              123.78639896500022,
              10.369272321000096
            ],
            [
              123.80339788800006,
              10.365129705000129
            ],
            [
              123.80672279800001,
              10.36871738300016
            ],
            [
              123.81140121500016,
              10.373780238000109
            ],
            [
              123.80727964900018,
              10.377579569000147
            ],
            [
              123.80710187100021,
              10.377757227000131
            ],
            [
              123.80701728600002,
              10.37784175500019
            ],
            [
              123.8067698750001,
              10.378081008000152
            ],
            [
              123.80650853400005,
              10.378277102000027
            ],
            [
              123.80615635800007,
              10.378497183000036
            ],
            [
              123.81010194300006,
              10.388869390000025
            ],
            [
              123.81155741300006,
              10.39266316700008
            ],
            [
              123.80487307600004,
              10.407059050999976
            ]
          ]
        ]
      }
    }
  ]
}